Refid,level1_user,Q1.1,Q1.2,Q1.3,management_domain,empirical_ulmc,not_pls,level1_include,text_extraction,author_fit_claims,ulmc_improves_fit,method_variance_pct,author_conclusion,ulmc_in_final,final_include,source,extraction_date
1,chriscastille6,Yes,No,NA,TRUE,FALSE,NA,FALSE,NA,NA,NA,NA,NA,NA,FALSE,legacy_distillersr,2022-2023
2,chriscastille6,Yes,Yes,No,TRUE,TRUE,TRUE,TRUE,"To quantify the amount of CMV that exists in the sub- stantive indicators, we calculated the average variance accounted for in the indicators by each of the method variables by squaring the standardized MFLs from our retained model in this example, the Method CCMIUU Model (see Table 5) and computing means. The ULMC accounted for an average of 17.2 % of the variance in the substantive indicators, the Measured Cause Variable accounted for an average of 0 % of the variance in the substantive indicators, and the Marker Variable accounted for an average of 10.5 % of the variance in the substantive indicators overall.",The inclusi&oacute;n of a ULMC did improve the fit of the model,Yes,17.2,The authors do not provide a conclusion regarding the role of common method bias,NA,TRUE,legacy_distillersr,2022-2023
3,chriscastille6,Yes,Yes,Yes,TRUE,TRUE,FALSE,FALSE,NA,NA,NA,NA,NA,NA,FALSE,legacy_distillersr,2022-2023
4,chriscastille6,Yes,Yes,No,TRUE,TRUE,TRUE,TRUE,"Given that the measurement of creative role expectations, cre- ative self-expectations, perceived necessity of performance improvement, and creative cognitive style was provided by one single informant (i.e., employees), common method var- iance (CMV) may exist and potentially bias observed relation- ships among study variables (Podsakoff, MacKenzie, Lee, & Podsakoff, 2003). To test for CMV and its potential biasing effects, we conducted confirmatory factor analyses (CFAs) using the unmeasured latent method factor approach (Williams & McGonagle, 2016). Following the recommended comprehensive analysis strategy, we first evaluated the mea- surement model to check the convergent and discriminant validity of our main study variables. The results showed that our intended six-factor structure achieved quite good fit with the data (χ2[174] = 276.90, CFI = 0.98, TLI = 0.97, RMSEA = 0.04, SRMR = 0.04) and provided a significantly better fit than a series of alternative models in which the indi- cators of two or more variables were combined (p < 0.001 for all tests). We then added an orthogonal latent method variable to the basic measurement model to test for presence and equal- ity of method effects. The unmeasured latent method factor accounted for an average of 4.98% of the variance in the substantive indicators. Although we found evidence of a very small amount of CMV unequally distributed across substan- tive indicators, it did not affect key factor correlations that are associated with the core part of the research model and its proposed relationships. These findings indicate that CMV should have little to no effects on our hypotheses testing.",The authors did not make a clear claim regarding the relative fit of the model as it pertains to the ULMC,Yes,4.98,Common method bias does not pose a significant threat to the study conclusions,NA,TRUE,legacy_distillersr,2022-2023
5,chriscastille6,Yes,Yes,No,TRUE,TRUE,TRUE,TRUE,"To address potential concerns of common method variance, we conducted several post- hoc tests. Utilizing Harman’s one-factor test with all self-report data, we found that one factor did not explain the majority of the variance in this study. As a more robust test and in line with past research (Conger, Kanungo, & Menon, 2000), we also created unmeasured latent method factors in structural equation modeling, connecting all self-report study items to this latent factor and constraining all the paths from this latent factor to be equal. By squaring the resulting regression coefficients from this latent factor, we observed that only 2% of the variance across these items was due to an unmeasured common factor. Furthermore, the association between the study variables was still highly significant (p < .001) when the unmeasured latent method factor was included in the model. Thus, it appears unlikely that our findings are explained by common method variance.",The authors did not make a clear claim regarding the relative fit of the model as it pertains to the ULMC,Yes,2,Common method bias does not pose a significant threat to the study conclusions,NA,TRUE,legacy_distillersr,2022-2023
6,chriscastille6,Yes,Yes,NA,TRUE,TRUE,NA,NA,"The unmeasured latent method construct technique (Podsakoff, MacKenzie, & Podsakoff, [61]; Williams & McGonagle, [89]) was used to control for the potential effect of methodological biases (such as the consistency motive and acquiescence). Hence, an unmeasured latent method factor was added to the measurement model, and all the observed variables were allowed to load on their respective theoretical constructs and on the method factor. The method‐factor loadings were constrained to be equal, for identification purposes. The fit of the model with the method factor was not significantly better than the fit of the original measurement model (Δχ 2 [5 df] = 10.046; p > 0.05). The observed variables also loaded on their corresponding latent factors. Finally, as Fuller, Simmering, Atinc, Atinc, and Babin ([24]) state, common method variance can exist at relatively high levels (70% or more) in typical survey‐based business research before common method bias is likely to alter the conclusions. Common method bias is thus unlikely to threaten the validity of the findings.",The inclusion of a ULMC did not improve the fit of the model (no change in model fit),No,NA,Common method bias does not pose a significant threat to the study conclusions,NA,NA,legacy_distillersr,2022-2023
7,chriscastille6,No,Yes,NA,FALSE,TRUE,NA,FALSE,NA,NA,NA,NA,NA,NA,FALSE,legacy_distillersr,2022-2023
8,chriscastille6,No,Yes,NA,FALSE,TRUE,NA,FALSE,NA,NA,NA,NA,NA,NA,FALSE,legacy_distillersr,2022-2023
9,chriscastille6,No,Yes,NA,FALSE,TRUE,NA,FALSE,NA,NA,NA,NA,NA,NA,FALSE,legacy_distillersr,2022-2023
10,chriscastille6,Yes,Yes,Yes,TRUE,TRUE,FALSE,FALSE,NA,NA,NA,NA,NA,NA,FALSE,legacy_distillersr,2022-2023
11,chriscastille6,Yes,No,NA,TRUE,FALSE,NA,FALSE,NA,NA,NA,NA,NA,NA,FALSE,legacy_distillersr,2022-2023
12,chriscastille6,Yes,No,NA,TRUE,FALSE,NA,FALSE,NA,NA,NA,NA,NA,NA,FALSE,legacy_distillersr,2022-2023
13,chriscastille6,Yes,No,NA,TRUE,FALSE,NA,FALSE,NA,NA,NA,NA,NA,NA,FALSE,legacy_distillersr,2022-2023
14,chriscastille6,No,Yes,NA,FALSE,TRUE,NA,FALSE,NA,NA,NA,NA,NA,NA,FALSE,legacy_distillersr,2022-2023
15,chriscastille6,No,Yes,NA,FALSE,TRUE,NA,FALSE,NA,NA,NA,NA,NA,NA,FALSE,legacy_distillersr,2022-2023
16,chriscastille6,Yes,Yes,No,TRUE,TRUE,TRUE,TRUE,"Because Harman's single factor test has been criticized by some for being an inferior, “insensitive test” (Podsakoff, MacKenzie, Lee, & Podsakoff, 2003, p. 889), we decided to implement a second, more advanced approach to test for potential common method bias that evaluates the effects of an unmeasured latent method con- struct (ULMC; Podsakoff et al., 2003; Williams & McGonagle, 2016). Specifically, we compared the results of two models using structural equation modeling in Mplus Version 8. Model 1 included all theorized latent variables identi- fied by their respective self-reported items. Model 2 was identical to Model 1 with the sole addition of an uncorre- lated latent variable, which we named “CMV,” that was identified by all study items. We compared Model 1 and Model 2 and found that the factor loadings of the items on their respective constructs in Model 1 were all signifi- cant (p < .01), and the significance of the items on their respective constructs remained entirely unchanged by the addition of the CMV latent variable in Model 2. The average change in standardized factor loadings of items on the respective constructs between Model 1 and Model 2 was minimal (average Δβ = .20). Furthermore, the variance explained by CMV in Model 2, calculated as the average squared standardized item factor loadings, was 28%, which again falls below the 50% threshold. Thus, our results indicate there is insufficient evidence to assert a single latent factor (CMV) significantly modified the relationships among the study variables.",The authors did not make a clear claim regarding the relative fit of the model as it pertains to the ULMC,Yes,28,Common method bias does not pose a significant threat to the study conclusions,NA,TRUE,legacy_distillersr,2022-2023
17,chriscastille6,Yes,Yes,No,TRUE,TRUE,TRUE,TRUE,"As identified by Podsakoff et al. (2003), common method variance may be a concern in studies that rely on self-report survey data. To address this, preventive measures were taken, such as providing response anonymity and using methods found to be valid and reliable by previous research. We also conducted CFAs to test for common method biases. The CFA that included an additional unmeasured latent method construct factor, on which all items loaded, did not have a better model fit (CFI = .97; TLI = .96; RMSEA = .06) than our four-factor full model (ΔCFI = −.01, ΔCFI < .01). As argued by Pod- sakoff et al. (2003), these analyses indicate common method variance is not a significant issue for our data.",The inclusion of a ULMC did not improve the fit of the model (no change in model fit),No,NA,Common method bias does not pose a significant threat to the study conclusions,NA,TRUE,legacy_distillersr,2022-2023
18,chriscastille6,No,Yes,Yes,FALSE,TRUE,FALSE,FALSE,NA,NA,NA,NA,NA,NA,FALSE,legacy_distillersr,2022-2023
19,chriscastille6,Yes,Yes,No,TRUE,TRUE,TRUE,TRUE,"We need to address common method bias (CMB) as our study was based on self- reported data obtained from the same source (Podsakoff et al. 2003). In this study we focus on perceived performance and not on objective performance, which is common in the field of third sector organizations and in the general literature on network performance (e.g. Klijn, Edelenbos, and Steijn 2010; Liu, Takeda, and Ko 2014), making self-reports a relevant measurement method (cf. Conway and Lance 2010). Moreover, assessing objective performance in large N research is difficult or even impossible to achieve. In addition, other data sources that measure performance of CBIs (such as archival data) are unavailable, which makes the use of the survey as single method plausible (cf. George and Pandey 2017). Next, for most variables (including performance) we used multiple items in our measurement, and the scale reliability of all relevant constructs are well above general thresholds. Both reduce the likelihood of CMB (cf. George and Pandey 2017). We used ex-ante procedural remedies for reducing the likelihood of CMB in the survey design and ex-post statistical controls for testing CMB. Procedurally, we reduced the risk of CMB by allowing the respondents’ answers to be anonymous (Podsakoff et al. 2003, 888) and we separated between measures in the survey. In addition, we carefully constructed the items, by pretesting the survey among researchers and practitioners. This helps in reducing item ambiguity (Podsakoff et al. 2003). Statistically, we conducted the Harman one-factor test in SPSS and the unmea- sured latent method construct in AMOS to assess whether the majority of the variance could be explained by a single factor (Podsakoff et al. 2003). Results confirmed that CMB is not a major concern in this study.",The authors did not make a clear claim regarding the relative fit of the model as it pertains to the ULMC,No,NA,Common method bias does not pose a significant threat to the study conclusions,NA,TRUE,legacy_distillersr,2022-2023
20,chriscastille6,Yes,Yes,No,TRUE,TRUE,TRUE,TRUE,"To test for common method variance (CMV), we used a CFA-based version of Harman’s single-factor test (see, e.g., Malhotra et al., 2006). In AMOS, we specified a single method factor, such that it might cause all 14 indicators. The items loaded significantly on the single factor, suggesting that CMV might be source of variance in the observed items. That is, all 14 variables loaded on their theoretical constructs but also on the single latent common method factor (Podsakoff et al., 2003). Therefore, we added a separate marker variable, determined ex post to have no signi- fication correlation with the other items, to the measurement model (Lindell and Whitney, 2001). Next, we per- formed an unmeasured latent method construct analysis (Richardson et al., 2009; Williams et al., 1989) to check for the presence of trait and method factors. We observed both trait and method variance; however, a chi-square dif- ference test conducted on the trait-only and trait/methods (with methods held equal) models was invariant (Δχ2 = 0.00, p = 1.00). The equal loadings model also indicated that the common method bias would be equivalent to about 0.004, which is acceptable. Common method effects (and effects of missing variables) also may be mani- fest in the correlation of the error terms of the dependent variables in the structural model, but our analysis suggests minimal such bias.",The inclusion of a ULMC did not improve the fit of the model (no change in model fit),No,NA,Common method bias does not pose a significant threat to the study conclusions,NA,TRUE,legacy_distillersr,2022-2023
21,chriscastille6,Yes,Yes,Yes,TRUE,TRUE,FALSE,FALSE,NA,NA,NA,NA,NA,NA,FALSE,legacy_distillersr,2022-2023
22,chriscastille6,No,Yes,NA,FALSE,TRUE,NA,FALSE,NA,NA,NA,NA,NA,NA,FALSE,legacy_distillersr,2022-2023
23,chriscastille6,Yes,Yes,Yes,TRUE,TRUE,FALSE,FALSE,NA,NA,NA,NA,NA,NA,FALSE,legacy_distillersr,2022-2023
24,chriscastille6,No,Yes,NA,FALSE,TRUE,NA,FALSE,NA,NA,NA,NA,NA,NA,FALSE,legacy_distillersr,2022-2023
25,chriscastille6,Yes,Yes,Yes,TRUE,TRUE,FALSE,FALSE,NA,NA,NA,NA,NA,NA,FALSE,legacy_distillersr,2022-2023
26,chriscastille6,Yes,Yes,No,TRUE,TRUE,TRUE,TRUE,"Our study has theoretical and empirical limitations that offer several meaningful opportunities for future research. First, as with all self-reported data, our research is exposed to a possible common method bias, as in our Study 2, which uses data sharing intentions as a dependent variable. We sought to reduce this threat ex ante by implementing procedural remedies recommended by Podsakoff et al. (2003), including guaranteeing the anonymity of survey participants, providing contextual information and definitions to reduce ambiguity, and informing participants that there were no right or wrong answers. Moreover, results from Harman’s single-factor test, the unmeasured latent method construct approach (Liang et al. 2007), and the specific bias test (Serrano Archimi et al. 2018) jointly suggested that common method bias was unlikely to affect the results of Study 2. Future research could go a step further and measure data sharing intentions at a later point in time using a different instrument.",The authors did not make a clear claim regarding the relative fit of the model as it pertains to the ULMC,No,NA,Common method bias does not pose a significant threat to the study conclusions,NA,TRUE,legacy_distillersr,2022-2023
27,chriscastille6,No,NA,NA,FALSE,NA,NA,FALSE,NA,NA,NA,NA,NA,NA,FALSE,legacy_distillersr,2022-2023
28,chriscastille6,No,NA,NA,FALSE,NA,NA,FALSE,NA,NA,NA,NA,NA,NA,FALSE,legacy_distillersr,2022-2023
29,chriscastille6,Yes,Yes,No,TRUE,TRUE,TRUE,TRUE,"The existence of bias due to common method variance (CMV) in mediation study designs can be a fatal flaw, as they are causal in nature. This study has a cross-sectional design, and the data were collected through self-report question- naires, thus increasing the risk that common method variance (CMV) may be present. To prevent these biases, we origi- nally used proactive measures and then ex-post statistical techniques (Podsakoff et al. 2003) to gauge the extent to which our results would be affected by CMV (see also, Conway and Lance 2010). In the proactive case, our sur- veyors guaranteed respondents’ confidentiality and anon- ymity in order to reduce social desirability bias. In addition, the researchers separated the items on perceived ethical leadership from those on employees’ self-reported peer-fo- cused OCBs, and these two scales’ items appeared on dif- ferent pages of the questionnaire. This yielded an effect of psychological separation in the respondents (Podsakoff et al. 2003). In the ex-post statistical technique, the possibility of common method bias due to CMV was tested using Har- man’s one-factor test (Podsakoff and Organ 1986). As such, we used exploratory factor analysis (EFA) for item reduc- tion, but fixing only one factor to extract and with no rotation. The principal component factor analysis conducted on the items of ethical leadership and peer-focused OCBs, and the factors of compassionate feeling, yielded one unique factor that explains 27.928% of the variance (rule of thumb estab- lishes that only a factor explaining more than 50% suggests significant CMV). In addition, we tested Harman’s one- factor test (Podsakoff and Organ 1986) by using SEM. By conducting unmeasured latent method construct, we con- trolled for the effects of a specified unmeasured latent CMV factor where all the manifest indicators loaded. All the regression weights were constrained to be equal. A com- parison of this restricted CFA factor model (v2 = 1304.937, df = 339, p\.001; GFI = .834, CFI = .834; IFI = .836; TLI = .815; NFI = .790; RMSEA = .067) with the unre- stricted CFA model calculated earlier (v2 = 1307.366, p\.001, df = 340, GFI = .769, CFI = .834, IFI = .835, TLI = .816, NFI = .790, RMSEA = .098) indicates that the change in fit statistics (Dv2d ð1Þ = 2.429, p [ .1) was nonsignificant. As the two models did not differ significantly, there is no evidence that CMV causes significant bias. However, each of the regression weights was .23, which squared is .529, that is, a tolerable 5% of common variance as an approximate estimate. All of these patterns suggest that common variance due to CMV undoubtedly exists, but it was not a major problem for the data (Podsakoff et al. 2003).",The inclusion of a ULMC did not improve the fit of the model (no change in model fit),Yes,5,Common method bias does not pose a significant threat to the study conclusions,NA,TRUE,legacy_distillersr,2022-2023
30,chriscastille6,No,NA,NA,FALSE,NA,NA,FALSE,NA,NA,NA,NA,NA,NA,FALSE,legacy_distillersr,2022-2023
31,chriscastille6,No,NA,NA,FALSE,NA,NA,FALSE,NA,NA,NA,NA,NA,NA,FALSE,legacy_distillersr,2022-2023
32,chriscastille6,No,NA,NA,FALSE,NA,NA,FALSE,NA,NA,NA,NA,NA,NA,FALSE,legacy_distillersr,2022-2023
33,chriscastille6,No,NA,NA,FALSE,NA,NA,FALSE,NA,NA,NA,NA,NA,NA,FALSE,legacy_distillersr,2022-2023
34,chriscastille6,No,NA,NA,FALSE,NA,NA,FALSE,NA,NA,NA,NA,NA,NA,FALSE,legacy_distillersr,2022-2023
35,chriscastille6,No,NA,NA,FALSE,NA,NA,FALSE,NA,NA,NA,NA,NA,NA,FALSE,legacy_distillersr,2022-2023
36,chriscastille6,No,NA,NA,FALSE,NA,NA,FALSE,NA,NA,NA,NA,NA,NA,FALSE,legacy_distillersr,2022-2023
37,chriscastille6,Yes,Yes,No,TRUE,TRUE,TRUE,TRUE,"Finally, using the unmeasured latent method construct (ULMC) approach (Chin, Thatcher, & Wright, 2012; Richardson et al., 2009; L. J. Williams, Cote, & Buckley, 1989), we added a latent construct with no unique observed indicators, but with paths to all the measurement items for the research constructs.5 The ULMC construct, which only captures the method variance, explained only 2% of the variance in the measurement items. Thus, the tests consistently do not find com- mon method bias to be a significant issue in the data used for the study.",The authors did not make a clear claim regarding the relative fit of the model as it pertains to the ULMC,Yes,2,Common method bias does not pose a significant threat to the study conclusions,NA,TRUE,legacy_distillersr,2022-2023
38,chriscastille6,No,NA,NA,FALSE,NA,NA,FALSE,NA,NA,NA,NA,NA,NA,FALSE,legacy_distillersr,2022-2023
39,chriscastille6,Yes,Yes,No,TRUE,TRUE,TRUE,TRUE,"Although we collected data at different time points, all variables were employee reported (except for demographic information). Thus, we applied the unmeasured latent method construct (ULMC) technique to detect whether common method variance (CMV) contaminated our findings (Melamed, Benavi, Luz, & Green, 1995). The results showed that the method factor accounted for 7.90% of the total vari- ance, which was considerably lower than the median amount of method variance (25%) reported in studies of self-reported perceptions at work (Richardson, Simmering, & Sturman, 2009). Therefore, we believe that CMV is not a serious issue in our research.",The authors did not make a clear claim regarding the relative fit of the model as it pertains to the ULMC,Yes,7.9,Common method bias does not pose a significant threat to the study conclusions,NA,TRUE,legacy_distillersr,2022-2023
40,chriscastille6,No,NA,NA,FALSE,NA,NA,FALSE,NA,NA,NA,NA,NA,NA,FALSE,legacy_distillersr,2022-2023
41,chriscastille6,Yes,Yes,No,TRUE,TRUE,TRUE,TRUE,"Political skill and IM were reported using a cross-sectional research design, and as such common method variance (CMV) needed to be statistically examined. We utilized the unmeasured latent method construct (ULMC) technique (Podsakoff et al. 2003; Richardson et al. 2009), which allows for partitioning of variance into three components: trait, method, and random error. According to Richardson et al. (2009), the ULMC procedure necessitates estimating four models. The first model, trait-only, tests the study’s measurement model consisting of 16 indicators pointing to positive IM latent variable (i.e., representing self-promo- tion, ingratiation, and exemplification factors), 18 indica- tors pointing to a political skill latent variable (i.e., representing social astuteness, apparent sincerity, net- working ability, and interpersonal influence factors), and a null method factor. The second model, method-only model, allowed estimation of the paths from the method construct to all the manifest indicators in the model while trait constructs were null. The third model, trait/method, involved estimation of paths from both trait and method constructs (i.e., method latent variable) to the manifest indicators and correlation among the trait constructs (i.e., IM latent variable was correlated with political skill latent variable). The fourth model, trait/method-R, was identical to the trait/method model, but covariances among the trait factors were constrained to the unstandardized values obtained from the trait-only mode. By constraining the covariance between trait factors, we are able to identify the level of variance explained solely from CMV when we compare the trait/method-R model to the trait/method model. Non-significantly different models suggest that CMV does not contribute to a significant portion of the variance in the latent variables. The trait-only (two-factor) model fitted the data signif- icantly better than did the method-only (single factor) model [v2 (404,405) = 929.4, p \ 0.01]. Further- difference more, there was no statistical difference between the fit of trait/method model and the trait/method-R model [vdiffer- ence2(374 375) = 0.06, ns]. Richardson et al. (2009) have asserted that bias due to CMV is present when the trait/ method-R model fits the data significantly worse than the trait/method model, whereas our results indicate no bias. Taken together, results from this analysis provide evidence that CMV is unlikely to confound the interpretations of our findings.",The inclusion of a ULMC did not improve the fit of the model (no change in model fit),No,NA,Common method bias does not pose a significant threat to the study conclusions,NA,TRUE,legacy_distillersr,2022-2023
42,chriscastille6,Yes,Yes,No,TRUE,TRUE,TRUE,TRUE,"Podsakoff recommends using William’s Unmeasured Latent Method Construct (ULMC) method to verify CMV [37], which is more rigorous than the Hamman test and the single factor Confirmatory Factor Analysis (CFA) test. This paper used ULMC to for testing. Firstly, we assumed that H0 = CMV has no influence on the parameters estimated in the model. The result was χ2 = 105.219, CMIN = 3.859, p = 0.156, p > 0.05. The Hypothesis is supportive, indicating that the model constructed in this paper is not under the influence of CMV. The collected data did not have measurement errors; thus, there is no need to consider the impact of CMV.",The inclusion of a ULMC did not improve the fit of the model (no change in model fit),No,NA,Common method bias does not pose a significant threat to the study conclusions,It is not clear that the ULMC was correctly used in this paper.,TRUE,legacy_distillersr,2022-2023
43,chriscastille6,No,NA,NA,FALSE,NA,NA,FALSE,NA,NA,NA,NA,NA,NA,FALSE,legacy_distillersr,2022-2023
44,chriscastille6,Yes,Yes,No,TRUE,TRUE,TRUE,TRUE,"Having verified the measurement model, another CFA was evalu- ated to assess the extent to which common method variance was per- vasive among the predictors and mediators, employing the unmeasured latent method construct approach described by Williams and McGonagle (2016). All items were loaded onto their respective six fac- tors and a single method factor. The fit indices for the common method factor model were similar to the preceding six-factor model and exceeded the desired thresholds [CFI = .94; TLI = .93; RMSEA = .06; and SRMR = .05]. However, the chi-square test for the difference between the two models indicated that the six-factor model fit the data better [χ2 (df = 29) = 261.12, p < .01]. Moreover, the individual items loaded much more strongly onto their respective factors than onto the common method factor (see Table 2). The item loadings differed by at least .30. Two items had factor loadings above .40 on the common method factor, yet the loadings of these items on their respective fac- tors were much higher. Given these results, the extent to which com- mon method variance exists is likely insufficient to bias the results.",The inclusion of a ULMC harmed the fit of the model (the fit of the proposed model was superior),No,NA,Common method bias does not pose a significant threat to the study conclusions,The authors implied that the fit of the model containing the ULMC was worse than the proposed model.,TRUE,legacy_distillersr,2022-2023
45,chriscastille6,Yes,Yes,No,TRUE,TRUE,TRUE,TRUE,"Several limitations of our studies should be mentioned. In study 2, EI and PSE were measured using self-report questionnaires. As with all self-report measures, common method variance and social desirability biases are a concern. We addressed these concerns in a number of ways. First, we used Harman’s one-factor test to deal with the potential threat of common method bias. The one-factor model accounted for only 27 percent of the variance, which is much lower than the acceptable cutoff of 50 percent. Second, we used the stricter unmeasured latent method construct (Williams, Cote, and Buckley 1989), whereby a CFA is conducted in which each item is loaded on its theoretical construct as well as on a latent common method factor (Podsakoff et al. 2003). As suggested by Richardson, Simmering, and Sturman (2009), as the model with both method and substantive components did not produce better fit indices than an identical model except with construct correlations constrained to the values obtained in the substantive-only model, common method bias is unlikely to be a problem in this study. Finally, we used an EI measurement that has previously demonstrated convergent and discriminant validity in research using multiple raters to assess EI (Law, Wong, and Song 2004).",The authors did not make a clear claim regarding the relative fit of the model as it pertains to the ULMC,No,NA,Common method bias does not pose a significant threat to the study conclusions,The authors work implies that CMV was present but not sufficient to bias estimates.,TRUE,legacy_distillersr,2022-2023
46,chriscastille6,Yes,Yes,No,TRUE,TRUE,TRUE,TRUE,"The unmeasured latent method construct test (Podsakoff, MacKenzie, Lee, & Podsakoff, 2003) was further exam- ined to minimise concerns of common method variance. This test includes a measurement model in which (a) latent variables for all constructs were specified on a second‐order common latent factor, (b) all regression paths from mea- surement items to this common latent factor were constrained to be equal, and (c) the variance of the common latent factor was fixed at one. The difference in model fit indices between this model and a measurement model without the common latent factor was assessed and determined to be considerably above the recommended cut‐off value of 0.001 (ΔRMSEA = 0.02; ΔCFI = 0.01; ΔTLI = 0.01; SRMR = 0.01). The total amount of variance extracted by the common latent factor is 0.29, below the recommended threshold.",The authors did not make a clear claim regarding the relative fit of the model as it pertains to the ULMC,Yes,29,The authors do not provide a conclusion regarding the role of common method bias,The authors writing implies that the ULMC did improve the fit of the model to the data.,TRUE,legacy_distillersr,2022-2023
47,chriscastille6,Yes,Yes,Yes,TRUE,TRUE,FALSE,FALSE,NA,NA,NA,NA,NA,NA,FALSE,legacy_distillersr,2022-2023
48,chriscastille6,Yes,Yes,No,TRUE,TRUE,TRUE,TRUE,"For the variables in the hypothesized relationships, the common method bias (CMB) on their responses was assessed to rule out overwhelming spurious covariation from the survey methodology. First, the Harman’s one-factor test based on exploratory factor analysis (EFA) showed that the first unrotated factor of all measures explained less than half of total variance, whereas all the factors with eigenvalues over one accounted for over three-fourths, and therefore construct-specific variance exceeded common method variance [85]. Based on confirmatory factor analysis, the unmeasured latent method construct (ULMC) technique further compared the method-only, trait-only, and trait-and-method models [86,87]. When all the measurement items were loaded onto a single factor (i.e., method-only model) rather than their own constructs (i.e., trait-only model), model fit deteriorated noticeably (χ2 from 321.016 to 2615.755, and χ2/df from 1.354 to 10.38). The inclusion of both trait and method influences (i.e., trait-and-method model) did not improve but weakened model fit (χ2 from 321.016 to 391.064, and χ2/df from 1.354 to 1.664), further dismissing the CMB concern.",The inclusion of a ULMC harmed the fit of the model (the fit of the proposed model was superior),No,NA,Common method bias does not pose a significant threat to the study conclusions,The authors description of separate models clearly implied that the trait and method model was a poorer fit relative to a trait-only model.-,TRUE,legacy_distillersr,2022-2023
49,chriscastille6,Yes,Yes,No,TRUE,TRUE,TRUE,TRUE,"As self-reported scales are employed to collect survey data, common method variance (CMV) has been discussed as a potential problem. To detect the impact of CMV, this study employs Harman’s single-factor test to identify the presence of CMV. If one single factor accounts for over half of the variance in the sample, then we can conclude the presence of CMV in the study (Chang, Van Witteloostuijn, & Eden, 2010). For this study, the first emerging factor accounted for 34.67% and eight rotated factors for 65.62% variance, indi- cating that CMV is not a serious issue. Moreover, this study also adopts the Unmeasured Latent Method Construct (ULMC) technique to examine the CMV problem by comparing the model difference between the CFA measurement model and the model with the ULMC (Williams, Cote, & Buckley, 1989; Williams, Hartman, & Cavazotte, 2010). The x2 differ- ence of model comparison is 0.501(p 1⁄4 .919) and is insignificant at the 0.01 level. There- fore, according the results of Harman’s single-factor test and the ULMC technique, we can conclude that the common method bias is not an issue in this study.",The inclusion of a ULMC did not improve the fit of the model (no change in model fit),No,NA,Common method bias does not pose a significant threat to the study conclusions,NA,TRUE,legacy_distillersr,2022-2023
50,chriscastille6,Yes,Yes,Yes,TRUE,TRUE,FALSE,FALSE,NA,NA,NA,NA,NA,NA,FALSE,legacy_distillersr,2022-2023
51,chriscastille6,Yes,Yes,No,TRUE,TRUE,TRUE,TRUE,"In order to assess the extent to which inter-correlations among the variables might be an artifact of ""common method variance"" (CMV), we employed three tests (as suggested by Podsakoff et al., 2003. See also Lindell & Whitney, 2001): (a) the Harman’s single-factor method (a con- firmatory factor analysis, CFA, in which all items are simultaneously loaded on one single factor), (b) a common-latent factor (CLF), also known as Unmeasured Latent Method Construct (ULMC; Richardson et al., 2009), method (a CFA in which all items loaded on both – their expected factors and one common-latent factor are loaded on each of the items respectively, but are uncorrelated to their respective latent factors), and (c) a standard CFA to test the original construct. In addition, we examine the model fit and extracted explained variance (R2). The analyses were done by utilizing AMOS (v. 23) software with the function of Multiple-Group Analyses (as there are 12 different samples/groups). The results are presented in Table C1. The methods explained before produced explained variance (R2) as follows (Harman’s single-factor ""outside"" the parenthesis, and CLF method inside the parenthesis): Israel1 = 25.44% (23.15%); Israel2 = 28.01% (25.49%); Romania1 = 35.94% (32.71%); Romania2 = 29.88% (27.19%); Japan = 22.78% (20.73%); USA = 27.35% (24.89%); Pakistan = 30.07% (27.36%); Italy = 24.81% (22.58%); Turkey = 28.45% (25.89%); Brazil = 29.77% (27.05%); Germany = 34.64% (31.51%). This indicated that the CLF method produced less CMV. As can be seen in Table B1, the fits of the models vary. The worse fit, as expected, is derived by using Harman’s Single-Factor test. Then the standard CFA when the total construct (a unified one-factor) of HWI is tested instead of its dimensions. Next, the CLF method produced adequate fit indices, which highlight its importance over Harman’s Single-Factor test. While these results (in conjunction with the R2 extracted) do not rule out completely the possibility of same-source bias (i.e., CMV), following Podsakoff et al. (2003), the extracted explained variances are less than 50% (R2 < .50) indicating that CMV is an unlikely explanation of our investigation’s findings. Finally, the standard CFA with the two HWI dimen- sions (HWI-TC and HWI-WI) produced the best model fit (close to the ""absolute"" sense, apart from the c2-test; see, Byrne, 2010; Tabachnick & Fidell, 2013; Vehkalahti & Everitt, 2019). These results have led us to: (1) use the dimensions of HWI in further analyses, as they fit the data more than the total construct does and are more statistically (and theoretically) sane to use separately from one another, (2) create CMV-corrected/ adjusted dimensions of HWI (see, Lindell & Whitney, 2001; Podsakoff et al., 2003; Richardson et al., 2009) to account for any CMV that might confound the data.",The inclusion of a ULMC harmed the fit of the model (the fit of the proposed model was superior),Yes,26.23,The authors do not provide a conclusion regarding the role of common method bias,The method variance proportion is approximated by averaging method variance levels from surveys from different countries.,TRUE,legacy_distillersr,2022-2023
52,chriscastille6,No,NA,NA,FALSE,NA,NA,FALSE,NA,NA,NA,NA,NA,NA,FALSE,legacy_distillersr,2022-2023
53,chriscastille6,No,NA,NA,FALSE,NA,NA,FALSE,NA,NA,NA,NA,NA,NA,FALSE,legacy_distillersr,2022-2023
54,chriscastille6,Yes,Yes,No,TRUE,TRUE,TRUE,TRUE,"We also assessed the presence of common method bia- ses, as though the experimental component of our study included conditions and manipulations, the non-experi- mental component included data (i.e., cultural orientation, perceived positive consequences of relational favoritism) collected from the same source (Chang et al. 2010). Our analyses reflect the two dominant approaches to assessing common method biases: (1) the unmeasured latent method construct approach and (2) the correlational marker approach (Richardson et al. 2009). First, we performed a series of Harman’s single-factor tests. As described in Podsakoff and Organ (1986), common method bias is a concern only if (1) one factor emerges in an exploratory factor analysis or (2) one factor in an exploratory factor analysis captures the majority of the covariance among measures. A series of factor analyses revealed that multiple factors accounted for significant variance in Brazil, China, and the U.S. Second, we explored the within-country and pooled correlation coefficients between the variables in the study. The correlations for many variables were small and non-significant. The minimal shared variance between many of the variables further suggests that common method bias is not a concern, as it is the shared variance that is representative of common method bias (Lindell and Whitney 2001; Richardson et al. 2009).",The authors did not make a clear claim regarding the relative fit of the model as it pertains to the ULMC,No,NA,Common method bias does not pose a significant threat to the study conclusions,NA,TRUE,legacy_distillersr,2022-2023
55,chriscastille6,No,NA,NA,FALSE,NA,NA,FALSE,NA,NA,NA,NA,NA,NA,FALSE,legacy_distillersr,2022-2023
56,chriscastille6,No,NA,NA,FALSE,NA,NA,FALSE,NA,NA,NA,NA,NA,NA,FALSE,legacy_distillersr,2022-2023
57,chriscastille6,Yes,Yes,No,TRUE,TRUE,TRUE,TRUE,"Although we collected data at two different times, all the variables were self-reported, and thus could be influenced by CMV (Podsakoff et al. 2003). Therefore, we tested whether CMV was present in our data using two techniques: the CFA marker technique and the unmeasured latent method construct technique. For the CFA marker technique, we employed prevention focus as a marker variable because it is theoretically unrelated to at least one of the focal variables (i.e., Mach)—furthermore, we found no significant correla- tion between prevention focus and any of the seven study variables (see Table 1)—and was measured with the same response scale used to assess other study variables (Richard- son et al. 2009). Following the procedure recommended by Williams et al. (2010), we estimated the baseline (which sets factor loadings from the marker variable to the indicators of seven substantive variables to zero), Method-C (which allows for loadings from the marker variable to the substan- tive indicators but forces them to be equal), and Method-U (which allows for loadings from the marker variable to the substantive indicators and does not force them to be equal, allowing them to be freely estimated) models. We tested for the presence of CMV by comparing the models. First, we compared the baseline model [χ2(df = 1068) = 1600.79; CFI=0.91; RMSEA=0.05] and the Method-C model [χ2(df = 1067) = 1597.96; CFI = 0.91; RMSEA = 0.05] to test the null hypothesis that the method factor loadings (assumed to be equal) associated with the marker variable are not related to each of the substantive indicators. The result of a χ2 difference test was insignificant [Δχ2(1) = 2.83, n.s.], thus providing support for accepting the null hypothesis (i.e., accepting the baseline model that assumes no method fac- tor loadings). Second, we compared the baseline model and the Method-U model [χ2(df = 1025) = 1548.29; CFI = 0.91; RMSEA = 0.05]. We also found an insignificant χ2 difference [Δχ2(43) = 52.5, n.s.], which indicated support for the null hypothesis that the baseline model fits the data better than the Method-U model. All these results that provided support for accepting the baseline model indicated that CMV was not present in the data. To confirm these results, we conducted an additional analysis using the unmeasured latent method construct tech- nique. Following the procedure recommended by Williams et al. (1989), we conducted another CFA in which we added a method construct to the measurement model, and allowed all measured indicators of the seven study constructs to load on the method construct as well as on their focal construct. The results indicated that adding the method construct improved model fit, but the proportion of variance accounted for by the method construct was only 5.75%, much less than typically found in other studies (25%; Williams et al. 1989). Therefore, based on all these findings, it is reasonable to conclude that CMV was not a serious problem in our data.",The inclusi&oacute;n of a ULMC did improve the fit of the model,Yes,5.75,Common method bias does not pose a significant threat to the study conclusions,NA,TRUE,legacy_distillersr,2022-2023
58,chriscastille6,Yes,Yes,No,TRUE,TRUE,TRUE,TRUE,"The existence of bias due to common method variance (CMV) can be a fatal flaw for mediation in mono- method/source studies because they are causal in nature. In this study, managers self-reported ethical leadership, employees self-reported their own alienation, and the measure of firm performance stemmed from managers’ subjective measurements of financial performance. The design of this study includes different sources and, in particular, the work alienation indicators, which have different sources from the variables in the basic relationship, thus mitigating the possibility of CMV (Podsakoff et al., 2003, 2012). Nevertheless, further proactive measures to prevent CMV were conducted. First, our surveyors guaranteed respondents’ confidentiality and anonymity in order to diminish the social desirability bias. In addition, the researchers separated the perceived ethical leadership items from those of employees’ self-reported firm performance, and these two scales’ items appeared on different pages of the questionnaire for managers. This practice yielded an effect of psychological separation in the respondents (Podsakoff et al., 2003). To examine the CMV problem (see also, Conway and Lance, 2010), Harman’s one-factor test was used (Podsakoff and Organ, 1986). First, we used exploratory factor analysis (EFA) for item reduction, but fixing only one factor to extract and with no rotation. The principle component factor analysis conducted on the items of ethical leadership and firm performance and the factors of feelings of alienation yielded a unique factor that explains 38.457% of the variance. Although 38.457% is an important amount of variance explained by a single factor, the rule of thumb establishes that more than 50% suggests significant CMV. In addition, we performed Harman’s one-factor test (Podsakoff and Organ, 1986) by using SEM. Through the unmeasured latent method construct, we controlled the effects of a specified unmeasured latent CMV factor on which all the manifest indicators load. All the regression weights were constrained to be equal. Each of the regression weights was 0.30, which squared is 0.09, that is, a tolerable 9% of the common variance as a rough guess. Moreover, the fit for this restricted CFA factor model (χ2 = 1,283.861, df=683,p<0.001;GFI=0.606,CFI=0.797,IFI= 0.800, TLI = 0.783, NFI = 0.651, RMSEA = 0.094) was worse than the fit of the CFA model with a latent method factor (χ2 = 1,511.864, p < 0.001, df = 807, GFI = 0.631, CFI = 0.830; IFI = 0.832; TLI = 0.815; NFI = 0.695; RMSEA = 0.092) because the chi-square difference test was significant (Δχd2(124) = 228.003, p < 0.001). All of these patterns suggest that CMV exists, but it was not a major problem for the data.",The inclusi&oacute;n of a ULMC did improve the fit of the model,Yes,9,Whether common method bias is or is not a significant threat to the study conclusions remains unclear,The results for this study are hard to verify due to a lack of clarity reporting the results.,TRUE,legacy_distillersr,2022-2023
59,chriscastille6,Yes,Yes,No,TRUE,TRUE,TRUE,TRUE,"Because measurement errors can have a serious con- founding influence on empirical results, yielding mislead- ing conclusions, we then ran some additional models to assess the potential effect of common method bias. In doing so, we employed unmeasured latent method con- struct (ULMC) technique (William et al. 1989; Podsakoff et al. 2003). Following the procedure described by Richardson et al. (2009), we first estimated the trait-only model, a model identical to the basic model presented in Fig. 1, with inclusion of a null common method variance (CMV) construct. We then assessed both noncongeneric and congeneric trait/method model in which the paths from the CMV construct to all the construct indicators were added and estimated. Finally, we estimated the trait/ method-R model, a model identical to the trait/method model except that all the independent-dependent construct correlations were constrained to the values obtained from the trait-only model. The congeneric trait/method model in which the path coefficients were freely estimated fit the data better than the noncongeneric model in which the path coefficients were set equal (Dv2 = 61.372, d.f. = 15, p\0.01). Thus, we subsequently compared the fit of the trait/method-R model with that of the congeneric model. According to Richardson et al. (2009), if the trait/method model-R fits significantly worse than the trait/method model, there is sufficient evidence indicating the presence of common method bias. The trait/method-R model fit the data reasonably well with a v2 = 178.992 and d.f. = 88, (v2/d.f. = 2.034), AGFI = 0.946, CFI = 0.988, and RMSEA = 0.041. The fit of the congeneric trait/method model was also acceptable with v2 = 168.313, and d.f. = 82, (v2/d.f. = 2.053), AGFI = 0.945, CFI = 0.988, and RMSEA = 0.041. The v2 difference between the two models was 10.679, which is not significant with six degrees of freedom (p = 0.10). Because the two models fit the data equally well (i.e., no difference), our result pro- vided sufficient evidence that common method variance is not responsible for the results to be reported next (i.e., it has no potentially serious effects on research findings).",The inclusi&oacute;n of a ULMC did improve the fit of the model,No,NA,Common method bias does not pose a significant threat to the study conclusions,This study is the closet to providing evidence supporting CMB via a model comparison test.,TRUE,legacy_distillersr,2022-2023
60,chriscastille6,Yes,Yes,No,TRUE,TRUE,TRUE,TRUE,"Common method biases are considered as one of the main sources of measurement error that threats the validity of the conclusions about the relationships between measures (Bagozzi & Yi, 1991; Nunnally, 1978; Podsakoff et al., 2003; Spector, 1987). To rule out possible common method biases, we examined common method variance at the measurement level using the unmeasured latent method construct technique (Williams et al., 1989). Specifically, following Podsakoff et al.’s (2003) suggestion and Richardson et al.’s (2009) procedure, we estimated four additional models. We first estimated the trait-only model, a model of a given independent–dependent construct pair, with a null method construct (χ2 = 704.566 with d.f. = 314 or χ2/d.f. of 2.244, GFI = 0.887; AGFI = 0.864; CFI = 0.926; TLI = 0.917; RMSEA = 0.054; SRMR = 0.046). Second, we estimated the trait/method (congeneric and non-congeneric) models by adding paths from the method construct to the indicators of all the independent and dependent constructs (congeneric: χ2/d.f. = 1.815, GFI = 0.917; AGFI = 0.891; CFI = 0.956; TLI = 0.946; RMSEA = 0.043; SRMR = 0.036; non-congeneric: χ2/d.f. = 2.215, GFI = 0.888; AGFI = 0.865; CFI = 0.928; TLI = 0.919; RMSEA = 0.053; SRMR = 0.045). Finally, the trait/method-R model was estimated by constraining independent–dependent construct correlations to the value obtained from the trait-only (first) model (χ2/d.f. = 1.798, GFI = 0.928; AGFI = 0.901; CFI = 0.977; TLI = 0.948; RMSEA = 0.042; SRMR = 0.036). According to Richardson et al. (2009), common method bias exists if the trait/method-R model fits significantly worse than the trait/method model. The results reveal that the chi-square difference between congeneric and non-congeneric trait/method models is significant (χ2 = 172.356, d.f. = 26, p < .05), indicating that the congeneric common method variance model fits better than the non-congeneric common method variance model. Furthermore, the chi-square difference between the trait/method-R model and the congeneric trait/method model is 15.539, which is not significant with 10 degrees of freedom (p = .11), indicating that the trait/method-R model fits the data equally well as the congeneric common method variance model. Taken together, the results provide sufficient evidence that common method variance is not responsible for the results reported as follows.",The inclusi&oacute;n of a ULMC did improve the fit of the model,No,NA,Common method bias does not pose a significant threat to the study conclusions,NA,TRUE,legacy_distillersr,2022-2023
61,chriscastille6,No,NA,NA,FALSE,NA,NA,FALSE,NA,NA,NA,NA,NA,NA,FALSE,legacy_distillersr,2022-2023
62,chriscastille6,Yes,Yes,Yes,TRUE,TRUE,FALSE,FALSE,NA,NA,NA,NA,NA,NA,FALSE,legacy_distillersr,2022-2023
63,chriscastille6,Yes,Yes,No,TRUE,TRUE,TRUE,TRUE,"Given that our study used self‐report measures, which may lead to common method bias, we assessed the signif- icance of the common method variable in two different ways. First, we ran Harman's one‐factor statistical test (Podsakoff & Organ, 1986) and found that a single factor accounted for only 19.09% of the total variance. Then we used a single unmeasured latent method construct approach as our second post hoc statistical detection technique for common method bias. All items were loaded onto both their theoretical latent constructs and the unmeasured latent method factor (Podsakoff, MacKenzie, Lee, & Podsakoff, 2003). All factor loadings of the items on their theo- retical construct remained significant, even after the effect of the common method factor was taken into account. Results showed that although the common method factor did improve the model fit, it accounted for 19.49% of the total variance, which is less than 25% below the criterion suggested by Williams, Cote, and Buckley (1989). The results of these tests indicate that common method bias is not a likely explanation for the relationship found in the current study.",The inclusi&oacute;n of a ULMC did improve the fit of the model,Yes,19.49,Common method bias does not pose a significant threat to the study conclusions,NA,TRUE,legacy_distillersr,2022-2023
64,chriscastille6,Yes,Yes,No,TRUE,TRUE,TRUE,TRUE,"All constructs examined in our study were measured through self- reported assessment tools. Therefore, the estimates obtained in the subsequent models could be biased because of the common method used. In order to test whether or not common method variance is a relevant issue in our study, we followed the confirmatory factor analysis approach suggested by Williams and McGonagle (2016). In particular, we first estimated a Baseline Model, in which all latent vari- ables were composed by their respective observed variables and co- varied. Then, we included in the model an unmeasured latent method construct (ULMC)—defined by Williams and McGonagle (2016) as a presumed source of common method variance that is not included in the data—that loaded on all observed variables and did not covary with substantive factors. In particular, we estimated three models: A model in which method factor loadings (MFLs) of ULMC are uncon- strained (Method Uu Model); an intermediate model, in which MFLs of ULMC of variables belonging to the different latent dimensions are separately (within factor) constrained to be equal (Method Ui Model); a model in which MFLs of ULMC are all constrained to be equal (Method Uc Model). The fit of each model was compared to the fit of Baseline Model: A significant difference would support the hypoth- esis that common method variance may represent a serious threat to data, because adding ULMC significantly improve the goodness of fit; on the contrary, a non-significant difference would attest that no relevant common method variance is present, because the inclu- sion of ULMC does not improve the goodness of fit. Results showed the following fit indices for Baseline Model: YBχ2(212) = 422.793, SCF = 1.1159, p < .001; CFI = .960; TLI = 0.948; RMSEA = 0.050; SRMR = 0.047. Then, Method Uu Model and Method Ui Model did not converge, whereas Method Uc Model showed the following fit indices: YBχ2(211) = 437.494, SCF = 1.0637, p < .001; CFI = .957; TLI = 0.944; RMSEA = 0.052; SRMR = 0.047. The scaled difference chi-square (ΔSBχ2), devised by Satorra and Bentler (2001), did not show significantly difference between Baseline Model and Method Uc Model (ΔSBχ2 = 0.530, Δdf = 1, p = .466). In conclusion, results would support the notion that common method variance is not a concern in our data.",The inclusion of a ULMC did not improve the fit of the model (no change in model fit),No,NA,Common method bias does not pose a significant threat to the study conclusions,NA,TRUE,legacy_distillersr,2022-2023
65,chriscastille6,Yes,Yes,No,TRUE,TRUE,TRUE,TRUE,"On top of it, in order to increase the robustness of our data, we conducted also the CFA (confirmatory factor analysis)-based approach with a single method factor (unmeasured latent method construct (ULMC) technique, Podsakoff et al. 2003). Results confirmed that CMB did not pose a serious threat to the study and we decided not include the method latent factor in our analysis. More specifically, we estimated and compared four nested model (the null model, the traits-only model, the method-only model, and the traits-method model) using the statistical test for chi-square difference (as previously explained). From the SB-chi square comparisons, we turned out that the traits only model is the best fit model: CMB did not pose a serious threat to the study and we decided not include the method latent factor in our analysis. For the sake of clarity, we analysed deeper traits-method model in order to understand the percentage of variables variance represented by the method latent factor (28 per cent). Even if this percentage looks high, it is still coherent with the benchmark of Williams, Cote, and Buckley (1989).",The authors did not make a clear claim regarding the relative fit of the model as it pertains to the ULMC,Yes,28,Common method bias does not pose a significant threat to the study conclusions,No fit statistics provided to verify claims.,TRUE,legacy_distillersr,2022-2023
66,chriscastille6,Yes,Yes,No,TRUE,TRUE,TRUE,TRUE,"To control for a possible common method bias, we used the unmeasured latent method construct (ULMC) technique, which means adding a common latent factor to capture the common variance among all observed variables in the model (Podsakoff et al., 2003). We added to the measurement model the uncorrelated latent construct with four configurations, in which factor load- ings were fixed to 1. Next, by comparing the fit statistics of three models: (1) the basic theoretical model, (2) the model with reverse relations, and (3) the model with a common latent factor, we found that the basic theoretical model has the best fit statistics (see below).",The inclusion of a ULMC harmed the fit of the model (the fit of the proposed model was superior),No,NA,The authors do not provide a conclusion regarding the role of common method bias,NA,TRUE,legacy_distillersr,2022-2023
67,chriscastille6,No,NA,NA,FALSE,NA,NA,FALSE,NA,NA,NA,NA,NA,NA,FALSE,legacy_distillersr,2022-2023
68,chriscastille6,No,NA,NA,FALSE,NA,NA,FALSE,NA,NA,NA,NA,NA,NA,FALSE,legacy_distillersr,2022-2023
69,chriscastille6,No,NA,NA,FALSE,NA,NA,FALSE,NA,NA,NA,NA,NA,NA,FALSE,legacy_distillersr,2022-2023
70,chriscastille6,Yes,Yes,No,TRUE,TRUE,TRUE,TRUE,"Finally, we are not concerned about common method bias (CMB), as we did not separate the predictor variables from the dependent construct in our study (Chang and van Witteloostuijn, 2010; Podsakoff et al., 2012). To avoid CMB, we applied techniques discussed by Podsakoff et al. (2003): (I) the interviewers advised the respondents in detail that there were no right or wrong answers, they also asked them to answer the questions as honestly as possible to avoid social desirability. (II) We conducted a common latent factor test (also unmeasured latent method construct technique; see Richardson et al., 2009; Williams et al., 1989). Following Podsakoff et al. (2003), we ran our model with and without a common latent factor (Podsakoff et al., 2012; Richardson et al., 2009). As a result, CMB was not a concern, since all observed differences concerning factor loadings for each path were close to zero.",The authors did not make a clear claim regarding the relative fit of the model as it pertains to the ULMC,No,NA,Common method bias does not pose a significant threat to the study conclusions,NA,TRUE,legacy_distillersr,2022-2023
71,chriscastille6,Yes,Yes,No,TRUE,TRUE,TRUE,TRUE,"We also conducted Harman’s one-factor test (Podsakoff et al., 2003), Lindell and Whitney’s (2001) marker variable test, the CFA marker technique (Richardson et al., 2009), and the unmeasured latent method construct approach (Williams et al., 1989; Chin et al., 2012) to test for common method variance. The results of these tests indicated that common method variance is not an issue.",The authors did not make a clear claim regarding the relative fit of the model as it pertains to the ULMC,No,NA,Common method bias does not pose a significant threat to the study conclusions,NA,TRUE,legacy_distillersr,2022-2023
72,chriscastille6,Yes,Yes,No,TRUE,TRUE,TRUE,TRUE,"To investigate the presence of common method variance (CMV) in our model we used the six-factor measurement model and the unmeasured latent method construct (ULMC) approach (Podsakoff, MacKenzie, Lee, & Podsakoff, 2003). Because of identification prob- lems, we restricted all item loadings on the ULMC to be equal, the cor- relations between the ULMC and the other latent factors to be zero, and the variance of the ULMC to be 1. The significance of the factor loadings was examined both with and without the ULMC in the model in order to determine if the ULMC had an effect on the parameters (Podsakoff et al., 2003). There were minimal differences (<0.001) in the factor loadings between the model with the CMV factor and with- out it. In addition, the model fit did not improve significantly when adding the CMV factor (Δχ2 = 1.43, ΔCFI = 0.00, ΔRMSEA = 0.00). This shows that our model is at least not contaminated by an ULMC (Williams, Cote, & Buckley, 1989) and therefore we excluded it in our main analyses. However, the above does not rule out the presence of CMV as all available post hoc statistical remedies for its detection have been criticized (Richardson, Simmering, & Sturman, 2009). There- fore, it is relevant to consider the implications of its possible presence in this study, but it is not a major concern as we are mainly examining the relative importance and interaction effects of our two independent variables. We return to this issue in the Limitations section.",The inclusion of a ULMC did not improve the fit of the model (no change in model fit),No,NA,Common method bias does not pose a significant threat to the study conclusions,"As the authors were concerned primarily with the relative importance and interaction effects, CMB was considered less problematic.",TRUE,legacy_distillersr,2022-2023
73,chriscastille6,No,NA,NA,FALSE,NA,NA,FALSE,NA,NA,NA,NA,NA,NA,FALSE,legacy_distillersr,2022-2023
74,chriscastille6,Yes,Yes,No,TRUE,TRUE,TRUE,TRUE,"Since this study collected data using a self-report research design, it is necessary to test common method bias (CMB). We adopted the “controlling for the effects of a single unmea- sured latent method factor” method (Podsakoff et al. 2003) to examine CMB. Consistent with prior studies (e.g., Xu and Lv 2018), we established a new measurement model which in- cludes a common method factor, and all items of the focus variables were loaded on the common factor. The results in- dicated that new measurement model had a good fit to the data (χ2 = 563.13, df = 366, χ2/df = 1.54, IFI = 0.92, CFI = 0.92, RMSEA = 0.06). However, variance interpretation of the method factor was 10.76%, less than 25% (Williams et al. 1989). Hence, CMB did not pose a severe threat to our results.",The inclusi&oacute;n of a ULMC did improve the fit of the model,Yes,10.76,Common method bias does not pose a significant threat to the study conclusions,NA,TRUE,legacy_distillersr,2022-2023
75,chriscastille6,Yes,Yes,No,TRUE,TRUE,TRUE,TRUE,"he threat of CMV was checked via two statistical techniques. First, concordant with the work of Kim et al. [60], the place of birth was used as the marker variable, which is theoretically unrelated to the study constructs. The findings in Table 4 indicated the place of birth was not significantly associated with any of the study constructs. In addition, the significance of the correlations did not change with or without the marker variable. Second, the unmeasured latent method factor (ULMF) technique was performed [49]. The fit statistics for the model were: CFI = 0.96; PNFI = 0.69; RMSEA = 0.048; SRMR = 0.048. A comparison between the model fit statistics with the ULMF and the ones without the ULMF did not demonstrate any substantial differences. The ∆χ2 difference test result between the study model (χ2 = 470.35, df = 261) and the one with the ULMF (χ2 = 334.19, df = 236) was significant (∆χ2 = 136.16, df = 25). However, the differences regarding CFA (0.04), RMSEA (0.02), and SRMR (0.02) were <0.05 [61]. As expected, PNFI concerning the five-factor measurement model (0.73) was >the one with the ULMF (0.69). Overall, CMV did not appear to be a risk in this study.",The inclusion of a ULMC did not improve the fit of the model (no change in model fit),No,NA,Common method bias does not pose a significant threat to the study conclusions,NA,TRUE,legacy_distillersr,2022-2023
76,chriscastille6,No,NA,NA,FALSE,NA,NA,FALSE,NA,NA,NA,NA,NA,NA,FALSE,legacy_distillersr,2022-2023
77,chriscastille6,Yes,Yes,No,TRUE,TRUE,TRUE,TRUE,"The potential effect of common method bias was examined via two post hoc ana- lyses: Harman’s one-factor test (Harman, 1976), and unmeasured latent method factor (Williams & McGonagle, 2016). One-factor explanatory factor analyses explained 20.98% and 19.39% variance in the U.S. and Turkish samples, respectively. In addition, one-factor CFA model showed bad fit in both U.S. [χ2(209) = 1910.15, p < .001; CFI = .69; TLI = .65; RMSEA = .21; SRMR = .17.] and Turkish [χ2(209) = 1903.457, p<.001; CFI=.66; TLI=.63; RMSEA=.18; SRMR=.14.] samples on all fit indices. Next, we added an unmeasured latent method factor to the baseline CFA model and allowed item parcels to load on their theoretical construct as well as the method factor. All parcels significantly loaded on their respective construct even with the exist- ence of latent method factor. The difference between standardised factor loadings with and without method factor ranged between −0.092 and 0.101. These analyses indicated limited common method variance across two samples. We also checked the possible effect of multicollinearity among our independent variables before regression analyses. Variance inflations factor were below the critical value of 5.00 and ranged between 1.029 and 2.824.",The authors did not make a clear claim regarding the relative fit of the model as it pertains to the ULMC,No,NA,The authors do not provide a conclusion regarding the role of common method bias,"The measurement model contained parcels, which may reduce the ability of the ULMC to detect method effects if they exist.",TRUE,legacy_distillersr,2022-2023
78,chriscastille6,No,Yes,No,FALSE,TRUE,TRUE,FALSE,NA,NA,NA,NA,NA,NA,FALSE,legacy_distillersr,2022-2023
79,chriscastille6,Yes,Yes,Yes,TRUE,TRUE,FALSE,FALSE,NA,NA,NA,NA,NA,NA,FALSE,legacy_distillersr,2022-2023
80,chriscastille6,No,NA,NA,FALSE,NA,NA,FALSE,NA,NA,NA,NA,NA,NA,FALSE,legacy_distillersr,2022-2023
81,chriscastille6,Yes,Yes,No,TRUE,TRUE,TRUE,TRUE,"Since the present study adopted a cross-sectional research design and self-report questionnaire survey, there might be concern about the common method variance in the present study. In order to test the degree of common method variance, “controlling for the effects of a single unmeasured latent method factor” method was deployed (Podsakoff et al., 2003). In line with prior studies (e.g., Ng et al., 2014; Xu & Lv, 2018), we created a new measurement model including a common method factor and four focal variables, and all items of the key constructs were loaded on the method factor. The results demonstrated that the new measurement model showed a good fit to the data (χ2 = 257.46, df =145,χ2/df=1.78,p<.001,RMSEA=.05,CFI=.97,TLI=.96,IFI= .97, RMR = .04). However, variance interpretation of method factor was 19.98 percent, less than 25 percent (Williams et al., 1989). As such, the common method variance would not affect the accuracy of our results.",The authors did not make a clear claim regarding the relative fit of the model as it pertains to the ULMC,Yes,19.98,Common method bias does not pose a significant threat to the study conclusions,"Although the authors did not claim that the inclusion of the ULMC improved the fit of the model, the model fit statistics that are presented allow a chi-square test to be conducted. Here, it is significant, indicating that the ULMC improved the fit of the model.",TRUE,legacy_distillersr,2022-2023
82,chriscastille6,Yes,Yes,No,TRUE,TRUE,TRUE,TRUE,"This study encountered several limitations that can be addressed in future research. First, this study employed a quantitative survey to examine the linkages between supervisors’ use of motivating language, employees’ psychological need satisfaction, and employee trust. To gain an in-depth understanding of how supervisory leadership communication influences employee trust during the pandemic, future studies can uti- lize qualitative approaches such as interviews, case studies, and focus groups. Future research can also focus on a single type of organization or a particular industry (e.g., healthcare, or other essential businesses), or a specific group of employees such as front-line workers during the pandemic to offer more context-specific insights regard- ing leadership communication during the pandemic. Additionally, the cross-sectional survey design with self-reported data may be subject to common method variance (CMV). Although the use of Harman’s single factor test and the unmeasured latent method factor technique (Fuller et al., 2016; Richardson et al., 2009) did not reveal common source bias in our data, we suggest future research adopt a mixed-method approach or include two or more information sources to rule out any potential CMV influence. Relatedly, although SEM analysis is an advantageous statistical tool in test- ing priori conceptual models derived from the literature (Kline, 2011), it is limited in establishing true causal relationships. Therefore, we suggest future researchers use experimental and longitudinal designs to further examine the order of effects in our model. Furthermore, this study focused on exploring employee psychological need for competence and relatedness, which are identified as salient mental and emotional needs of employees during the pandemic. Finally, this study focused on supervisory use of motivating language in the U.S. Since the COVID-19 pandemic is a global disease outbreak, it is worthy of examining how the effectiveness of leaders’ use of motivating language may be influenced by national culture and socioeconomic contexts.",The authors did not make a clear claim regarding the relative fit of the model as it pertains to the ULMC,No,NA,Common method bias does not pose a significant threat to the study conclusions,NA,TRUE,legacy_distillersr,2022-2023
83,chriscastille6,Yes,Yes,No,TRUE,TRUE,TRUE,TRUE,"We tested the common method variance (CMV) with the unmeasured latent method factor technique (Podsakoff, MacKenzie, Lee, & Podsakoff, 2003). A comparison of the fit of two models (one with and the other without the unmeasured latent factor) using a chi-square difference test (ΔΧ2 = 280.97; p < 0.001) indicated that the model without the unmeasured latent factor had a better fit. This suggests that the common method variance does not pose a threat of bias to the relationships in our model.",The inclusion of a ULMC harmed the fit of the model (the fit of the proposed model was superior),No,NA,Common method bias does not pose a significant threat to the study conclusions,NA,TRUE,legacy_distillersr,2022-2023
84,chriscastille6,Yes,Yes,No,TRUE,TRUE,TRUE,TRUE,"The factor explained 24.00% of the total variance (less than 25.00%, the average amount of method variance observed in self-report studies; Podsakoff et al., 2012), indicating the common method variance is unlikely to be a major concern.",The inclusi&oacute;n of a ULMC did improve the fit of the model,Yes,24,Common method bias does not pose a significant threat to the study conclusions,NA,TRUE,legacy_distillersr,2022-2023
85,chriscastille6,Yes,Yes,NA,TRUE,TRUE,NA,NA,"We examined the discriminant validity of the substantive variables of our study using confirmatory factor analysis (CFA) via Mplus 7.11 (Muthén & Muthén, 1998‐2015). However, given the large number of items (31 items) for this analysis compared to the low sample size (N = 138), we applied the item parcelling technique to the items of the trait mindfulness, the work engagement and the innovative work behaviour scales (Little et al., 2002). Specifically, following Little et al.’s (2002) recommendation, we first conducted a one‐factor CFA for each construct and then created three parallel parcels (indicators) per latent factor by combining items with higher factor loadings with those with lower factor loadings. The hypothesized five‐factor model displayed a good fit to the data (χ2 [94] = 134.50, CFI = 0.96, RMSEA = 0.06, SRMR = 0.06) and outperformed both a four‐factor model combining work engagement and intrinsic motivation (χ2 [98] = 219.25, CFI = 0.87, RMSEA = 0.09, SRMR = 0.07; Δχ2 [4] = 84.75, p < 0.01) and a one‐factor model (χ2 [104] = 606.58, CFI = 0.48, RMSEA = 0.19, SRMR = 0.13; Δχ2 [10] = 472.08, p < 0.01). However, because intrinsic motivation, work engagement and innovative work behaviour were measured at the same time by the same source, the hypothesized relationship between these variables could be inflated by common method variance. Accordingly, we used the unmeasured latent method factor technique (Podsakoff et al., 2012) to examine this issue within CFA. This approach is rec- ommended when the specific source of method bias is unknown or cannot be measured (Williams, Cote, & Buckley et al., 1989), as in the present study. The CFA model for intrinsic motivation and innovative work yielded a better fit to the data after the inclusion of the method factor (Δχ2 [9] = 21.13, p < 0.01). However, the method factor explained 24.17% of the total variance, which is not higher than the median amount of method variance (25%) observed in self‐report research (Podsakoff et al., 2012; Williams et al., 1989). Therefore, although common method bias cannot be fully ruled out, it is unlikely to invalidate our study's findings. Table 1 provides the descriptive statistics, correlations and reliability estimates for the study variables.",The inclusi&oacute;n of a ULMC did improve the fit of the model,Yes,24.17,Common method bias does not pose a significant threat to the study conclusions,NA,NA,legacy_distillersr,2022-2023
86,chriscastille6,Yes,Yes,No,TRUE,TRUE,TRUE,TRUE,"This study adopted both procedural and statistical remedies to minimize common method bias.68 First, we employed a social network approach to measure SLIN and SLAN, so they could be methodologically separated from other aggregation-based variables.26 Further, we collected ratings of emotions and knowledge behaviors at different times, which provided temporal separation to mitigate the influence of common method bias.68,69 Finally, statistical methods were applied to detect the magnitude of common method bias, including Harman’s single-factor test and control for unmeasured latent method factor. Harman’s single-factor test has been used by Hassan et al.70 The results of Harman’s single-factor test showed that the cumulative variance explained 77.45% of the total variance, with the first principal component explaining 33.39% of the variance (less than 50% and no more than half of the total variance). It indicated that common method bias had a limited impact on our study. In addition, following the recommendation by Podsakoff et al,71 we controlled for an unmeasured latent method factor. The results showed that the fit indices between the controlled model with latent common method factor and the above four-factor model were not significantly changed (Δχ2/df = 0.15, ΔCFI = 0.001, ΔTLI = 0.003, ΔRMSEA = 0.002, ΔSRMR = 0.002). It alleviates the concern for common method bias.",The inclusion of a ULMC did not improve the fit of the model (no change in model fit),No,NA,Common method bias does not pose a significant threat to the study conclusions,NA,TRUE,legacy_distillersr,2022-2023
87,chriscastille6,Yes,Yes,No,TRUE,TRUE,TRUE,TRUE,"Our hypothesized confirmatory factor analysis model includ- ing five factors yielded a very good fit to the data and was a better fit to the data than any other parsimonious model (see Table 2). To test for the potential risk of common method bias, we used the unmeasured latent method factor technique, which involves adding a first-order method factor whose only measures are the indicators of the theoretical con- structs of interest that share a common method (see Podsakoff et al., 2012). The results show that none of the conclusions regarding the relationships between factors change with the addition of the common measurement factor. Therefore, common method bias is not believed to be source of bias in this study’s data. Structural Model:",The authors did not make a clear claim regarding the relative fit of the model as it pertains to the ULMC,No,NA,Common method bias does not pose a significant threat to the study conclusions,NA,TRUE,legacy_distillersr,2022-2023
88,chriscastille6,No,NA,NA,FALSE,NA,NA,FALSE,NA,NA,NA,NA,NA,NA,FALSE,legacy_distillersr,2022-2023
89,chriscastille6,Yes,Yes,No,TRUE,TRUE,TRUE,TRUE,"To test for common method variance (CMV) and its poten- tial biasing effects in sample 1, we conducted CFAs using the unmeasured latent method factor approach (Williams & McGonagle, 2016). After evaluating a five-factor measure- ment model (with NWRR, time-based WLC, strain-based WLC, mindfulness, and psychological detachment) and establishing acceptable fit (CFI = 0.94, RMSEA = 0.07), we added an orthogonal latent common method factor (CMF) to the basic measurement model to test for presence and equal- ity of method effects. The CMF accounted for an average of 26.57% of the variance in the substantive indicators, which is just above the recommended median amount of method variance (25%; Williams et al., 1989) and well below the cut-off of 70% (Fuller et al., 2016). To test for CMV in sample 2, we followed two recom- mended approaches (Williams & McGonagle, 2016) to improve on the limitations of the unmeasured latent con- struct approach. The marker variable approach involves an indirect measure of the variable presumed to underlie the CMV. We selected community satisfaction as our marker variable as it may capture sources of CMV related to affect- driven response tendencies likely to impact NWRR measure- ment (and other substantive variables in the present study, e.g., WLC), but does not directly measure this response ten- dency. The measured cause variable approach helps detect direct sources of method effects by including the measure- ment of a method latent variable presumed to be a source of CMV (Simmering et al., 2015). Negative affect is a potential source of CMV that, if present, should be controlled for in the present study, as NWRR has an affective component and we assessed affect-based outcomes (e.g., emotional exhaus- tion, career satisfaction). We evaluated the full 12-factor measurement model (NWRR, five criterion-validity variables, and six dis- criminant validity variables) and established good fit (CFI = 0.902, RMSEA = 0.055). Then, we estimated two additional measurement models with the addition of the method variables. In the first model, we added community satisfaction as the marker variable, and in the second model we added negative affect as the measured cause variable. In each respective model, the method latent variable was linked to all of the study indicators, but was not allowed to correlate with the substantive latent variables. The marker method factor accounted for an average of 2.69% of the variance in the substantive indicators, and the measured cause factor accounted for an average of 9.47% of the variance in the substantive indicators, which are below the recommended cut-off (25%; Williams et al., 1989). These findings indicate CMV had little effect on our validity tests.",The authors did not make a clear claim regarding the relative fit of the model as it pertains to the ULMC,Yes,26.57,Common method bias does not pose a significant threat to the study conclusions,NA,TRUE,legacy_distillersr,2022-2023
90,chriscastille6,Yes,Yes,No,TRUE,TRUE,TRUE,TRUE,"As employees were nested within groups, we conducted mul- tilevel confirmatory factor analyses (MCFAs). We were inter- ested in the constructs at the individual level and did not con- ceptualize the corresponding constructs at the group level. Therefore, the MCFA models did not assume the existence of group-level constructs but allowed for group-level variabil- ity on each item with a saturated model of the covariances among them (Kim et al., 2016; Stapleton et al., 2016). We conducted item-level MCFAs. The model fit of the hypothe- sized seven-factor model (χ2 = 461.29, df = 254, p < .01, CFI = .94, TLI = .85, RMSEA = .05, SRMRwithin = .05, SRMRbetween = .06) is shown in Table 1. The TLI value was lower than the recommended cutoff value of .90 (Bentler, 1989; Bentler & Bonett, 1980). Nonetheless, the cutoff crite- rion should not be strictly applied to MCFAs as it was pro- posed in the context of single-level CFAs (Dyer et al., 2005; Kim et al., 2016). We also used factor loadings and factor correlations to evaluate the hypothesized seven-factor model. The factor loadings ranged from .50 to .93 (all p-values < .001), surpassing the recommended cutoff value of .40 (Ferris et al., 2008; Hinkin, 1998). The correlational effect sizes between the factors ranged from .01 to .49, smaller than .50 (i.e., the recommended cutoff value for large correlational effect size; Cohen, 1988). These results suggested that all items adequately reflected the corresponding latent factors, and each latent factor was distinct. Thus, the hypothesized seven-factor model was acceptable. We then compared the hypothesized seven-factor model with three alternative models (alternative model 1, combining quantitative and qualitative job insecurity; alternative model 2, combining psychological safety and meaningfulness; alterna- tive model 3, combining APGO and LGO). Chi-square differ- ence tests showed that the hypothesized seven-factor model fitted the data significantly better than the three alternative models (alternative model 1, Δχ2(6) = 211.32, p < .01; alter- native model 2, Δχ2(6) = 329.79, p < .01; alternative model 3, Δχ2(6) = 452.98, p < .01), supporting the discriminant valid- ity of our measures. As all variables were reported by em- ployees, we conducted analyses to check for common method variance (Podsakoff et al., 2003; Podsakoff et al., 2012). Harman’s single-factor test revealed that seven factors emerged with eigenvalues greater than 1 and the largest factor explained only 21% of the variance, suggesting that common method variance was not a serious concern in our study (Podsakoff & Organ, 1986). We also used the unmeasured latent method factor technique to detect common method var- iance. Specifically, we added an uncorrelated method factor to the hypothesized seven-factor model and connected all items to the method factor. The average variance explained by the method factor was 9%, which is less than the 25% average in the literature (Neubert et al., 2016; Williams et al., 1989). Thus, our findings are unlikely to have been heavily influ- enced by common method variance.",The authors did not make a clear claim regarding the relative fit of the model as it pertains to the ULMC,Yes,9,Common method bias does not pose a significant threat to the study conclusions,NA,TRUE,legacy_distillersr,2022-2023
91,chriscastille6,No,NA,NA,FALSE,NA,NA,FALSE,NA,NA,NA,NA,NA,NA,FALSE,legacy_distillersr,2022-2023
92,chriscastille6,Yes,Yes,No,TRUE,TRUE,TRUE,TRUE,"Following Podsakoff, MacKenzie, Lee, Podsakoff,60 we adopted two methods to test for common method variance (CMV). First, we deployed Harman’s single factor test to diagnose the potential influence of CMV. The result showed that the first factor explains only 29.71% (< 50%) of the total variance, indicating that CMV in our data was limited. Second, we deployed the unmeasured latent method factor technique recommended by Podsakoff, MacKenzie, Lee, Podsakoff.60 More specifically, we added an unmeasured latent factor to the original measurement model. We allowed all of the measurement items to load onto their theoretical factor and also onto the unmeasured latent factor. We compared our original measurement model and the new latent factor model to see if introducing the unmeasured latent factor would significantly change the model fit. Following Alfes, Truss, Soane, Rees, Gatenby,61 we tested the change of comparative fit index (CFI) values for both models to check the model fit differences. The change of CFI value for both models was only 0.041, which is less than the rule of thumb of 0.05 (Alfes, Truss, Soane, Rees, Gatenby.61 To sum up, these results indicate that CMV is not a serious concern in our study.",The authors did not make a clear claim regarding the relative fit of the model as it pertains to the ULMC,No,NA,Common method bias does not pose a significant threat to the study conclusions,NA,TRUE,legacy_distillersr,2022-2023
93,chriscastille6,No,NA,NA,FALSE,NA,NA,FALSE,NA,NA,NA,NA,NA,NA,FALSE,legacy_distillersr,2022-2023
94,chriscastille6,Yes,Yes,No,TRUE,TRUE,TRUE,TRUE,"For Study 1, given the cross-sectional design of our data sample, we used a single unmeasured latent method factor to minimize common method variance (CMV), according to the recommendations by Podsakoff et al. (2003). The CMV reflects the systematic variance among all items in the model other than the covariance among the constructs (Hulland, Baumgartner, and Smith 2018; Podsakoff et al. 2003). Our results for Study 1 showed that even after includ- ing the CMV in the confirmatory factorial analysis, the loadings to latent constructs of our model remained positive and significant for all items and was not significantly changed (loadings change an average of .06). This procedure agrees with suggestions from Malhotra, Kim, and Patil (2006). Moreover, the model fit indicators (e.g., CFI, AGFI, and RMSEA) also remained good and unchanged. These results indicated that the influence of CMV is minimal (Hulland, Baumgartner, and Smith 2018). For Study 2, using multisource data reduces risks con- nected with common source biases (Podsakoff et al. 2003). Thus, we used data from salespeople and their companies. Previous sales studies have used this method of employing multisource data (see Gabler et al. 2017). In addition, using a procedure like Bachrach, Mullins, and Rapp (2017), we condensed the use of extensive scales, because our sample refers to salespeople assessing the perceptions of their man- agers working with both controls. Third, we measured sales performance in terms of efficiency, as used by Schmitz, Lee, and Lilien (2014), mixing subjective and objective measures. Therefore, we considered all concerns suggested by Hulland, Baumgartner, and Smith (2018) for dealing with common method bias.",The authors did not make a clear claim regarding the relative fit of the model as it pertains to the ULMC,No,NA,Common method bias does not pose a significant threat to the study conclusions,NA,TRUE,legacy_distillersr,2022-2023
95,chriscastille6,Yes,Yes,No,TRUE,TRUE,TRUE,TRUE,"The longitudinal nature of the study helps to overcome concerns regarding common method bias (CMB) to some degree as such designs are less susceptible to CMB, com- pared to cross-sectional designs [67]. To statistically address the potential influence of CMB, we added an unmeasured latent method factor to the CFA and allowed all self- reported items to load on both their respective theoretical constructs and the method factor [5]. The analysis indicates that the common variance is less than 11 percent; further, the item loadings on the common method factor were not statistically significant and were much lower than the load- ings on their respective constructs. Comparing the model fit of these two different models, the model with and the model without common method factor also revealed that the inclusion of common method factor did not change the value of the model fit (CMIN/DF values were 1.29 and 1.28, respectively). Finally, a CFA model, which had a common latent factor, was used to impute the factor scores for the creation of the interaction terms in the model. We added a common latent factor to the full structural model and associated it with the indicators of the constructs. This enabled us to partial out any possible effect of common method bias on the structural model. The results indicate that after including a common latent factor in the full structural model, the estimates for the hypothesized effects remained virtually the same, which also suggests that common method bias did not affect the results. In sum, the results of the above analyses provide confidence that CMB is not a concern in this study.",The inclusion of a ULMC did not improve the fit of the model (no change in model fit),Yes,11,Common method bias does not pose a significant threat to the study conclusions,The authors examined how their structural parameter estimates changed by including and excluding the ULMC (they did not).,TRUE,legacy_distillersr,2022-2023
96,chriscastille6,Yes,Yes,No,TRUE,TRUE,TRUE,TRUE,"We adopted Richardson et al.’s (2009) approach to controlling for the effects of an unmeasured latent method factor, and compared the fit indices of the basic model without common method variance (CMV) to the model using CMV as a latent variable. The results show that the RMSEA value increased by .006 after adding the CMV latent variable. However, the values of other indicators declined, indicating that the model’s fit indices did not improve after adding the latent variable; thus, common method deviation was not a serious concern.",The authors did not make a clear claim regarding the relative fit of the model as it pertains to the ULMC,No,NA,Common method bias does not pose a significant threat to the study conclusions,"The authors appear to have evidence that including the ULMC worsens model fit, but they do not provide adequate description (e.g., model data fit statistics and comparisons).",TRUE,legacy_distillersr,2022-2023
97,chriscastille6,No,Yes,No,FALSE,TRUE,TRUE,FALSE,NA,NA,NA,NA,NA,NA,FALSE,legacy_distillersr,2022-2023
98,chriscastille6,Yes,Yes,No,TRUE,TRUE,TRUE,TRUE,"We further examined the extent of common method bias using the unmeasured latent method construct technique (Podsakoff, MacKenzie, Lee, & Podsakoff, 2003; Richardson, Simmering, & Sturman, 2009). Each indicator was additionally allowed to load on an uncorrelated latent method factor. The fit of this model was significantly inferior (Dv2ð2Þ =356.65,p<.001)tothefitofthe7-factormodelwithouttheunmeasuredlatent method construct (see Table 2). Only 1.9% of the total variance was accounted for by the common method factor. Thus, we concluded that common method variance was not a serious problem in this study (Richardson et al., 2009; Williams, Cote, & Buckley, 1989).",The inclusion of a ULMC harmed the fit of the model (the fit of the proposed model was superior),Yes,1.9,Common method bias does not pose a significant threat to the study conclusions,NA,TRUE,legacy_distillersr,2022-2023
99,chriscastille6,No,NA,NA,FALSE,NA,NA,FALSE,NA,NA,NA,NA,NA,NA,FALSE,legacy_distillersr,2022-2023
100,chriscastille6,No,NA,NA,FALSE,NA,NA,FALSE,NA,NA,NA,NA,NA,NA,FALSE,legacy_distillersr,2022-2023
101,chriscastille6,No,NA,NA,FALSE,NA,NA,FALSE,NA,NA,NA,NA,NA,NA,FALSE,legacy_distillersr,2022-2023
102,chriscastille6,Yes,Yes,No,TRUE,TRUE,TRUE,TRUE,"As the data we collected are self-reported, there is potential for common method variance (CMV). To address this issue, Harman's single-factor test was performed to examine the possible effects of CMV. Exploratory factor analysis with unrotated exploratory factor analysis was used to check the data. The results indicated that six factors were extracted from the data, and no single factor dominated the total variance. Therefore, CMV is not a serious problem. Moreover, an unmeasured latent method construct was added to further examine the CMV (Williams et al., 1989). We allowed all measurement items to load on their theoretical constructs and the method construct. Then the fit of the common method model and the proposed measurement model was compared. The results of model comparison showed that the addition of the method construct did not result in a significant change of model fit (Δχ2 = 14.33, Δdf = 15, p > 0.50). It further ensured that CMV was not a serious threat in the data analysis.",The inclusion of a ULMC did not improve the fit of the model (no change in model fit),No,NA,Common method bias does not pose a significant threat to the study conclusions,NA,TRUE,legacy_distillersr,2022-2023
103,chriscastille6,Yes,Yes,No,TRUE,TRUE,TRUE,TRUE,"Since our study used same-source data, we tested for the extent of common method variance. As Cyr et al. (2009) noted in their survey of the IS literature, such checks are rare but important. We added a common latent factor to the con- firmatory factor model (including communication, identifi- cation, and objective distance), connecting it to all of the observed items in the model and constraining the paths from the common latent factor to be equal. In this way, each item serves as an indicator not only of its substantive factor, but also of an unmeasured latent method factor (Podsakoff and MacKenzie 1994). By squaring the unstandardized regression coefficients from the common factor we determined that the common shared variance was less than .01. This suggests that common method variance was not an important factor in our results.",The authors did not make a clear claim regarding the relative fit of the model as it pertains to the ULMC,Yes,0.9,Common method bias does not pose a significant threat to the study conclusions,"Technically, less than 1% but I figured this was a meaningful compromise of accuracy for fidelity to data entry.",TRUE,legacy_distillersr,2022-2023
104,chriscastille6,Yes,Yes,No,TRUE,TRUE,TRUE,TRUE,"Considering that the four major variables of interest are multidimensional higher-order constructs, it is impor- tant to confirm that method variance does not have a substantial effect on the correlations between the first-order factors (Johnson, Rosen, & Djurdjevic, 2011). Following the statistical procedures and recommenda- tions suggested by Podsakoff et al. (2003) and Johnson et al. (2011), a single unmeasured latent method fac- tor with all indicators was added to the theoretical model. Due to the model identification issue (Hall, Snell, & Foust, 1999; Little, Cunningham, Shahar, & Widaman, 2002), three item parcels were created for each first-order factor of the employee expertise construct, and two item parcels were created for each first-order factor of the high-quality connection capacities construct. The CFA results of the baseline model showed ade- quate fit indices [χ2 (685) = 1154.108, p < .01; CFI = .90; TLI = .90; RMSEA = .05; SRMR = .06]. The addi- tion of the unmeasured latent method factor improved the model fit [χ2 (646) = 991.24, p < .01; CFI = .92; TLI = .91; RMSEA = .05; SRMR = .05]. However, all loadings of the first-order factors onto the second-order factors remained substantial in the method factor model compared to the theoretical model (e.g., .72 vs. .75, .65 vs., .86, .52 vs. .62, and .73 vs. .81 for subjective expertise, supportive leadership, knowledge sharing, and connectivity, respectively), except two first-order factors of the TL construct (e.g., .19 vs. .77 and .03 vs. .75 for vision and intellectual stimulation, respectively). In addition, the method factor explained less than 2% of the total variance among the items. These results led to the conclusion that common method variance (CMV) was a mild issue for the current study.",The inclusi&oacute;n of a ULMC did improve the fit of the model,Yes,1.9,Whether common method bias is or is not a significant threat to the study conclusions remains unclear,"Technically, the authors concluded that cmv poses a mild concern for the study. Also, they used parceling, which may hide CMV.",TRUE,legacy_distillersr,2022-2023
105,chriscastille6,No,NA,NA,FALSE,NA,NA,FALSE,NA,NA,NA,NA,NA,NA,FALSE,legacy_distillersr,2022-2023
106,chriscastille6,Yes,Yes,No,TRUE,TRUE,TRUE,TRUE,"We employed both procedural and statistical remedies to control for common method variance in our studies (Podsakoff, MacKenzie, & Podsakoff, 2012). First, we obtained predictor and criterion variables from two different sources: measures shared leadership, meaning of work, and power distance were collected from team members, and the measure of individual creativity was collected from team leaders. Further, we collected leader ratings of member creativity 10 days after the assessment of the predictor variables, which provided tem- poral separation to minimize the potential impacts of common method bias (Podsakoff et al., 2012). Finally, we further applied statistical rem- edies to evaluate the magnitude of common method bias in our stud- ies. Following Podsakoff, MacKenzie, Lee, and Podsakoff (2003), we controlled for the effects of an unmeasured latent method factor. That is, all the items were loaded on their corresponding theoretical constructs, as well as on a latent method factor. The results indicated that the measurement model with the latent common method factor (χ2(145) = 716.45, p < .001, CFI = 0.91, TLI = 0.88, RMSEA = 0.08) showed poorer fit than our proposed four-factor model (χ2 (164) = 674.74, p < .001, CFI = 0.92, TLI = 0.90, RMSEA = 0.07). In addition, we note that common method variance cannot explain statistical interactions and if anything works against detecting such interactions (Evans, 1985).",The inclusion of a ULMC harmed the fit of the model (the fit of the proposed model was superior),No,NA,Common method bias does not pose a significant threat to the study conclusions,"The authors` focal hypotheses are interaction effects, which are presumed to be less vulnerable to CMV.",TRUE,legacy_distillersr,2022-2023
107,chriscastille6,No,NA,NA,FALSE,NA,NA,FALSE,NA,NA,NA,NA,NA,NA,FALSE,legacy_distillersr,2022-2023
108,chriscastille6,Yes,Yes,No,TRUE,TRUE,TRUE,TRUE,"Even though procedural measures were implemented to avoid the common method bias, we nonetheless conducted Harman (1960)’s single-factor test and an unmeasured latent method factor (ULMF) test to ensure that CMV would not be a problem within our data (Podsakoff et al., 2003). On the one hand, the results of Harman (1960)’s single-factor test showed that a one-factor model did not produce an acceptable fit with the data (χ2 [350] = 698.21, p < 0.01, CFI = 0.67, TLI = 0.62, RMSEA = 0.13, SRMR = 0.09). On the other hand, the results of ULMF test showed that the five-factor model with the unmeasured latent method factor obtained a good fit (χ2 [350] = 98.23, p < 0.01, CFI = 0.98, TLI = 0.97, RMSEA = 0.04, SRMR = 0.03). However, the changes of the fit indices between the proposed four-factor model and the five-factor model (∆CFI = 0.02, ∆TLI = 0.01, ∆RMSEA = 0.01, ∆SRMR = 0.01) were well below the suggested rule of thumb of 0.05 (Bagozzi & Yi, 1990). Fur- thermore, the average variance extracted by the unmeasured latent method factor was below the cutoff value of 0.50 to verify the presence of a latent factor (Hair et al., 2011). Taken together, these results indicated that CMV was not a significant problem in this study.",The inclusion of a ULMC did not improve the fit of the model (no change in model fit),No,NA,Common method bias does not pose a significant threat to the study conclusions,The average method variance extracted was below 50%. The authors did not specify the amount exactly.,TRUE,legacy_distillersr,2022-2023
109,chriscastille6,Yes,Yes,No,TRUE,TRUE,TRUE,TRUE,"We examined the robustness of the results with four approaches. First, as Podsakoff et al. (2003) recommend, we employed Harman’s one- factor test. This test assesses the threat of common method bias by indicating whether a single latent factor offers a viable alternative explanation of the analysis. The one-factor latent model yielded a chi-square of 6063.27 (d.f. = 209). The fit of the one-factor model was significantly worse than that of the measurement model. Therefore, we gained preliminary evidence that the measurement model was robust to common method variance. Second, considering possible limitations of Harman’s one-factor test, we employed Lindell and Whitney’s (2001) marker variable assessment technique. We chose attractiveness of uploaded photos (AUP) as the marker variable for the analysis, because it is theoretically unrelated to our dependent variable of we-intentions. The we-intentions and AUP exhibited nonsignificant correlations of .02. Therefore, we used AUP’s measured correlation with the dependent variable as an indication of method variance. None of the significant correlations in the overall model became insignificant after adjustment, providing additional evidence against the existence of common method bias in our data. Third, we added an unmeasured latent method factor and allowed all self-reported items to load on both their theoretical constructs and the method factor (Bagozzi 2011). This model fit well: χ2[199] = 451.31, p . .00, RMSEA = .036, SRMR = .035, NNFI = .99, and CFI = .99. All item loadings on the common method factor were much lower than the loadings on their respective constructs, and the structural model estimates for our hypothesized effects remained virtually unchanged after we introduced the method factor, which also suggests that common method bias did not bias the results. Finally, common method bias was unlikely to explain the hypothesized moderating effect of members’ experience level on the link between we-intentions and contribution behavior, because the survey respondents should not have easily anticipated any complicated interactive relationships in the framework (Aiken and West 1991). Collectively, across the four criteria we examined, we can conclude that common method bias does not present a significant threat to the study.",The authors did not make a clear claim regarding the relative fit of the model as it pertains to the ULMC,No,NA,Common method bias does not pose a significant threat to the study conclusions,"Technically, the authors fit statistics support the conclusion that the model including the ULMC does fit the data better than the model without the ULMC. However, they do not point this out.  You can tell by looking at the chi square statistics.",TRUE,legacy_distillersr,2022-2023
110,chriscastille6,Yes,Yes,No,TRUE,TRUE,TRUE,TRUE,"Moreover, because the data were collected at the same time with self-report scales, common method bias problems may arise and inflate the patterns of relationships among the study variables. Following the statistical recommendations of Podsakoff et al. (2003), we used the unmeasured latent meth- od factor approach to control for the effects of common meth- od variance, prior to testing hypotheses. This specific ap- proach was chosen because it does not require specifying the source of method bias and it controls for any systematic var- iance among the items that is independent of the covariance because of the constructs of interest (Podsakoff et al. 2003). This technique is recommended when the specific source of method bias is unknown or cannot be measured (Williams et al. 1989), as in the present study. Accordingly, we added a common method factor to the hypothesized four-factor model, to assess the potential in- crease in model fit that would be obtained from accounting for the unmeasured method factor. The model provided a bet- ter fit to the data than the same model without the method factor (sample 1: χ2 [102] = 143.01, CFI = .97, RMSEA = .05, SRMR = .05, Δχ2 (18) = 62.37, p < .01; sample 2: χ2 [102] = 145.5, CFI = .95, RMSEA = .07, SRMR = .05, Δχ2 (18) = 72.14, p < .01). Nonetheless, the method factor accounted for 19% of total variance in sample 1 and for 23% of total variance in sample 2, which is below the average portion of variance (26%) reported in self-report stud- ies (Podsakoff et al. 2003; Williams et al. 1989). We can therefore conclude that common method bias does not pose a serious threat in this study.",The inclusi&oacute;n of a ULMC did improve the fit of the model,Yes,23,Common method bias does not pose a significant threat to the study conclusions,NA,TRUE,legacy_distillersr,2022-2023
111,chriscastille6,Yes,Yes,No,TRUE,TRUE,TRUE,TRUE,"To test for common method variance, we conducted a Harman's single‐factor test (Podsakoff, MacKenzie, Lee, & Podsakoff, 2003). This test involves a CFA in which we loaded all variables onto one general factor (one‐factor model). This model showed a mediocre fit to the data (χ2[357] = 1328.60.61, p < 0.001; SRMR = 0.13; IFI = 0.55; CFI = 0.54; RMSEA = 0.12), indicating that a single factor does not account for the majority of variance in data. We then performed a second test, as recommended by Podsakoff et al. (2003), in which an unmeasured latent method factor was added to the five‐factor model, allowing all items to load on their theoretical constructs, as well as on the latent methods factor. The method model obtained a good fit (χ2[318] = 440.41, p < 0.001; SRMR = 0.09; IFI = 0.95; CFI = 0.94; RMSEA = 0.05). Because the five‐factor model cannot be nested within this model, but both have the same observed variables, the comparison of the goodness‐of‐fit of these models was calculated by CFI difference. The change of CFI between both models was 0.03, which is below the suggested rule of thumb of 0.05 (Bagozzi & Yi, 1990). Therefore, one can conclude that including the method factor in the model does not significantly improve the overall fit of the model.",The inclusion of a ULMC did not improve the fit of the model (no change in model fit),No,NA,Common method bias does not pose a significant threat to the study conclusions,NA,TRUE,legacy_distillersr,2022-2023
112,chriscastille6,Yes,Yes,No,TRUE,TRUE,TRUE,TRUE,"We performed two statistical tests to check the presence of common method variance. First, the marker-variable test was performed by examining the correlation between our marker variable ‘how likely is it that you will leave Ireland to live in another country in the next two years?’ and the study variables; we found no strong correlations. Second, we performed an unmeasured latent method factor test (Podsakoff et al., 2003: 891) for which the observed items were loaded on their theoretical constructs and then on a latent common method factor. The average common method variance was low enough (about 7.4 per cent) to dismiss presence of common method variance.",The authors did not make a clear claim regarding the relative fit of the model as it pertains to the ULMC,Yes,7.4,Common method bias does not pose a significant threat to the study conclusions,NA,TRUE,legacy_distillersr,2022-2023
113,chriscastille6,Yes,Yes,No,TRUE,TRUE,TRUE,TRUE,"Moreover, since the independent variable (appraisal of eco- nomic crisis) and the mediator (psychological distress) were collected at the same time with self-report scales, common method bias problems may arise and inflate our study results. Following Podsakoff, MacKenzie, and Podsakoff’s (2012) statistical recommendations, we used the unmeasured latent method factor approach to control for the effects of common method variance, prior to testing hypotheses. This specific approach was chosen because it does not require specifying the source of method bias, and it controls for any systematic variance among the items that is independent of the covari- ance because of the constructs of interest (Podsakoff et al., 2012). Indeed, this technique is recommended when the spe- cific source of method bias is unknown or cannot be measured (Williams, Cote, & Buckley, 1989), as in the present research. Accordingly, we added a common method factor to the two-factor model including appraisal of economic crisis and psychological distress to assess the potential increase in model fit that would be obtained from accounting for the unmeasured method factor. The model provided a better fit to the data than the same model without the method factor (χ2 [11] = 43.57, CFI = .99; RMSEA = .05; SRMR = .02, Δ χ2 (8) = 43.57, p < .01). The method factor accounted for 20% of total vari- ance, which is below the average portion of variance (26%) reported in self-report studies (Podsakoff et al., 2012; Williams et al., 1989). Moreover, the factor loadings in this model remained significant and highly similar to the ones of the two-factor model without the method factor.1 These results therefore suggest that common method bias does not pose a serious threat in our study.",The inclusi&oacute;n of a ULMC did improve the fit of the model,Yes,20,Common method bias does not pose a significant threat to the study conclusions,NA,TRUE,legacy_distillersr,2022-2023
114,chriscastille6,No,NA,NA,FALSE,NA,NA,FALSE,NA,NA,NA,NA,NA,NA,FALSE,legacy_distillersr,2022-2023
115,chriscastille6,Yes,Yes,No,TRUE,TRUE,TRUE,TRUE,"To control the results for potential common-method bias, a single unmeasured latent method factor was intro- duced in the causal model. That is, an unmeasured latent construct was added, and all items were allowed to load on their theoretical constructs, as well as on the latent common-methods variance factor. This procedure allows controlling the portion of variance in the indicators due to their same source and other same-method effects. For identification purposes, method factor loadings had to be constrained to be equal when estimating this model (Podsakoff et al., 2003). Examination of the significance of the structural parameters with and without this factor in the model showed a similar fit of the model when the common-methods variance factor was included. Besides the previously encountered significant positive effect of perceived advantages on behavioral intention formulated in H2, which turned out to become nonsignificant, all other path effects remained the same (i.e., the effects that were significant or nonsignificant when common-method vari- ance was not controlled remained significant or nonsig- nificant when it was controlled) (Podsakoff et al., 2003). While these relationships were not strongly affected by the common-method variance factor, they changed slightly. The relationship between perceived advantages and atti- tude as well as subjective norms and behavioral intention decreased to a small extent, while the relationship between perceived behavioral control and the relationship some- what increased (Table 7). Overall, common-method bias slightly affected but did not change the picture of the presented results. In line with Spector (2006), the study has established that the variables of interest are related. Future research may “do a series of studies and analyses to control and test for plausible biases that might have dis- torted the observed relationship” (Spector, 2006, p. 230).",The authors did not make a clear claim regarding the relative fit of the model as it pertains to the ULMC,No,NA,Whether common method bias is or is not a significant threat to the study conclusions remains unclear,NA,TRUE,legacy_distillersr,2022-2023
116,chriscastille6,No,NA,NA,FALSE,NA,NA,FALSE,NA,NA,NA,NA,NA,NA,FALSE,legacy_distillersr,2022-2023
117,chriscastille6,No,NA,NA,FALSE,NA,NA,FALSE,NA,NA,NA,NA,NA,NA,FALSE,legacy_distillersr,2022-2023
118,chriscastille6,No,NA,NA,FALSE,NA,NA,FALSE,NA,NA,NA,NA,NA,NA,FALSE,legacy_distillersr,2022-2023
119,chriscastille6,Yes,Yes,Yes,TRUE,TRUE,FALSE,FALSE,NA,NA,NA,NA,NA,NA,FALSE,legacy_distillersr,2022-2023
120,chriscastille6,No,NA,NA,FALSE,NA,NA,FALSE,NA,NA,NA,NA,NA,NA,FALSE,legacy_distillersr,2022-2023
121,chriscastille6,No,NA,NA,FALSE,NA,NA,FALSE,NA,NA,NA,NA,NA,NA,FALSE,legacy_distillersr,2022-2023
122,chriscastille6,Yes,Yes,No,TRUE,TRUE,TRUE,TRUE,"One important issue with all self-report data is the common method variance (CMV) (Podsakoff & Organ, 1986). Therefore, we informed all the respondents that their responses would be confidential and for academic research purposes only to reduce common method bias (Podsakoff, MacKenzie, Lee, & Podsakoff, 2003). In addition, we first conducted a Harmon’s single factor test to check it. We performed an exploring factor analysis on all independent and dependent variables. The results show that the top nine factors (we measured a total of nine independent and dependent variables through the question- naire) can explain 71.94 percent of total variance, which is more than 60 percent, and there is no one fac- tor which can explain more than 30 percent of the total variance. In addition, we used the most rigorous tests based on confirmatory factor analysis (CFA) to assess and control for CMV (Podsakoff et al., 2003). We added an unmeasured latent method factor in the CFA model, making each item an indicator of both its substantive trait and the latent method factor. Then, we compared the new model fit indices and factor loading of each indicator with the basic model to ver- ify the extent of changes to the model fit. Our results show that the model fit indices become limited bet- ter with the latent method factor (e.g., as for subjective value of negotiation outcome, v2/df is decreased from 1.95 to 1.78 (change of 8%); GFI is increased from 0.90 to 0.91 (change of 0.8%); CFI is increased from 0.95 to 0.96 (change of 0.9%); IFI is increased from 0.95 to 0.96 (change of 0.9%). As for negotia- tion behavior, v2/df is decreased from 1.84 to 1.64 (change of 11%); GFI is increased from 0.87 to 0.88 (change of 1.4%); CFI is increased from 0.91 to 0.93 (change of 2.5%); IFI is increased from 0.91 to 0.93 (change of 2.4%). All the model fit indices’ changes are lower than the average level of 25 percent observed by Williams, Cote, and Buckley (1989), and 16 percent observed by Carlson and Perrewe (1999) which indicates that our research did not suffer from a serious disturbance of CMV.",The authors did not make a clear claim regarding the relative fit of the model as it pertains to the ULMC,No,NA,Common method bias does not pose a significant threat to the study conclusions,The authors did not accurately report on the amount of the method variance in the their data and how it compares to published benchmarks.,TRUE,legacy_distillersr,2022-2023
123,chriscastille6,Yes,Yes,No,TRUE,TRUE,TRUE,TRUE,"Following the suggestion of Podsakoff et al. (2003) [66], we first used the unmeasured latent method factor to test the common method variance that may be caused by the single source data collected in the measures. A method factor was drawn into the original four- factor model of HPEs, stress, POS, and PSRB to construct a five-factor model. After testing the fitting indexes of the new model, it was found that, compared to the four-factor model, fitting indexes of the five-factor model had increased a little; however, the increasing extent of CFI, TLI, and RMSEA was less than 0.02, and the change of them was not significant. The results showed that the common method variance in our study was not significant. Furtherly, we used Harman’s single-factor test to verify the final score. The results showed that the first factor accounted for 28.39%, indicating that there was no general factor that could account for the majority of the covariance among the measures, which proved again that there was no significant common method variance in our measures.",The inclusion of a ULMC did not improve the fit of the model (no change in model fit),No,NA,Common method bias does not pose a significant threat to the study conclusions,NA,TRUE,legacy_distillersr,2022-2023
124,chriscastille6,Yes,Yes,No,TRUE,TRUE,TRUE,TRUE,"he existence of common method bias (CMV) can be fatal, particularly in mediation studies where the data are collected through self-report questionnaires. Therefore, we used proactive measures to prevent these biases, and then ex-post statistical techniques (Podsakoff et al. 2003), to weigh to what extent our results are affected by common method biases (see also, Conway and Lance 2010). In the proactive case, our surveyors guaranteed respondents’ confidentiality and anonymity in order to diminish the social desirability bias. In addition, the researchers separated the items of anomia from those of employees’ perceived interpersonal deviance, and these two scales’ items appeared on different pages of the questionnaire. This yielded an effect of psy- chological separation in the respondents (Podsakoff et al. 2003). In the ex-post statistical technique, the possibility of common method bias (CMV) was tested using Harman’s one-factor test (Podsakoff and Organ 1986). Following Harman’s one-factor test, we used exploratory factor anal- ysis (EFA) for item reduction, but fixing only one factor to extract and with no rotation. The principal component factor analysis conducted on the items of anomia and interpersonal deviance, and the factors of uncompassionate feeling, yiel- ded a unique factor that explains 14.39 % of the variance (rule of thumb establishes that if the factor explains more than 25 %, it suggests significant CMV). In addition, we employed CFA to test the fit of a one-factor model (where negative judgments about others, over-identification, isola- tion, and interpersonal deviance items were loaded in a single factor) and the five-factor model. The results showed that the fit of the five-factor solution (v2 = 344.202, df = 142, p\.001; CFI = .89; IFI = .89; TLI = .86; NFI = .83; RMSEA = .061) is significantly better (Dv d2 (10) = 904.174, p \ .001) than the one-factor model (v2 = 1248.376, df = 152, p \ .001; CFI = .41; IFI = .42; NFI = .39; TLI = .26; RMSEA = .161), supporting no significant CMV. The final statistical procedure to check for CMV involved controlling for the effects of an unmeasured latent method construct by specifying a latent CMV factor on which all the manifest indicators load. All the regression weights have to be constrained to be equal. The fit indices of this model with the CMV factor (v2 = 319.324, df = 141, p \ .001; CFI = .860; IFI = .859; TLI = .810; NFI = .801; RMSEA = .067) was worse than the fit of the CFA model without the CMV factor (v2 = 344.202, df = 142, p\.001; CFI = .89; IFI = .89; TLI = .86; NFI = .83; RMSEA = .061), as the Chi square difference test was significant (Dv d2(1) = 24.878, p \ .001). More- over, each of the regression weights was .28, which squared results in about 7.84 % of common variance. All of the above patterns suggest that CMV exists, but it was not a major problem for the data (Podsakoff et al. 2003).",The inclusion of a ULMC harmed the fit of the model (the fit of the proposed model was superior),Yes,7.84,Common method bias does not pose a significant threat to the study conclusions,The authors appear to incorrectly reject the model without the ULMC using the chi-square test (comparing their models using their fit statistics leads to the exact opposite conclusion).,TRUE,legacy_distillersr,2022-2023
125,chriscastille6,Yes,Yes,No,TRUE,TRUE,TRUE,TRUE,"With regard to our research design, our self-reported data were collected from a single source at one point in time, so common method bias (CMB) may be a concern (P. M. Podsakoff et al., 2003). Although CMB cannot inflate (but does deflate) interaction effect (P. M. Podsakoff et al., 2012), which is the central issue of this research, we evaluated whether CMB might be a threat to the underlying data. We employed two statistical post hoc techniques to assess whether variance in our data could be attrib- uted to a single factor. First, we conducted a confirmatory factor analysis to test model fit difference between the one-factor model and a multifactor model (Craighead et al., 2011). The one-factor model (χ2 = 5,829.22, df = 702, p < .001) fit significantly worse than the multifactor model (χ2 = 1,182.58, df = 692, p < .001), implying that CMB does not pose a serious threat (Δχ2 =4,646.64, Δdf = 10, p < .001). Second, we ran a confirmatory factor analysis controlling for the effects of a single unmeasured latent method factor (P. M. Podsakoff et al., 2003), allowing all indicators in the mea- surement model to load on an unmeasured method factor as well as their respective factors. The common latent factor accounted for 12% of the total variance, which is well below the 25% threshold (Williams et al., 1989). Thus, CMB is not a problem in the present case.",The authors did not make a clear claim regarding the relative fit of the model as it pertains to the ULMC,Yes,12,Common method bias does not pose a significant threat to the study conclusions,NA,TRUE,legacy_distillersr,2022-2023
126,chriscastille6,Yes,Yes,No,TRUE,TRUE,TRUE,TRUE,"Lastly, given that the variables in our study were collected at the same time and obtained by the same method (self-report questionnaires), com- mon method variance might have affected the strength of observed rela- tionships. Podsakoff, MacKenzie, Lee, and Podsakoff (2012) recommend a series of methods to evaluate the potential effect of common method var- iance. In the current study, we adopted the technique of controlling for the effects of a single unmeasured latent method factor. Utilising this method we found that common method variance was not a factor that affected the strength of the relationships in our study. Specifically, we used the unmeasured latent method factor (UMLMF) technique (Podsak- off, MacKenzie, Lee, & Podsakoff, 2003) to detect common variance shared among substantive indicators that are not due to random error or the substantive constructs. Using Amos 19 (Arbuckle, 2010), we added a common latent factor to a measurement model that included all the studys variables. We then added regression lines from the common factor to every observed item in the model. This way we could determine the amount of variance that is commonly shared among all the observed items in the model. We found that the proportion of variance attributed to method is 17 per cent. Given that this is lower than the 25 per cent threshold, we conclude that the common method variance present in our data is not sufficient to bias results (e.g. see Choi & Chen, 2007).",The authors did not make a clear claim regarding the relative fit of the model as it pertains to the ULMC,Yes,17,Common method bias does not pose a significant threat to the study conclusions,NA,TRUE,legacy_distillersr,2022-2023
127,chriscastille6,No,NA,NA,FALSE,NA,NA,FALSE,NA,NA,NA,NA,NA,NA,FALSE,legacy_distillersr,2022-2023
128,chriscastille6,Yes,Yes,No,TRUE,TRUE,TRUE,TRUE,"Finally, I also followed Podsakoff et al. (1990), who recommended control- ling for common methods bias using an unmeasured latent method factor. This involves generating a latent variable through factor analysis that captures the covariance between all of the variables suspected of suffering from common methods bias. Here, I loaded my dependent variable for knowledge transfer success and my composite measures for host- and home-country embedded- ness into a single factor (which explains 17.4 percent of their total variation). I then used the factor scores as a control variable in my models. This factor should account for the common variation of its component variables, which arguably comes from common methods bias.",The authors did not make a clear claim regarding the relative fit of the model as it pertains to the ULMC,Yes,17.4,The authors do not provide a conclusion regarding the role of common method bias,It appears as though the authors controlled for CMV throughout their model testing.,TRUE,legacy_distillersr,2022-2023
129,chriscastille6,Yes,Yes,No,TRUE,TRUE,TRUE,TRUE,"We performed a series of CFAs to examine the distinctiveness of the study variables. The hypothesized 9-factor measurement yielded a good fit: χ2 (909) = 1192.61 (p < .001), CFI = .92, TFI = .91, RMSEA = .04, SRMR = .06. Comparisons with alternative models (e.g., by collapsing some factors to form alternative models; Table A1) suggested that the nine-factor model fits the data best. All items loaded significantly (p < .01) on corresponding constructs, with factor loadings ranging from .52 to .89. We further assessed whether common method bias is a concern by testing a measurement model with two latent unmeasured method factors (i.e., self-rating and supervisor-rating). The model with two unmeasured latent method factors yielded a good fit. However, it failed to significantly improve the model fit compared to the hypothesized 9-factor model (Table A1). Thus, common method bias did not threaten the validity of the results.",The inclusion of a ULMC did not improve the fit of the model (no change in model fit),No,NA,Common method bias does not pose a significant threat to the study conclusions,The authors do provide the model fit statistics for all tested models.,TRUE,legacy_distillersr,2022-2023
130,chriscastille6,Yes,Yes,No,TRUE,TRUE,TRUE,TRUE,"Moreover, because the independent variables (manager and coworker recog- nition) and the mediator (meaningfulness) were collected at the same time with self-report scales, common method bias problems may have arisen and inflated the study results. In accordance with Podsakoff, MacKenzie, and Podsakoff’s (2012) statistical recommendations, we used the unmeasured latent method factor approach to control for the effects of common method variance, prior to testing the hypotheses. This specific approach was chosen because it does not require specifying the source of method bias and because it controls for any systematic variance among the items that is independent of the covariance because of the constructs of interest (Podsakoff et al., 2012). This technique is recommended when the specific source of method bias is unknown or cannot be measured (Williams, Cote, & Buckley, 1989), as in the present study. Accordingly, to assess the potential increase in the model fit that would be obtained from explaining the unmeasured method factor, we added a common method factor to the three-factor model, including supervisor recognition, cow- orker recognition and meaningfulness. The model provided a better fit to the data than the same model without the method factor (χ2 [74] = 93.93, CFI = .97; RMSEA = .06; SRMR = .06, Δχ2 (13) = 40.00, p < .01). Nonetheless, the factor loadings in this model remained significant and highly similar to those of the three-factor model without the method factor.2 These results therefore suggest that common method bias does not pose a serious threat in our study.",The inclusi&oacute;n of a ULMC did improve the fit of the model,Yes,NA,Common method bias does not pose a significant threat to the study conclusions,The authors indicate that the results of their ULMC tests are available upon request.,TRUE,legacy_distillersr,2022-2023
131,chriscastille6,No,NA,NA,FALSE,NA,NA,FALSE,NA,NA,NA,NA,NA,NA,FALSE,legacy_distillersr,2022-2023
132,chriscastille6,Yes,No,NA,TRUE,FALSE,NA,FALSE,NA,NA,NA,NA,NA,NA,FALSE,legacy_distillersr,2022-2023
133,chriscastille6,Yes,Yes,No,TRUE,TRUE,TRUE,TRUE,"To address the common methods variance issue empirically, we used Harman's one-factor test and the unmeasured latent method factor technique. First, individual unit members' responses (n = 701) to the items that were used to create this study's support climate (five items), affective commitment (eight items), in-role behavior (seven items), OCBI (seven items), and OCBO (seven items) variables were entered in a principal components extraction factor analysis, and the results of the unrotated solution were examined (see Way et al., 2010). Six factors with an eigenvalue greater than 1 emerged from this analysis, and no single factor accounted for most of the variance. Thus, the results of Harman's one-factor test indicate that common method variance is not a problem in this current study (see Podsak- off & Organ, 1986; Way et al., 2010). Next, we used the unmeasured latent method factor technique, which involves adding a first-order method factor whose only mea- sures are the indicators of the measurement model's factors that share a common method (Podsakoff, MacKenzie, & Podsakoff, 2012). The CFA of the five-factor (support climate, affective commitment, in-role behavior, OCBI, and OCBO) measurement model in which all items were specified to load onto their respective five factors demon- strated a good fit with the data (n = 682): χ2517 = 1385.07, p < .001; RMSEA = 0.05; standardized root mean square residual (SRMR) = 0.04; CFI = 0.93; TLI = 0.93.3 Similarly, the CFA of the six- factor measurement model in which an unmeasured latent methods factor was added to the five-factor measurement model and all items were specified to load onto their respective five factors as well as the unmeasured latent methods factor demonstrated a good fit with the data (n = 682): χ2490 = 1322.76, p < .001; RMSEA = 0.05; SRMR = 0.07; CFI = 0.93; TLI = 0.92. The comparison of the goodness-of-fit of these models was calculated by CFI difference. The change of CFI between the five-factor measurement model and the six-factor mea- surement model (0.003) is well below the suggested rule of thumb of 0.05 (Bagozzi & Yi, 1990). Thus, one can conclude that including the unmeasured latent methods factor in the measurement model does not significantly improve the overall fit of the measurement model. Together, these results indicate that common method variance is not a problem in this current study.",The inclusion of a ULMC did not improve the fit of the model (no change in model fit),No,NA,Common method bias does not pose a significant threat to the study conclusions,NA,TRUE,legacy_distillersr,2022-2023
134,chriscastille6,No,Yes,Yes,FALSE,TRUE,FALSE,FALSE,NA,NA,NA,NA,NA,NA,FALSE,legacy_distillersr,2022-2023
135,chriscastille6,Yes,No,NA,TRUE,FALSE,NA,FALSE,NA,NA,NA,NA,NA,NA,FALSE,legacy_distillersr,2022-2023
136,chriscastille6,Yes,Yes,No,TRUE,TRUE,TRUE,TRUE,"We also took several statistical steps in order to rule out the risk of common method variance: as prescribed by Podsakoff and Organ (1986), we conducted Harman’s one-factor test using the items that were part of our conceptual model. If a single factor would have accounted for the majority of the covariance, it would have indicated the existence of common method bias. However, the analysis resulted in several factors, and the first factor accounted for only 21 percent of the total variance. As another statistical control, we conducted a single unmeasured latent method factor test as recommended by Podsakoff et al. (2003), which is specifically used in studies employing single respondents. First, a confirmatory factor analysis model was specified that included the constructs in the conceptual framework of this study. In the second model, an additional method factor was added. The two models were then compared in order to assess the presence or absence of common method variance. The fit statistics of the first, conceptual model were χ2=1212.06, df=498, CFI=0.932, TLI=0.928; RMSEA=0.048, and those of the second model that included the additional method factor were χ2=1029, df=462, CFI=0.938, TLI=0.935; RMSEA=0.051. The addition of the method factor did not greatly improve the fit of the constructs-only model (Δχ2=183.06, Δdf=36, p > 0.05, ΔCFI=0.006, ΔTLI=0.007, ΔRMSEA=0.003). These analyses indicate that common method variance should not have substantially influenced the study results.",The inclusion of a ULMC did not improve the fit of the model (no change in model fit),No,NA,Common method bias does not pose a significant threat to the study conclusions,NA,TRUE,legacy_distillersr,2022-2023
137,chriscastille6,No,NA,NA,FALSE,NA,NA,FALSE,NA,NA,NA,NA,NA,NA,FALSE,legacy_distillersr,2022-2023
138,chriscastille6,Yes,Yes,No,TRUE,TRUE,TRUE,TRUE,"Although they are regularly used in business re- search, self-reported measures with a common scale format and the potential to invoke social desirability are generally susceptible to common method bias. To reduce this effect, we ensured the respondents’ anonymity and common understanding of terms and explained the importance of providing motivated and conscientious answers (Podsakoff, MacKenzie, & Podsakoff, 2012). We performed several statistical pro- cedures to detect potential common method bias. First, we conducted Harman’s single-factor test, loading 14 self-reported variables on one factor and using an exploratory principal axis factoring without rotation. One factor explained only 29.9% of variance; hence, it did not indicate a potential common method bias (Podsakoff et al., 2003). Next, we ran a single-factor model based on confirmatory factor analysis. The model had an unacceptable fit (x2 5 291.89, df 5 35.16, p , .05, RMSEA 5 .13, SRMR 5 .12, NNFI 5 .71). Last, we tested a measurement model with the addition of a single, unmeasured latent method factor using all ob- served variables as its indicators (Podsakoff, MacKenzie, Lee, & Podsakoff, 2003; Podsakoff et al., 2012). This model yielded an improper solution, indicating a po- tentially serious misfit. Although no statistical test can completely exclude the possibility of common method bias, the results provide evidence that it most likely does not threaten the validity of our results.",The authors did not make a clear claim regarding the relative fit of the model as it pertains to the ULMC,No,NA,Common method bias does not pose a significant threat to the study conclusions,"The inclusion of the ULMC yielded an improper solution, suggesting a serious model misspecification had occurred.",TRUE,legacy_distillersr,2022-2023
139,chriscastille6,Yes,Yes,No,TRUE,TRUE,TRUE,TRUE,"Finally, we introduced an unmeasured latent method factor to our original measurement model allowing all items to load on to their theoretical constructs, as well as on to the latent method factor. This is done to evaluate the extent to which common method variance may influence the results. As expected, the fit of the model including the common methods factor was significantly better (DX2 (1) = 56, p \ .001). However, there was only a marginal improvement in the fit indices between both models. The changes of CFI and NFI values, comparing both models, were 0.005, and the changes in RMSEA and SRMR values were 0.004 and 0.001, which does not exceed the suggested rule of thumb of 0.05 (Bagozzi and Yi 1990). We performed an additional test for common method variance following the procedure suggested by Widaman (1985) and applied by Williams et al. (1989). This approach involves a comparison among a null model, a measurement model, a single method factor model, and a measurement model with an additional method factor. The results indicated that the common method factor did improve model fit, however, it only accounted for a relatively small portion of the variance (16.8 %), which is considerably lower than the amount of common method variance (25 %) observed in Williams et al.’s (1989) study.",The inclusi&oacute;n of a ULMC did improve the fit of the model,Yes,16.8,Common method bias does not pose a significant threat to the study conclusions,NA,TRUE,legacy_distillersr,2022-2023
140,chriscastille6,Yes,Yes,No,TRUE,TRUE,TRUE,TRUE,"We conducted the CFA marker technique [45,49] to test whether our results were affected by CMV problems. Considering we had built a 3-factor CFA model to examine construct validity, we then created a first-order latent marker with all of the measures as indicators to the original CFA model to address the CMV issues. This latent variable approach allowed us to control for the effects of a single unmeasured latent method factor. In comparison with the original three-factor model mentioned above, the new construct with the latent CMV factor still fit the data well (χ2n = 432 = 470.84, df = 148, χ2 /df = 3.259, p < 0.001, CFI = 0.958, TLI = 0.950, RMSEA = 0.072, SRMR=0.056) and did not make any significant differences (△χ2 = 11.42, p > 0.050). Therefore, CMV is unlikely to be a major threat in this study.",The inclusion of a ULMC did not improve the fit of the model (no change in model fit),No,NA,Common method bias does not pose a significant threat to the study conclusions,NA,TRUE,legacy_distillersr,2022-2023
141,chriscastille6,Yes,Yes,No,TRUE,TRUE,TRUE,TRUE,"Common method variance (CMV) can be a significant source of measurement error (Pod- sakoff, MacKenzie, Lee, and Podsakoff, 2003). To help reduce CMV, best practices were used, including (1) assuring respondent anonymity, (2) informing the respondent that there were no correct or incorrect answers to prevent evaluation apprehension (Podsakoff et al., 2003), and (3) varying scale anchors (Rind- fleisch, Malter, Ganesan, and Moorman, 2008). CMV was assessed through the CFA version of Harman’s single-factor test. The measurement model was com- pared with an alternative model in which all items load on a single, common construct. Should the alter- native model explain a majority of the covariance, as evidenced by a nonsignificant chi-square change between the measurement model and CMV model, CMV is likely to be an issue (Podsakoff et al., 2003). The results show that CMV is unlikely to be a con- cern, as the chi-square change between models is large (v2(21) 5 3,812.65) and significant (p < .0001). In addition, to further account for CMV, the unmeasured latent method factor technique was used (Podsakoff, MacKenzie, and Podsakoff, 2012). A com- mon method factor in the CFA model was included, with all items loading on their proposed constructs as well as the common method factor. This approach extracts the CMV and accounts for systemic biases (Podsakoff et al., 2012). Subsequent to the inclusion of the common method factor, latent variable scores were estimated and then used them to test the path model. Model estimation and accounting for direct effects of antecedent variables. The latent variable scores approach was used to test the hypothesized relation- ships (J€oreskog and Yang, 2000). Latent variable scores (factor scores) were extracted from the CFA model that included the unmeasured latent method. actor to account for CMV.",The authors did not make a clear claim regarding the relative fit of the model as it pertains to the ULMC,No,NA,The authors do not provide a conclusion regarding the role of common method bias,"The authors did not make a definitive claim regarding the use of the ULMC, but they did include the ULMC in the final analysis by using factor scores adjusted for CMV.",TRUE,legacy_distillersr,2022-2023
142,chriscastille6,Yes,Yes,No,TRUE,TRUE,TRUE,TRUE,"Given that our variables were measured based on self-reported experiences, we tested the presence and magnitude of common method variance in our data using a single unmeasured latent method factor technique recommended by Podsakoff, MacKenzie, Lee, and Podsakoff (2003). By using Mplus version 8.0 (Muthén & Muthén, 1998-2018), we compared three models, a nine-factor measurement model, a measurement model with an orthogonal method factor, and a revised method factor model by constraining correlations among the nine factors to the correlation obtained from the nine-factor only model. We used chi-square tests, comparative fit index (CFI), Tucker- Lewis Index (TLI), root mean square error of approximation (RMSEA), and standardized root mean-square residual (SRMR) to evaluate measurement models (Hu & Bentler, 1999). The nine-factor and an orthogonal method factor model, χ2(627) = 1415.457, p < .001, CFI = .889, TLI = .869, RMSEA = .073, 95% CI [0.068, 0.079], SRMR = .056, fitted better than the nine-factor only model, χ2(666) = 2055.093, p < .001, CFI = .805, TLI = .783, RMSEA = .095, 95% CI [0.090, 0.099], SRMR = .099; particularly, variance partitioning showed that 19.40% of variance was attributed to the method factor, which is smaller than a median amount of variance 25% from other self-reported studies (Williams, Cote, & Buckley, 1989). Additionally, the fit of a revised model, χ2(663) = 1457.204, p < .001, CFI = .889, TLI = .875, RMSEA = .072, 95% CI [0.067, 0.077], SRMR = .076, did not change significantly (Δχ2 = 41.747, Δdf = 36, p = .235), which showed little evidence for common method variance. Therefore, analyses for hypothesis testing were conducted without accounting for the method factor.",The inclusi&oacute;n of a ULMC did improve the fit of the model,Yes,19.4,Common method bias does not pose a significant threat to the study conclusions,"The authors appear to have modified the model involving the ULMC, but it is not clear how.",TRUE,legacy_distillersr,2022-2023
143,chriscastille6,Yes,Yes,No,TRUE,TRUE,TRUE,TRUE,"Since information about the dependent and independent variables is given by the same respon- dent, we recognize the potential for common method variance (CMV). Given we had built a five-factor CFA model to examine the construct validity as shown above, we further created a first-order latent marker with all of the measures as indicators to the original CFA model to address the CMV issues. This latent variable approach that has been used in a large body of research allows us to control for the effects of a single unmeasured latent method factor [35]. In comparison with the original five-factor model (χ2n = 200 = 233.613, df = 119, χ2 /df = 1.963, p<0.001, CFI = 0.952, IFI = 0.954, RMSEA = 0.070), the new model with the latent CMV factor still fit the data well (χ2n = 200 = 225.494, df = 108, χ2 /df = 2.088, p<0.001, CFI = 0.951, IFI = 0.953, RMSEA = 0.074) and didn’t make any significant differences (4χ2 = 8.119, p >.05). We believe that CMV is unlikely to be a major treat here.",The inclusion of a ULMC did not improve the fit of the model (no change in model fit),No,NA,Common method bias does not pose a significant threat to the study conclusions,NA,TRUE,legacy_distillersr,2022-2023
144,chriscastille6,No,NA,NA,FALSE,NA,NA,FALSE,NA,NA,NA,NA,NA,NA,FALSE,legacy_distillersr,2022-2023
145,chriscastille6,No,NA,NA,FALSE,NA,NA,FALSE,NA,NA,NA,NA,NA,NA,FALSE,legacy_distillersr,2022-2023
146,chriscastille6,Yes,Yes,No,TRUE,TRUE,TRUE,TRUE,"We acknowledge the possibility of common method bias affecting our regression analysis, since our dependent and independent variables are based on responses to the same survey in- strument. It has been argued, however, that models assuming a non-linear relation between the response and predictor variables (as in the case of our fractional logit regression) are less affected by common method bias (Chang, van Witteloostuijn and Eden, 2010; Siemsen, Roth and Oliveira, 2010). Nonetheless, we adopted a number of standard practices to minimize the risk that our results are subject to common method bias (Podsakoff et al., 2003). First, the ques- tions related to our dependent and independent variables were placed in different sections of the survey. Second, the questionnaire included dif- ferent types of responses, including Likert scales, yes/no answers and questions requiring numbers. Third, we assured respondents that their identity and responses would remain anonymous and con- fidential. Fourth, our analysis combines variables constructed using subjective information from our survey with others constructed using information from Datastream. Finally, we formally tested whether the results suffer from common method bias by assessing the effect of a single unmeasured latent method factor (Podsakoff et al., 2003). We found that the variance attributed to the single common method is less than 1%, suggesting that common method bias is not significant.",The authors did not make a clear claim regarding the relative fit of the model as it pertains to the ULMC,Yes,0.9,Common method bias does not pose a significant threat to the study conclusions,"Technically, the authors claimed that the ULMC identified less then 1% of the variance as method variance.",TRUE,legacy_distillersr,2022-2023
147,chriscastille6,Yes,Yes,No,TRUE,TRUE,TRUE,TRUE,"Second, we conducted an unmeasured latent method factor test to identify the existence of common method variances (CMV) (Podsakoff, MacKenzie, Lee, & Podsakoff, 2003). The results conducted in Mplus indicated that although this factor model was slightly better than the hypothesized five-factor model (v2 (153) = 226.69, CFI = .97, TLI = .96, RMSEA = .05), the variance extracted by the common factor was .18, which is much lower than the criterion (25%) suggested by Williams, Cote, and Buckley (1989). The results in general suggest that CMV did not exert a serious confounding influence on our results.",The inclusion of a ULMC did not improve the fit of the model (no change in model fit),Yes,18,Whether common method bias is or is not a significant threat to the study conclusions remains unclear,NA,TRUE,legacy_distillersr,2022-2023
148,chriscastille6,No,NA,NA,FALSE,NA,NA,FALSE,NA,NA,NA,NA,NA,NA,FALSE,legacy_distillersr,2022-2023
149,chriscastille6,No,NA,NA,FALSE,NA,NA,FALSE,NA,NA,NA,NA,NA,NA,FALSE,legacy_distillersr,2022-2023
150,chriscastille6,Yes,Yes,No,TRUE,TRUE,TRUE,TRUE,"We also took several statistical steps in order to rule out the risk of common method variance: as prescribed by Podsakoff and Organ (1986), we conducted Harman’s one-factor test using the items that were part of our conceptual model. If a single factor would have accounted for the majority of the covariance, it would have indicated the existence of common method bias. However, the analysis resulted in several factors, and the first factor accounted for only 21 percent of the total variance. As another statistical control, we conducted a single unmeasured latent method factor test as recommended by Podsakoff et al. (2003), which is specifically used in studies employing single respondents. First, a confirmatory factor analysis model was specified that included the constructs in the conceptual framework of this study. In the second model, an additional method factor was added. The two models were then compared in order to assess the presence or absence of common method variance. The fit statistics of the first, conceptual model were χ2=1212.06, df=498, CFI=0.932, TLI=0.928; RMSEA=0.048, and those of the second model that included the additional method factor were χ2=1029, df=462, CFI=0.938, TLI=0.935; RMSEA=0.051. The addition of the method factor did not greatly improve the fit of the constructs-only model (Δχ2=183.06, Δdf=36, p > 0.05, ΔCFI=0.006, ΔTLI=0.007, ΔRMSEA=0.003). These analyses indicate that common method variance should not have substantially influenced the study results.",The inclusion of a ULMC did not improve the fit of the model (no change in model fit),No,NA,Common method bias does not pose a significant threat to the study conclusions,NA,TRUE,legacy_distillersr,2022-2023
151,chriscastille6,Yes,Yes,No,TRUE,TRUE,TRUE,TRUE,"Although our data were collected from two different sources (i.e., employees and supervisors), there remained a possibility that common method bias might still influence some of the postulated linkages in the model. Accordingly, we implemented a range of procedural and statistical remedies in line with the recommendations by Podsakoff et al. (2012): procedurally, we took steps to protect respondent anonymity, reduce evaluation apprehension, improve item wording, and separate the measurement of the predictor and outcome vari- ables; statistically, we applied a confirmatory factor-analytic approach to Harman’s one-factor analysis. All measures of the goodness of fit indicated a worse fit for the one-factor model than for the original measurement model (χ 2(209) = 1978.33; p<.05, CFI=.45, TLI=.39, RMSEA=.17, SRMR=.15) and was indeed significantly worse than the four-factor solu- tion (△χ2(9) = 1602.57, p < .01). In addition, we employed the ex-post procedure recommended by Podsakoff et al. (2012) in which an unmeasured latent method factor is introduced to the measurement model. This factor did not account for any sub- stantial variance in the indicator variables (13.3%) given that an average of 18–32% of the variance in a typical measure is attributable to method variance (Podsakoff et al. 2012). We concluded that our results were not seriously compromised by common method bias.",The inclusion of a ULMC harmed the fit of the model (the fit of the proposed model was superior),Yes,13.3,Common method bias does not pose a significant threat to the study conclusions,NA,TRUE,legacy_distillersr,2022-2023
152,chriscastille6,Yes,No,NA,TRUE,FALSE,NA,FALSE,NA,NA,NA,NA,NA,NA,FALSE,legacy_distillersr,2022-2023
153,chriscastille6,Yes,Yes,No,TRUE,TRUE,TRUE,TRUE,"Following best practices for handling common method variance (CMV) in IB research (Chang, van Witteloostuijn, & Eden, 2010), we employed several strategies to avoid CMV ex ante and to control for it ex post: (1) To avoid any potential CMV in the research design stage, we used information from different sources for our key measures with a time lag. In particular, we divided the questionnaire into three parts and had more than one person answer the questionnaire as much as possible, we collected data on the dependent variables (e.g., firm perfor- mance) for an interval of several months, and we incorporated data from multiple sources (e.g., survey and archival data) into the estimation model. (2) We designed complicated specifications of regression models with the aim of creating cognitive difficulties for respondents to infer the exact goal of the research. Specifically, we included two interactions in our model, which makes CMV less likely to affect our estimation. (3) Researchers frequently use a post hoc Harman one-factor analysis to check whether variation in the data can be largely attributed to a single factor. We conducted a principal components factor test of all questionnaire-based variables. The test did not yield one overarching factor, which suggested the absence of CMV. (4) To further ensure that CMV bias was not a serious concern, we added a first-order factor (a single unmeasured latent method factor) to the hypothesized measurement model (Podsakoff, MacKenzie, Lee, & Podsakoff, 2003). The increase in model fit obtained by accounting for the common method factor was not significant, and the variance extracted by the method factor was only 0.16, which was well below the 0.50 cutoff. (5) Finally, we conducted a marker variable test (Lindell & Whitney, 2001). We used a dummy variable that was theoretically unrelated to our principal con- structs: whether the number of strokes of the com- pany name in Chinese was even. The results showed that the average correlation between our principal constructs and the marker variable was.08 (p > 0.10). These efforts confirmed that the CMV bias was insignificant in this study.",The inclusion of a ULMC did not improve the fit of the model (no change in model fit),Yes,16,Common method bias does not pose a significant threat to the study conclusions,NA,TRUE,legacy_distillersr,2022-2023
154,chriscastille6,Yes,Yes,No,TRUE,TRUE,TRUE,TRUE,"Statistically, we conducted the latent variable approach as described by Podsakoff et al. (2003: 894) to test for common method variance by “controlling for the effects of a single unmeasured latent method factor.” In this procedure, all the items were loaded on their specific constructs and on a latent common method variance factor. By comparing the structural parameters with and without the latent common methods variance factor in the model, we found that all significant relationships held after controlling for the latent common methods variance factor. Therefore, we concluded that common method variance does not appear to be an issue in this study (Krammer, 2019; Zhang & Li, 2010).",The authors did not make a clear claim regarding the relative fit of the model as it pertains to the ULMC,No,NA,The authors do not provide a conclusion regarding the role of common method bias,The authors examined how structural pathways change as a function of including a ULMC. They claimed that the pathways did not change.,TRUE,legacy_distillersr,2022-2023
155,chriscastille6,Yes,Yes,No,TRUE,TRUE,TRUE,TRUE,"To test Hypothesis 4 explicitly, we employed latent variable modeling (structural equation modeling [SEM] in Mplus6). This analysis additionally accounts for two potential limitations inherent in the present data: (a) to account for the relatedness of the three outcome variables and (b) to control for common method variance that might arise from the cross-sectional study design and monomethod approach (Podsakoff, MacKenzie, Lee, & Podsakoff, 2003). Following previous studies, we control for the effects of a single unmeasured latent method factor by including it in the SEM analysis (Conger, Kanungo, & Menon, 2000; Elangovan & Xie, 1999; MacKenzie, Podsakoff, & Paine, 1999; Moorman, Blakely, & Niehoff, 1998). All item loadings were con- strained to be equal in their loadings on the method factor (Conger et al., 2000; Elangovan & Xie, 1999; MacKenzie et al., 1999). As indicated by the standardized coefficients, perceived supervisor listening was positively associated with LMX which in turn was positively associated with the three outcome variables. Overall, the SEM model displayed in Figure 1 fitted the data well (χ2 [df = 220] = 545.17; RMSEA = .077; CFI = .949; TLI = .941; SRMR = .035). To control for common method variance, we estimated the model with and without com- mon method factor. Table 3 displays the standardized parameter estimates before and after controlling for this common method factor. All relationships were significant and of similar—if not the same—magnitude, which indicated that the data were not influenced by common method variance. Taken together, the analysis supports the robustness of the findings (Hypothesis 4) in account of the weaknesses of the study design.",The authors did not make a clear claim regarding the relative fit of the model as it pertains to the ULMC,No,NA,The authors do not provide a conclusion regarding the role of common method bias,The parameter estimates that the authors provide with and without controlling for method variance were close to 1.,TRUE,legacy_distillersr,2022-2023
156,chriscastille6,Yes,Yes,No,TRUE,TRUE,TRUE,TRUE,"To assess the discriminant validity of our study measures, we conducted a confirmatory factor analysis (CFA) using AMOS 5.0. We compared fit indices of the four-factor model (individual trait PA, team commitment, job satisfaction, and OCB) and the three-factor model that combined two con- structs of work attitudes (team commitment and job satis- faction) as one factor. Additionally, we included a single common method factor in our CFA model to control for the effects of a single unmeasured latent method factor (i.e., the possible common method bias), as recommended by Podsakoff, MacKenzie, Lee and Podsakoff (2003). The chi- square (c2) test of the two models demonstrated that the four-factor model (c2 = 137.84, d.f. = 48, CFI = 0.95, TLI = 0.91, RMSEA = 0.09) yielded a better factor structure than did the three-factor model (c2 = 230.05, d.f. = 49, CFI = 0.89, TLI = 0.83, RMSEA = 0.12; D c2 = 92.21, D d.f. = 1, p < 0.001). These CFA results indicate that our measures of the study variables had sufficient discriminant validity.",The authors did not make a clear claim regarding the relative fit of the model as it pertains to the ULMC,No,NA,The authors do not provide a conclusion regarding the role of common method bias,The model testing here is suspicious. The authors are not explicitly about comparing their proposed model to one involving the ULMC.,TRUE,legacy_distillersr,2022-2023
157,chriscastille6,No,NA,NA,FALSE,NA,NA,FALSE,NA,NA,NA,NA,NA,NA,FALSE,legacy_distillersr,2022-2023
158,chriscastille6,No,NA,NA,FALSE,NA,NA,FALSE,NA,NA,NA,NA,NA,NA,FALSE,legacy_distillersr,2022-2023
159,chriscastille6,Yes,Yes,No,TRUE,TRUE,TRUE,TRUE,"We applied statistical remedies to account for common method biases (Podsakoff et al. 2012) that may undermine the empirical validity of results. Three a priori models of the variables included in our hypotheses were compared: a one-factor model, in which all items loaded on a common factor, was tested against a full measurement four-factor model, in which the items loaded on their respective factor (i.e., authentic leadership, leader work–life balance, fol- lower work–life balance, job satisfaction), and a five-factor model, in which all items were further constrained to load equally on an unmeasured latent method factor. For each model, we report the v2 value, degrees of freedom, and probability value, as well as one index to describe incre- mental fit (i.e., the comparative fit index, CFI) and one residual-based fit index (i.e., the root mean square error of approximation, RMSEA), and the standardized root mean square residual (SRMR). Approximate fit indices are used for evaluative model comparisons as indicated in the lit- erature (Goffin 2007). The following standards were applied: CFI greater than .90, RMSEA equal to or lower than .06, SRMR equal to or lower than .08 (Nye and Drasgow 2011; Hu and Bentler 1998, 1999), and the Bayesian Information Criterion (BIC) with lower values indicating better fit (Preacher and Merkle 2012). CFA with maximum likelihood estimation yielded the following results. Comparing the one-factor model (v2(299, 121) = 1031.717, p \ .001, RMSEA = .142, SRMR = .108, CFI = .650, BIC = 8656.249) to the four-factor model (v2 (293, 121) = 534.490, p \ .001, RMSEA = .083, SRMR = .066, CFI = .885, BIC = 8187.796), indicators point to the fact that overall the four-factor model fits the data better (v2diff = 497.23, p \ .001). Comparing the four-factor model and the five-factor model with an unmeasured latent method factor (v2(288, 121) = 475.396, p \ .001, RMSEA = .073, SRMR = .073, CFI = .910, BIC = 8152.682), the five-factor model showed a better fit (v2diff = 59.093, p \ .001). Overall, we acknowledge that an unmeasured latent method factor influenced our data. However, the theoretically derived four- factor model was only slightly inferior to the five-factor model, and was clearly better suited to fit the data than a one- factor model, which did not differentiate between the vari- ables of interest. Based on the empirical evidence and our theoretical reasoning, we conclude that data related to the four factors provide meaningful information.",The inclusi&oacute;n of a ULMC did improve the fit of the model,No,NA,Whether common method bias is or is not a significant threat to the study conclusions remains unclear,NA,TRUE,legacy_distillersr,2022-2023
160,chriscastille6,Yes,Yes,No,TRUE,TRUE,TRUE,TRUE,"We applied statistical remedies to account for common method biases (Podsakoff et al. 2012) that may undermine the empirical validity of results. Three a priori models of the variables included in our hypotheses were compared: a one-factor model, in which all items loaded on a common factor, was tested against a full measurement four-factor model, in which the items loaded on their respective factor (i.e., authentic leadership, leader work–life balance, fol- lower work–life balance, job satisfaction), and a five-factor model, in which all items were further constrained to load equally on an unmeasured latent method factor. For each model, we report the v2 value, degrees of freedom, and probability value, as well as one index to describe incre- mental fit (i.e., the comparative fit index, CFI) and one residual-based fit index (i.e., the root mean square error of approximation, RMSEA), and the standardized root mean square residual (SRMR). Approximate fit indices are used for evaluative model comparisons as indicated in the lit- erature (Goffin 2007). The following standards were applied: CFI greater than .90, RMSEA equal to or lower than .06, SRMR equal to or lower than .08 (Nye and Drasgow 2011; Hu and Bentler 1998, 1999), and the Bayesian Information Criterion (BIC) with lower values indicating better fit (Preacher and Merkle 2012). CFA with maximum likelihood estimation yielded the following results. Comparing the one-factor model (v2(299, 121) = 1031.717, p \ .001, RMSEA = .142, SRMR = .108, CFI = .650, BIC = 8656.249) to the four-factor model (v2 (293, 121) = 534.490, p \ .001, RMSEA = .083, SRMR = .066, CFI = .885, BIC = 8187.796), indicators point to the fact that overall the four-factor model fits the data better (v2diff = 497.23, p \ .001). Comparing the four-factor model and the five-factor model with an unmeasured latent method factor (v2(288, 121) = 475.396, p \ .001, RMSEA = .073, SRMR = .073, CFI = .910, BIC = 8152.682), the five-factor model showed a better fit (v2diff = 59.093, p \ .001). Overall, we acknowledge that an unmeasured latent method factor influenced our data. However, the theoretically derived four- factor model was only slightly inferior to the five-factor model, and was clearly better suited to fit the data than a one- factor model, which did not differentiate between the vari- ables of interest. Based on the empirical evidence and our theoretical reasoning, we conclude that data related to the four factors provide meaningful information.",The authors did not make a clear claim regarding the relative fit of the model as it pertains to the ULMC,Yes,25,Common method bias does not pose a significant threat to the study conclusions,NA,TRUE,legacy_distillersr,2022-2023
161,chriscastille6,Yes,Yes,No,TRUE,TRUE,TRUE,TRUE,"We used several procedural techniques (e.g., proximal separation of theoretically related items, use of reverse-coded items) to reduce common method bias, which can threaten the validity of self- reported data (Podsakoff et al., 2003). We also applied the unmeasured latent method factor technique (Podsakoff et al., 2003) and replicated the structural model of this study, adding a common method factor (latent variable) to all the indicators of the model. Next, we compared the method factor loadings with the indicators' substantive factor loadings. The average of the indicators' substantive explained variance is 0.477, while the average method variance is 0.015. Thus, due to its small magnitude (.015/.477=3.15%), common method variance is unlikely to be a serious threat in this study.",The authors did not make a clear claim regarding the relative fit of the model as it pertains to the ULMC,Yes,3.15,Common method bias does not pose a significant threat to the study conclusions,NA,TRUE,legacy_distillersr,2022-2023
162,chriscastille6,Yes,Yes,Yes,TRUE,TRUE,FALSE,FALSE,NA,NA,NA,NA,NA,NA,FALSE,legacy_distillersr,2022-2023
163,chriscastille6,Yes,Yes,No,TRUE,TRUE,TRUE,TRUE,"As with all self-reported data, there is the possibility of common method variance. To remedy this problem, we conducted two tests that determined the extent of common method variation in the current analysis. First, Harman’s (1976) one-factor test, as suggested by Pod- sakoff and Organ (1986), was conducted. A factor analysis using all items led to the extraction of five distinct factors that accounted for 69.12% of the total variance, with the first factor explaining 30.06% of the variation. This result suggests that the common method effects do not seriously distort the results observed in this study. To further con- firm this result, a single unmeasured latent method factor, used by Pod- sakoff, MacKenzie, Lee, and Podsakoff (2003), was also used. Results showed that while the common method factor did improve model fit, it accounted for 18.78% of the total variance. This variance is far less than the 25% recommended by Williams, Cote, and Buckley (1989). Hence, the results of these tests suggest that common method var- iance is not pervasive enough to distort the effect of the results.",The inclusi&oacute;n of a ULMC did improve the fit of the model,Yes,18.78,Common method bias does not pose a significant threat to the study conclusions,NA,TRUE,legacy_distillersr,2022-2023
164,chriscastille6,Yes,Yes,No,TRUE,TRUE,TRUE,TRUE,"Our study is not without limitations. First, and although we collected data at two separate time points, all our data comes from a single source, which raises concerns about common method variance (CMV). CMV might have particularly inflated the relationships between the variables measured at Time 1. However, there are three reasons that minimize our concerns: (a) CFA supported the distinctiveness of the constructs; (b) CMV does not generate artificial interaction effects – at most it deflates them, making them more difficult to identify (Lai, Li and Leung, 2013); and (c) we tested the impact of includ- ing an unmeasured latent method factor in the measurement model in order to assess the weight of CMV (Podsakoff, MacKenzie and Podsakoff, 2012). As expected, the model with the CMV factor presented a better fit to the data (χ 2 (53) = 98.79; CFI = 0.97; RMSEA = 0.06; SRMR = 0.05; χ2(29) = 54.88, p < 0.05). However, the variance explained by the CMV factor was 1.95%, demonstrating its small weight compared to the 25% threshold (Williams, Cote and Buckley, 1989).",The inclusi&oacute;n of a ULMC did improve the fit of the model,Yes,1.95,Common method bias does not pose a significant threat to the study conclusions,NA,TRUE,legacy_distillersr,2022-2023
165,chriscastille6,Yes,Yes,No,TRUE,TRUE,TRUE,TRUE,"However, because data were collected at the same time with self-report scales, common method bias problems may arise and inflate the patterns of relationships among the study variables. Following Podsakoff, Mackenzie, Lee and Podsakoff’s [42] statistical recommendations, we therefore used the unmeasured latent method factor approach to control for the effects of common method variance. This approach was chosen because it does not require specifying the source of method bias, and it controls for any systematic variance among the items that is independent of the covariance because of the constructs of interest [42]. Thus, this technique is particularly recommended when the specific source of the method bias is unknown or cannot be measured [40], as in our study. Accordingly, a common method factor was added to the hypothesized three-factor model, to assess the potential increase in model fit that would be obtained from accounting for the unmeasured method factor. The model provided a better fit to the data than the same model without the method factor: χ2 (9) = 8.88, CFI = 1.00; RMSEA = 0.00; SRMR = 0.01; AIC = 15016.7; ∆ χ2 (8) = 148.02, p < 0.01. Nonetheless, the method factor accounted for 17% of total variance, which is below the average portion of variance (26%) reported in self-report studies [39,40]. We can therefore conclude that common method bias is unlikely to be a serious threat in our study.",The inclusi&oacute;n of a ULMC did improve the fit of the model,Yes,17,Common method bias does not pose a significant threat to the study conclusions,NA,TRUE,legacy_distillersr,2022-2023
166,chriscastille6,Yes,Yes,No,TRUE,TRUE,TRUE,TRUE,"n addition, we used Harman’s one-factor test to check for common method variance (CMV), which may be caused by self-report single source data. If CMV is a serious problem, a single factor should emerge from a factor analysis (Scott & Bruce, 1994). This means that if the one-factor model fits the data well in CFA, we would expect a severe impact of CMV on our results (Podsakoff, MacKenzie, Lee, & Podsakoff, 2003). The CFA results (see Table 1) showed that the one-fac- tor model did not fit the data adequately (χ2[df = 119] = 1137.10, χ2/df = 9.56, SRMR = .16, RMSEA = .18, CFI = .57), suggesting that CMV might not be a signif- icant issue in our study. To further reduce this concern, we followed past research (e.g. Castanheira, 2015; Podsakoff et al., 2003) to conduct a more rigorous test. Specifically, we tested a three-factor model with the addition of an unmeasured latent method factor. In this method model, all items loaded on their correspond- ing constructs as well as on this method factor. Results (see Table 1) demon- strated a good fit for this model (χ2[df = 99] = 201.15, χ2/df = 2.03, SRMR = .04, RMSEA = .06, CFI = .96). Despite the identical observed items for both models, the three-factor model cannot be nested within the model with a method factor (Castanheira, 2015), thus the change in CFI was used for comparison. Since the CFI change was .03, which is smaller than the rule of thumb of .05 proposed by Bagozzi and Yi (1990), the influence of the method factor could be regarded as not significant. In addition, although the method factor slightly increased the model fit, the explanatory power of this factor accounted for only 22.94% of the method variance, which is less than 25–40% that prior scholars suggested and observed to be reasonable (Williams, Cote, & Buckley, 1989). These analyses indicated that CMV was less likely to severely distort our results.",The inclusi&oacute;n of a ULMC did improve the fit of the model,Yes,22.94,Common method bias does not pose a significant threat to the study conclusions,NA,TRUE,legacy_distillersr,2022-2023
167,chriscastille6,Yes,Yes,No,TRUE,TRUE,TRUE,TRUE,"Fifth and finally, we used the unmeasured latent method construct (ULMC) approach as recommended by Podsakoff et al. (2003) to detect CMV. In this approach, the ULMC only loads on all items of the latent variables (Podsakoff et al., 2003). Adding the ULMC enhanced the fit of the model (see Table 2). This enhancement can be explained by the fact that this model has more parameters and fewer degrees of freedom (Ng & Feldman, 2013). According to Brammer, He, and Mellahi (2015), CMV can be excluded when the items of corresponding variables load higher than.50 and the loadings on the ULMC either should be smaller than those on the latent variables or non-significant. Table 2 shows that the standardized factor loadings of our constructs are all signifi- cant and all above.50 except for ABS3 (.47). All standardized factor loadings of the ULMC are considerably below the threshold of.50 (Hair et al., 2010). Again, the exception is the standardized factor loading ABS3 on the ULMC (.63). Moreover, only one factor loading of the ULMC is significant (ABS3) and 14 are non-signifi- cant. This suggests CMV to be present. The threshold of.50 (Hair et al., 2010) was not exceeded regarding the AVE of the ULMC (AVE =.0490) and 4.90 % of the variance was accounted for by CMV. Concern about inflated relationships would come up if CMV would reach a percentage of 70 % (Fuller, Simmering, Atinc, At- inc, & Babin, 2016). From the ULMC approach, it can be concluded that CMV is present, however it does not pose a serious threat to the data in the present study (Conway & Lance, 2010; Podsakoff et al., 2003).",The inclusi&oacute;n of a ULMC did improve the fit of the model,Yes,4.9,Common method bias does not pose a significant threat to the study conclusions,NA,TRUE,legacy_distillersr,2022-2023
168,chriscastille6,Yes,Yes,No,TRUE,TRUE,TRUE,TRUE,"CMV was also assessed by including an unmeasured latent method factor in the measurement model (i.e., all the items were allowed to load on the method factor along with their hypothesized latent factor). All factor loadings on the latent method factor were nonsignificant. Akaike’s Information Criterion and Bayesian Information Criterion indicate a worse model fit than that of the model excluding the CMV variables. Thus, we conclude that CMV was limited in this study.",The inclusion of a ULMC harmed the fit of the model (the fit of the proposed model was superior),No,NA,Common method bias does not pose a significant threat to the study conclusions,NA,TRUE,legacy_distillersr,2022-2023
169,chriscastille6,No,NA,NA,FALSE,NA,NA,FALSE,NA,NA,NA,NA,NA,NA,FALSE,legacy_distillersr,2022-2023
170,chriscastille6,Yes,Yes,No,TRUE,TRUE,TRUE,TRUE,"ne of the most critical problems in survey‐based research which mea- sures dependent and independent variables from the same source is certainly common method variance. It is defined as variance that is attributable to the measurement method rather than to the construct of interest (Campbell & Fiske, 1959). Therefore, it could produce biased results. Since we used self‐reported data and all variables are measured using the same source, we need to control for the presence of common method variance and whether it has generated any sys- tematic error. Among business researchers, there is an ongoing debate on the problems deriving from common method variance (Richardson, Simmering, & Sturman, 2009). For instance, a recent work from Fuller, Simmering, Atinc, Atinc, and Babin (2016) has empirically demon- strated that common method variance is able to produce a systematic, and negative, effect only when it is present at relatively high levels, and these cases are not very common in practice. However, we tested for the presence of common method variance by performing two statistical techniques. First of all, we checked whether common method variance affects our data by performing the controversial Harman's single‐factor post‐hoc test (Podsakoff & Organ, 1986). Even if the reliability of this test was considered questionable (Podsakoff et al., 2003), Fuller et al. (2016) have shown that these criti- cisms are partially unfounded. Moreover, they found that false‐negative cases (when the Harman test indicates that a common method variance is not present even if it occurs) are less common than false positives. The false‐positive cases may occur in high‐reliability datasets when Cronbach's alpha is higher than 0.95 (which is not the case in this study). The Harman test showed that the largest distinct factor accounted for 31% of the variance and seven factors with an eigenvalue greater than 1.0 emerged. Therefore, since no single factor emerged which accounts for the majority of covariance among the variables (Steensma, Tihanyi, Lyles, & Dhanaraj, 2005), it is possible to affirm that common method variance was not a concern. Moreover, we further tested for the presence of common method variance by performing the unmeasured latent method factor. This method was largely used in previous studies since it does not require the measurement of a specific factor which is responsible for the method variance (Podsakoff et al., 2003). According to the procedure described by Richardson et al. (2009), we estimated two measurement models. The first model includes the explored constructs with their manifest indicators (trait model). The second model comprises only the method constructs with paths to all manifest indicators (method model). Moreover, since the number of indicators of the constructs is not small relative to the number of constructs, a problem of under‐identi- fication should not occur. This test assumes that if the measurement model yields a better fit than the measurement model with a common factor, the findings are not biased. Table 2 shows the comparison among the models, based on a set of indicators and the chi‐square dif- ference test (Bentler & Bonnett, 1980), and demonstrates that the common factor model has a worse performance regarding data fit.",The inclusion of a ULMC harmed the fit of the model (the fit of the proposed model was superior),No,NA,Common method bias does not pose a significant threat to the study conclusions,NA,TRUE,legacy_distillersr,2022-2023
171,chriscastille6,Yes,Yes,No,TRUE,TRUE,TRUE,TRUE,"Since all variables were self-reported, it is possible that our results suffered from common method biases. To address this potential issue, we followed Podsakoff, MacKenzie, Lee, and Podsakoff (2003), who recommend controlling for common method biases in survey data using an unmeasured latent method factor. Thus, we loaded all of the survey-related (i.e., nondemo- graphic) variables into a single factor to include as a control variable in our regression models.",The authors did not make a clear claim regarding the relative fit of the model as it pertains to the ULMC,No,NA,The authors do not provide a conclusion regarding the role of common method bias,"The authors did not bother to run a statistical test for bias, opting instead to control for CMV as assessed via the ULMC in their primary analysis.",TRUE,legacy_distillersr,2022-2023
172,chriscastille6,Yes,Yes,No,TRUE,TRUE,TRUE,TRUE,"Since some of the variables in our model stem from the same data source, any observed covariance may be the result of common method bias (Podsakoff, 2003, 2012). Following the vast literature on the subject, common method bias can be alle- viated both procedurally or statistically (for a comprehensive review see Podsakoff et al., 2003). From a procedural perspective, great care was taken in the design of the survey. Before sending out the survey, we simplified complex statements, eliminated any ambiguous and unfamiliar questions and performed a pre-test of the question- naire with experts in the field. Based on the comments of this pre-test, any remain- ing ambiguities in scale items were corrected. Furthermore, we concealed interest in criterion and predictor variables in the cover story of the questionnaire and sepa- rated the measurement of predictor and criterion variables in the survey. From a statistical standpoint, Siemsen et al. (2010) found that interaction effects cannot be artificially created through Common Method Variance (CMV). Since our final model includes a 3-way interaction effect, it is doubtful that the specific rela- tionships in our model are part of the individual respondents’ cognitive maps and theories-in-use which substantially eases common method concerns (Chang et al., 2010). Moreover, as CMV is found to deflate regression estimates of interaction effects (Siemsen et al., 2010), the highly significant interaction effects in our model should be considered as strong evidence that the effect exists. To further ease our concerns for CMV, we performed three ex-post tests. First, we performed a Har- man’s single-factor test (Harman, 1967), resulting in five factors with eigenvalues greater than one. Moreover, none of the single factors explained over 33% of vari- ance in the data which is a finding that reduces common method concerns. Second, we estimated an unmeasured latent method factor model on the three latent vari- ables of our research model for which CMV could be a potential problem (EI, EA and bifurcation bias) (Podsakoff, 2003). The results of this test showed a common variance of 21% (0.462). Third, we used a common marker variable technique (Lin- dell & Whitney, 2001). In doing so, we used Covin et al.’ s (2006) five-item scale to capture ‘participative decision making’ (PDM), defined as the degree to which the firm’s main strategic and operating decisions are made through consensus seek- ing versus individualistic or autocratic processes by the formally responsible execu- tive (Covin et al., 2006). PDM items were not (for bifurcation bias) or only weakly (for EI and EA) correlated with our main variables and are expected to share poten- tial common method variance (Podsakoff, 2012). This analysis shows a common variance of only 11% (0.33 × 0.33). In sum, both ex-ante measures and ex-post tests allow us to conclude that CMV is unlikely to account for the results in this paper.",The authors did not make a clear claim regarding the relative fit of the model as it pertains to the ULMC,Yes,21,The authors do not provide a conclusion regarding the role of common method bias,NA,TRUE,legacy_distillersr,2022-2023
173,chriscastille6,No,NA,NA,FALSE,NA,NA,FALSE,NA,NA,NA,NA,NA,NA,FALSE,legacy_distillersr,2022-2023
174,chriscastille6,No,NA,NA,FALSE,NA,NA,FALSE,NA,NA,NA,NA,NA,NA,FALSE,legacy_distillersr,2022-2023
175,chriscastille6,Yes,Yes,No,TRUE,TRUE,TRUE,TRUE,"research variables in the present study were measured at the same point (i.e., this is a cross-sectional study) and involved the measurement of contextual effects through a self-report sur- vey among COs, thus indicating the possibility of such com- mon rater effects as social desirability bias, which is a tendency to answer questionnaires based on a desire to seem more so- cially acceptable than one’s true perception. COs are likely to be more sensitive to social norms (i.e., social desirability) since their tasks involve training and supervising inmates, a socially deviant population. Considering these characteristics of the re- spondents and measurement, artifactual variances among mea- sured variables may be produced that might confound the re- sults. These measurement errors can be described as common method variance (CMV), that is, systematic measurement errors due to the measurement method rather than the theoretical con- struct designed by the measures (Podsakoff et al. 2003, 2012). In light of this concern, two tests were employed to check the extent of common method variance (CMV). First, a Harman’s single-factor analysis with all observed variables imputed showed that all observed variables captured 40.64% of the var- iance in the present data, which is less than 50%, indicating no problematic issues of method bias. Second, additional analyses with single unmeasured latent method factor (Carlson and Kacmar 2000; Podsakoff et al. 2003) indicated that the method factor accounted for 9.06% of the total variance, which suggests that common method variance in the current data is not a po- tential contaminant for investigating the research model.",The authors did not make a clear claim regarding the relative fit of the model as it pertains to the ULMC,Yes,9.06,Common method bias does not pose a significant threat to the study conclusions,NA,TRUE,legacy_distillersr,2022-2023
176,chriscastille6,Yes,Yes,No,TRUE,TRUE,TRUE,TRUE,"To investigate the nature and the extent of the effects of common methods of measurement, we applied a rigorous CFA approach that used an unmeasured latent method factor (Podsakoff, MacKenzie, Lee and Podsakoff 2003). Specifically, we re-estimated our measurement model by including an additional latent common method factor, whereby each item acted as an indicator of its theoretical latent construct and the unmeasured latent method factor at the same time. This approach accounts for the influence of common method variance by partialing out the factor loadings on the indicators of the latent method",The inclusi&oacute;n of a ULMC did improve the fit of the model,No,NA,Common method bias does not pose a significant threat to the study conclusions,"factor. The results showed that all items loaded significantly on their respective theoretical construct even after controlling for the effect of the common method factor. In contrast, most of the loadings on the method factor (15 out of 19) were not significant. While the inclusion of the common method factor improved the chi-square value of the model (Dx 2 1⁄4 84.83, Ddf 1⁄4 19, p , 0.01), changes in other fit indices were not substantial (e.g. RMSEA 1⁄4 0.06, CFI 1⁄4 0.98, NNFI 1⁄4 0.97, SRMR 1⁄4 0.05). Taken together, although not trivial, the common method bias in this study appeared to be minor in magnitude.",TRUE,legacy_distillersr,2022-2023
177,chriscastille6,Yes,Yes,No,TRUE,TRUE,TRUE,TRUE,"Common method variance (CMV) may be a possible bias that influences our analysis because data were collected from a single source. To estimate the influence of CMV, we conducted a confirmatory factor analysis by applying the single-factor test of Harman. Following Podsakoff, MacKenzie, Lee, and Podsakoff (2003), we further controlled for an unmeasured latent “method” factor to confirm Harman's single-factor test. As shown in Table 1, the four-factor model provided a better model fit than any other competition models, suggesting that CMV did not exist in the current study. Furthermore, we created a five-factor model by adding a latent factor (called CMV) with all indicators loaded on it. Table 1 shows that compared with the four-factor model, the five-factor model provided better suitability to the data, indicating that CMV was not a critical issue.",The inclusi&oacute;n of a ULMC did improve the fit of the model,No,NA,Common method bias does not pose a significant threat to the study conclusions,"Surprisingly, the authors conclude that while the ULMC improves the fit of the model, CMV is not an issue.",TRUE,legacy_distillersr,2022-2023
178,chriscastille6,Yes,Yes,No,TRUE,TRUE,TRUE,TRUE,"Common method variance (CMV) is often considered as a potential problem in self-report research. We observe lim- ited consensus on the extent of the CMV in these surveys (Williams et al. 1989). For example, some authors have empirically demonstrated that these surveys do not have the negative consequences that CMV-related critics have alleged (e.g., Crampton and Wagner 1994; Malhotra et al. 2006). On this premise, we included both ex ante and post ante proce- dures as recommended by Podsakoff, MacKenzie, Lee, and Podsakoff (2003). First, we tried to avoid CMV by assuring respondents about the confidentiality and anonymity of their responses to reduce social desirability. Second, the survey was carefully developed with attention to minimize bias. To undermine bias caused by preceding questions on sub- sequent judgments, we used different response scales (i.e., five-point and seven-point Likert scales, binary scales) to minimize the influence of initial ratings on subsequent rat- ings (Sudman et al. 1996). Third, we added an unmeasured latent method factor to capture the common method variance among all observed variables in the model and to control for its potential bias. … To statistically control for CMV, we added an unmeasured latent method factor to the measurement model and allowed each observed variable to load on it. Adding this factor revealed an improved fit (TRd = 12.05, df = 4, p = .02). From this model, the aver- age CMV could be estimated as 9.24% Therefore, we added this unmeasured latent method factor to our hypoth- esized structural equation model to control for potential CMV.",The inclusi&oacute;n of a ULMC did improve the fit of the model,Yes,9.24,The authors do not provide a conclusion regarding the role of common method bias,NA,TRUE,legacy_distillersr,2022-2023
179,chriscastille6,Yes,No,NA,TRUE,FALSE,NA,FALSE,NA,NA,NA,NA,NA,NA,FALSE,legacy_distillersr,2022-2023
180,chriscastille6,Yes,Yes,No,TRUE,TRUE,TRUE,TRUE,"To establish the discriminant validity of the constructs, we compared the fit of the hypothesized original five-factor model against an alternative four-factor model (Model 1, combining PPS and PIS as the two variables with the highest correlation). The hypothesized five-factor model offered bet- ter fit. Because all the data except the OCB measures came from the same source, we fol- lowed suggestions by Podsakoff, MacKenzie, Lee, and Podsakoff (2003) and tested whether a common method effect was underlying data from the same source. First, the Harman one-factor model did not converge. Second, we specified a structural equation model of the theoretical constructs, together with an unmeasured latent method factor. It did not converge either. Thus, the results indicated that the constructs could be discriminated from each other, and common method vari- ance was not likely to have detrimental effects on the validity of our results.",The authors did not make a clear claim regarding the relative fit of the model as it pertains to the ULMC,No,NA,Common method bias does not pose a significant threat to the study conclusions,"The authors could not get the ULMC or Harmans one factor to converge, leading them to conclude that the ULMC was not an issue.",TRUE,legacy_distillersr,2022-2023
181,chriscastille6,Yes,Yes,No,TRUE,TRUE,TRUE,TRUE,"Collecting data from the same data source can result in common method bias problems. Namely, when all variables in the model are entered in an unrotated factor analysis and only a small number of factors emerge with one primary factor accounting for the majority of variance among the variables, common method bias is a found to be a significant problem [114]. First, to check if common method bias is a substantial concern in our study, we executed the Harman’s single-factor test [115]. We entered all relevant variables into an unrotated factor analysis, which resulted in six factors with eigenvalues > 1. None of the single factors explained more than 32% of variance in the data. While this analysis does not fully eliminate the possibility of common method bias, it minimizes our concern for a common method factor. Second, we estimated an unmeasured latent method factor model on the three latent variables of our research model for which common method bias might be an issue (LTO, PDM and EO) [114,116]. The results of this test showed a common factor value of −0.216 which represents a common variance of 4.7 per cent (−0.2162). Third, we used a common marker variable technique [117]. In doing so, we selected a latent variable in our data that could be used as a possible marker variable for this test. More specifically, we use “psychological ownership” (PO) as a marker variable. PO is referred to as a condition in which individuals feel as though the target of ownership (material or immaterial in nature) or a piece of it is “theirs” (in other words, “It is MINE!”) or “ours” (in other words, “It is OURS!”) [118]. To capture the CEO’s PO, we use the seven-item Likert scale created by Van Dyne and Pierce [119]. PO items were not (for EO and LTO) or only weakly (for PDM) correlated with our focal variables and are supposed to share potential common method variance [116,120]. This analysis shows a common factor value of 0.372 and a common variance of only 13.8% per cent (0.3722). Finally, as recommended by Podsakoff et al. [114] we also designed our survey by taking into account several procedural remedies (e.g., psychological separation of measurement and counterbalancing question order) to minimize the concern for a common method factor. Taken together, common method bias is not a main concern in our study.",The authors did not make a clear claim regarding the relative fit of the model as it pertains to the ULMC,Yes,4.7,Common method bias does not pose a significant threat to the study conclusions,NA,TRUE,legacy_distillersr,2022-2023
182,chriscastille6,Yes,Yes,Yes,TRUE,TRUE,FALSE,FALSE,NA,NA,NA,NA,NA,NA,FALSE,legacy_distillersr,2022-2023
183,chriscastille6,Yes,Yes,No,TRUE,TRUE,TRUE,TRUE,"Second, there was a significant relationship (c = .45, p < .001) between proactive personality and team innovation climate even when controlling for an unmeasured latent method factor (Podsakoff, MacKenzie, Lee, & Podsakoff, 2003). …There are several strengths of the present study. For instance, by using a 2-wave longitudinal design and collecting data from multiple sources (i.e., employees and supervisors), we were able to reduce common method bias concern (Podsakoff et al., 2003).",The authors did not make a clear claim regarding the relative fit of the model as it pertains to the ULMC,No,NA,Common method bias does not pose a significant threat to the study conclusions,NA,TRUE,legacy_distillersr,2022-2023
184,chriscastille6,Yes,Yes,No,TRUE,TRUE,TRUE,TRUE,"For the use of self-report questionnaires, it is essential to detect whether there exists serious CMV. As recom- mended by Podsakoff et al (2003),39 the unmeasured latent method factor technique was applied to examine the degree of CMV. We constructed a latent factor called “CMV” by loading all indices of affective interaction, discretionary consideration, agreeableness, and overall jus- tice, and five-item parcels of PLB and two-item parcels of OCB. Results revealed that the seven-factor measurement model regarding the CMV factor and key variables (χ2=660.398 df = 307, χ2/df = 2.151, SRMR = 0.048, RMSEA = 0.060, CFI = 0.939, IFI = 0.939, NNFI = 0.924) fit the data better than the baseline six-factor model, but the improvement of the goodness of fit was slight (Δχ2 = 89.688, Δdf = 28, p<0.05). Additionally, we calculated the average variance extracted (AVE) by the “CMV”, and it was 0.34, which was below the cutoff (0.50) to identify the presence of a latent construct.50 In conclusion, even though CMV may exist, we believe it does not undermine the research validity of this study.",The inclusi&oacute;n of a ULMC did improve the fit of the model,Yes,34,Common method bias does not pose a significant threat to the study conclusions,NA,TRUE,legacy_distillersr,2022-2023
185,chriscastille6,Yes,Yes,No,TRUE,TRUE,TRUE,TRUE,"A confirmatory factor analysis (CFA) performed with all the items to assess the study’s measure- ment model showed a lack of fit for the five-factor hypothesized model (X2 (220) = 583.58, p < 0.001, goodness-of-fit index [GFI] = 0.82, comparative fit index [CFI] = 0.94, non-normed fit index [NNFI] = 0.93, root mean square error of approxima- tion [RMSEA] = 0.08), due to correlation among the errors of four the perceived autonomy scale items, and double loading of two emotional ex- haustion scale items and one life satisfaction scale item. After deleting these six items, a five-factor CFA performed showed excellent goodness-of-fit (X2 (94) = 114.87, p > 0.05, GFI = 0.94, CFI = 0.99, NNFI = 0.99, RMSEA = 0.03). A one-factor CFA showed that the hypothesized five-factor so- lution was significantly better (X2 (104) = 1717.87, p > 0.01, GFI = 0.53, CFI = 0.49, NNFI = 0.42, RMSEA = 0.23; ΔX2 (10) = 1603.00, p < 0.001). The Cronbach alpha indexes suggest that the five scales were reliable. Finally, a five-factor CFA with an additional unmeasured latent method factor (Podsakoff, Mackenzie, Lee & Podsakoff, 2003) provided evidence that common method bias was not a threat because this model did not show a significantly better goodness of fit (χ2 = 114.33, df=93,p>0.01,RMSEA=0.03,GFI=0.94, CFI = 0.99, NFI = 96, NNFI = 0.99; Δχ2 = 0.54, df = 1, p > 0.05), Table 1 depicts descriptive statis- tics, correlations, and coefficient alphas for all the revised scales used in this study.",The inclusion of a ULMC did not improve the fit of the model (no change in model fit),No,NA,Common method bias does not pose a significant threat to the study conclusions,NA,TRUE,legacy_distillersr,2022-2023
186,chriscastille6,No,NA,NA,FALSE,NA,NA,FALSE,NA,NA,NA,NA,NA,NA,FALSE,legacy_distillersr,2022-2023
187,chriscastille6,Yes,Yes,No,TRUE,TRUE,TRUE,TRUE,"Our data collection process measuring variables at three different time points and using a separate page per scale somewhat lessened concerns about common method bias. However, relying on a self-reported questionnaire raises concerns about a common method effect. To identify if the data contained substantial common method variance (CMV), we conducted an unmeasured latent method factor approach using CFA, in which a common method factor was added as a latent variable and linked to the 25 indicators of the five latent variables (Podsakoff, MacKenzie, & Podsakoff, 2012). This measurement model with a common method variable exhibited a marginally improved fit (χ2 = 647.66, df = 261, p < .05, Δχ2 = 20.85, Δdf = 4, CFI = 0.942, TLI = 0.928, RMSEA = 0.052, and SRMR = 0.033). The common latent variable for all indicators accounted for 11.62% of the total variance. The differences in factor correlations between the base and CMV model were small (ranging from 0 to 0.03). Therefore, although we detected small amounts of CMV, the results suggest that the data in this study are not likely to be seriously biased by the CMV (Williams & McGonagle, 2016).",The inclusi&oacute;n of a ULMC did improve the fit of the model,Yes,11.62,Common method bias does not pose a significant threat to the study conclusions,NA,TRUE,legacy_distillersr,2022-2023
188,chriscastille6,Yes,Yes,No,TRUE,TRUE,TRUE,TRUE,"Statistical analyses were carried out using PREDICTIVE ANALYTICS SOFTWARE (PASW Inc., Chicago, IL, USA) 18.0 for Windows and Analysis of Moment Structures (AMOS Development Corporation, Crawfordville, FL, USA) 18.0 for Windows software packages. A confir- matory factor analysis (CFA) with the maximum like- lihood method of estimation was used for examining the structure of the measures. Moreover, as perceptual data were used for measuring both independent and dependent variables, we examined whether common method variance (CMV) was an issue by following the recommendations of Podsakoff et al. (2003). Specifi- cally, we used the unmeasured latent method con- struct (ULMC) approach to determine the prevalence of CMV. The ULMC procedure separates response variance into three components: trait, method and random error (Richardson et al. 2009). If the trait/ method models combination fits better than the trait model, there is evidence that trait-based and method variance is present in the data. If the fit of a trait/ method–R model is significantly worse than the fit of the trait/method model, there is evidence of CMV bias. Finally, our hypotheses were tested using struc- tural equations modelling. The robustness of our theo- retical path model was examined in the two samples using a multigroup analysis. Model fit was gauged using the comparative fit index (CFI), the incremental fit index (IFI), the root-mean-square error of approxi- mation (RMSEA) (Hu & Bentler 1998), the RMSEA 90% confidence interval, and the ratio of chi-squared relative to the degrees of freedom (v2/df), which, to be acceptable, should be less than three (Kline 1998). We also examined the differences in CFI values (DCFI) across multigroup models with different restrictions in order to determine the degree of equivalence of the results in the two samples. Differences in CFI of 0.01 and larger indicate meaningful differences in model fit (Cheung & Rensvold 2002)…. The CMV analyses revealed that model fit was poorer for the method-only model than the trait-only model for both the central and northern Italy hospitals (Dv2 [13] = 446.8, P < 0.001, and Dv2 [13] = 403.5, P < 0.001, respectively). Moreover, the fit for the Trait/Method–R model was not worse than for the Trait/Method model (Dv2 [5] = 2.8, ns and Dv2 [5] = 5.9, ns, respectively). This suggests common method variance was not a serious issue in this study.",The authors did not make a clear claim regarding the relative fit of the model as it pertains to the ULMC,No,NA,Common method bias does not pose a significant threat to the study conclusions,"Rather than report model fit statistics and run a transparent comparison, the authors report a non-significant comparison of the CMV and CMB models to refute CMV.",TRUE,legacy_distillersr,2022-2023
189,chriscastille6,Yes,Yes,No,TRUE,TRUE,TRUE,TRUE,"Since all the variables of the study were measured using the same source, the effects of common method bias were examined (Podsakoff et al. 2003). To test for method bias, the unmeasured latent method factor technique was used. This approach involves estimating a latent variable model, in which items are allowed to load on their theoretical constructs and a latent common methods factor (Dulac et al. 2008). The results showed that the model with the common method factor had a good fit to the data (χ2 (df = 421) = 767.195, p < 0.001; CFI = 0.938, RMSEA = 0.049 and SRMR = 0.058). Yet, the variance extracted by the common method factor was only 0.22, falling below the 0.50 threshold that has been suggested as indicating the presence of common method bias (Dulac et al. 2008). This provides evidence against common method bias in the current study.",The authors did not make a clear claim regarding the relative fit of the model as it pertains to the ULMC,Yes,22,Common method bias does not pose a significant threat to the study conclusions,"The fit statistics of the model plus ULMC reveal that including the ULMC improves fit, but the authors do not report this explicitly.",TRUE,legacy_distillersr,2022-2023
190,chriscastille6,No,NA,NA,FALSE,NA,NA,FALSE,NA,NA,NA,NA,NA,NA,FALSE,legacy_distillersr,2022-2023
191,chriscastille6,Yes,Yes,No,TRUE,TRUE,TRUE,TRUE,"As mentioned before, several steps were followed to help reduce common method bias problems in this study such as collecting data from multiple sources (servant leadership and LMX were rated by nurses whereas proactive behaviors were rated by their supervisors), reducing item ambiguity and assuring respondent anonymity (Podsakoff et al., 2003; Podsakoff et al., 2012). However, because servant leadership and LMX were measured from the same source, the possibility of common method bias influencing the relationships between variables remained. Therefore, the unmea- sured latent method factor approach was used to test common method bias. This approach involved estimating a measurement model in which the indicators of ser- vant leadership and LMX were allowed to load on both their theoretical constructs and a common factor. This model provided good fit to the data, χ2 (df = 62) = 139.18, p < .01; CFI = 0.946, RMSEA = 0.078, and SRMR = 0.067. However, the average variance extracted by the common factor was 0.39, which is lower than Fornell and Larcker’s (1981) 0.50 threshold that has been proposed as suggestive of the presence of common method bias. Hence, common method bias is unlikely to be a serious issue in the study.",The authors did not make a clear claim regarding the relative fit of the model as it pertains to the ULMC,Yes,39,Common method bias does not pose a significant threat to the study conclusions,The authors provided model data fit information that facilitate the chi-square test for model comparisons. The results suggest that the ULMC does improve the fit of the model.,TRUE,legacy_distillersr,2022-2023
192,chriscastille6,Yes,Yes,No,TRUE,TRUE,TRUE,TRUE,"Also, because the mediator and outcome variables were measured at the same point in time, we controlled for the effects of an unmeasured latent method factor when testing the models (Podsakoff et al., 2003). Both models showed good fit to the data, M1: χ2(165) = 219.5, p < .01, RMSEA = .03, CFI = .99 and M2: χ2(163) = 217.8, p < .01, RMSEA = .03, CFI = .99. Comparing the two models (Hu & Bentler, 1999), the fit of the more parsimonious M1 did not significantly differ from that of M2—Δχ2(2) = 1.7, ns. Thus, we proceeded with the full mediation model (M1) for hypothesis testing.",The inclusion of a ULMC did not improve the fit of the model (no change in model fit),No,NA,The authors do not provide a conclusion regarding the role of common method bias,NA,TRUE,legacy_distillersr,2022-2023
193,chriscastille6,Yes,Yes,No,TRUE,TRUE,TRUE,TRUE,"We also applied several ex-post measures. For example, Harman’s single-factor test showed that 10 distinct factors accounted for 73.16% of the total variance, and no single factor accounted for the majority of the variance. In addition, because Harman’s single-factor test is an insensitive test, we retested our hypotheses after controlling for a single unmeas- ured latent method factor with all measures as indicators to represent common method biases and found consistent results (Podsakoff et al. 2003). Finally, research shows that models involving moderated variables are less sensitive to this bias (Siemsen et al. 2010). Considering all the ex-ante and ex-post measures and given that we studied the moderated mediation model, com- mon method bias was not a major concern in our analyses.",The authors did not make a clear claim regarding the relative fit of the model as it pertains to the ULMC,No,NA,Common method bias does not pose a significant threat to the study conclusions,NA,TRUE,legacy_distillersr,2022-2023
194,chriscastille6,Yes,Yes,No,TRUE,TRUE,TRUE,TRUE,"Although we collected data at two time points, a self-report survey might give rise to common method variance. Hence, we controlled for the effects of a single unmeasured latent method factor to examine common method variance (Podsakoff, MacKenzie, Lee, & Podsakoff, 2003). Following Xu and Lv’s (2018) procedure, we established a new measurement model where we loaded all items from the four key variables on their theoretical constructs and a common method factor. Results indicate that the fit of the new model, χ2 = 500.25, df = 291, χ2/df = 1.72, RMSEA = .07, CFI = .94, TLI = .92, IFI = .94, was not better than that of the four-factor measurement model. Therefore, common method variance was not a serious problem in this study.",The inclusion of a ULMC did not improve the fit of the model (no change in model fit),No,NA,Common method bias does not pose a significant threat to the study conclusions,NA,TRUE,legacy_distillersr,2022-2023
195,chriscastille6,Yes,Yes,No,TRUE,TRUE,TRUE,TRUE,"Building on survey data can result in a common source bias that may produce biased estimates (Podsakoff, MacKenzie, & Podsakoff, 2012). We first reduced the risk of CMV by having different actors, that is, street-level bureaucrats and their colleagues, provide the data for the main predictor and dependent variables. Second, CMV was assessed using two tests. Harman’s one-factor test was performed on the cohesion measures and the dependent variables as these measures relied on survey responses provided by the same individual (Podsakoff & Organ, 1986). The extracted factor accounted for a small portion of the total variance only (13.1 and 12.6%, respectively). Second, we controlled for CMV using the unmeasured latent method factor technique (Podsakoff et al., 2012), performed in AMOS. The common variance was low (0 and 2.3%, respectively). Both tests indicate that CMV was not substantial in this study.",The authors did not make a clear claim regarding the relative fit of the model as it pertains to the ULMC,Yes,2.3,Common method bias does not pose a significant threat to the study conclusions,The authors provide two estimates for method variance without explaining these estimates clearly.,TRUE,legacy_distillersr,2022-2023
196,chriscastille6,No,NA,NA,FALSE,NA,NA,FALSE,NA,NA,NA,NA,NA,NA,FALSE,legacy_distillersr,2022-2023
197,chriscastille6,No,NA,NA,FALSE,NA,NA,FALSE,NA,NA,NA,NA,NA,NA,FALSE,legacy_distillersr,2022-2023
198,chriscastille6,No,NA,NA,FALSE,NA,NA,FALSE,NA,NA,NA,NA,NA,NA,FALSE,legacy_distillersr,2022-2023
199,chriscastille6,Yes,Yes,No,TRUE,TRUE,TRUE,TRUE,"For ex post survey strategy, we used an unmeasured latent method factor approach, which is a structural equation modeling (SEM)–based procedure recommended by sev- eral authors (Chang et al., 2010; Podsakoff, MacKenzie, Lee, & Podsakoff, 2003). Accord- ing to this procedure, we add a same-source factor to the indicators of all of the model constructs in the SEM and compare two mod- els with each other. In model one, the same- source factor loadings are estimated freely (unconstrained model), and in model two, the factor loadings are constrained to zero (constrained model). As no changes in path significance were found between the con- strained model and the model considering for CMV, we can assume that CMV is not a major problem in our analyses.2",The authors did not make a clear claim regarding the relative fit of the model as it pertains to the ULMC,No,NA,Common method bias does not pose a significant threat to the study conclusions,The authors take the tactic of reporting on changes in the structural paths when CMV is included vs. excluded. Model fit information is not provided.,TRUE,legacy_distillersr,2022-2023
200,chriscastille6,Yes,Yes,No,TRUE,TRUE,TRUE,TRUE,"We attempted to mitigate the influence of common method variance through our study design by assessing the dependent variable at a different time point. However, as all Time 1 variables were assessed using only one method (self-report), common method variance (CMV) may pose a threat to the empirical relationships between networking behaviors and job satisfaction, perceived employment opportunities, and job embeddedness. We used the unmeasured latent method factor (ULMF) approach to as- sessing CMV, which is commonly used in studies with a similar research design as this study (Podsakoff, MacKenzie, Lee, & Podsakoff, 2003). We used confirmatory factor analytic techniques to compare a baseline model containing variables assessed using the self-report method at Time 1 (i.e., external networking, internal networking, job satisfaction, job em- beddedness, perceived employment opportunities, and job search effort) with a ULMF model that includes the Time 1 variables as well as an un- measured latent method factor (that was uncorrelated with the other latent variables). The ULMF model did not converge because of problems with identification. As an alternative model, we set all of the factor loadings of the method factor to equality, which has been adopted by some researchers as a means for achieving a convergent solution in these circumstances (cf. Podsakoff et al., 2003). The change in χ2 statistic (χ2(2, N = 370) = 19.87, p < .001) revealed that the alternative ULMF model (χ2(723, N = 370) = 1,539.74, p < .001; CFI = .92; TLI = .91; RMSEA = .06; SRMR = .06) exhibited better fit compared to the baseline model (χ2(725, N = 370) = 1,559.61, p < .001; CFI = .92; TLI = .91; RMSEA = .06; SRMR = .06), which suggests that CMV is present in our data.  imilar to previous research (e.g., Boswell, Olson-Buchanan, & Har- ris, 2014), we conducted additional analyses, which suggested that CMV was unlikely to influence study results. First, we found that the variance attributable to an ULMF (8%) was below the amount typically found in similar studies (Carlson & Kacmar, 2000; Williams, Cote, & Buckley, 1989). Second, we found that the differences between the standardized factor loadings of the baseline and ULMF models were minimal (average difference was .058; largest difference was .126) and comparable to previous research (Boswell et al., 2014). Finally, we found that the RMSEA values of each model had overlapping confidence intervals, providing evidence that the baseline model is more parsimonious. Taking these findings together, we concluded that common method variance posed a limited threat to our study results. Nonetheless, we note that this rocedure only accounts for CMV attributable to a common correlation across all variables within a single method and does not address CMV caused by other factors, such as respondents’ active information processing and self-generated validity (Feldman & Lynch, 1988).",The inclusi&oacute;n of a ULMC did improve the fit of the model,Yes,8,Whether common method bias is or is not a significant threat to the study conclusions remains unclear,NA,TRUE,legacy_distillersr,2022-2023
201,chriscastille6,Yes,Yes,No,TRUE,TRUE,TRUE,TRUE,"We took steps to assess the degree of common method variance (CMV) underlying our data because our data were cross-sectional and self-reported. First, we performed the Harman's single-factor test to examine whether a general factor explained most of the variance for all items in our measures of perceived risk in referring, affective com- mitment, and likelihood of referring (Podsakoff, MacKenzie, Lee, & Podsakoff, 2003). The results revealed two distinct factors (eigen- values >1), with the first factor explaining only 42% of the variance. Importantly, the items loaded on their respective latent constructs. The single item measuring likelihood of referring loaded on a third fac- tor with an eigenvalue of .87. Finally, a more rigorous test is to control for an unmeasured latent method factor, in which items are specified to load on the method factor as well as their first-order theoretical fac- tor (Johnson, Rosen, & Djurdjevic, 2011; Podsakoff, MacKenzie, & Podsakoff, 2012). To assess the significance of CMV, the magnitudes of the factor loadings of the model without the latent CMV factor are compared to the 95% confidence internals around the loadings of the model with the latent CMV factor. Specifically, if a factor loading value from the proposed model falls outside the confidence interval, then one can conclude that two values are significantly different from each other (Johnson et al., 2011; Stajkovic, Lee, Greenwald, Raffiee, 2015). All but two factor loadings fell within the confidence interval. How- ever, it is important to caution that this test has the potential to over- state the effects of CMV (Johnson et al., 2001). In sum, our empirical checks regarding CMV, in general, suggest that it is not likely of major significance to the relationships studied here.",The authors did not make a clear claim regarding the relative fit of the model as it pertains to the ULMC,No,NA,Common method bias does not pose a significant threat to the study conclusions,NA,TRUE,legacy_distillersr,2022-2023
202,chriscastille6,Yes,Yes,No,TRUE,TRUE,TRUE,TRUE,"As ED, SE, PO, and IB data were all reported by respondents, a risk of common method variance (CMV) existed. The Harman single factor method was employed to analyze the results. Table 1 indicates that the fitting index of the one factor model is not ideal (χ2/df = 14.28, RMSEA = 0.158, CFI = 0.716, TLI = 0.668, SRMR = 0.091). To some extent, the variation of the common methods in this study is not serious. On the other hand, as Harman’s single factor method was not extremely sensitive in testing the mutation risk of the common methods, this study also employed a method to regulate the effects of an unmeasured latent method factor to compare whether the fitting index of this model was better than that of the four-factor model [76]. Table 1 indicates that when a common method variance factor was added into the four-factor model, it manifested a slightly higher fitting degree, whereas the improvement range was overly narrow (in the range of 0.01–0.02). In brief, there is no serious common method bias for the measurements.",The inclusi&oacute;n of a ULMC did improve the fit of the model,No,NA,Common method bias does not pose a significant threat to the study conclusions,NA,TRUE,legacy_distillersr,2022-2023
203,chriscastille6,Yes,Yes,No,TRUE,TRUE,TRUE,TRUE,"In this study, ratings of primary independent and depend variables were obtained from the same source. Thus, we employed the unmeasured latent method construct approach to assess the extent to which our results are affected by the problem of common method variance (CMV). Four nested models were used to evaluate the severity of CMV (Richardson, Simmering, & Sturman, 2009): the trait-only model (i.e., the hypothesized model with a null method construct), the method-only model (i.e., substantive constructs were null, and paths from the method construct to all manifest indicators were allowed to be estimated), the trait/method model (i.e., the hypothesized model plus paths between all manifest indicators and the method construct), and the trait/method-R model (i.e., a trait/method model with latent construct correlations constrained to the value obtained from the trait-only model). Results showed that the trait-only model fit the data better ( 2 = 405.10, df = 220; NNFI = .97, CFI = .97) than did the method-only model ( 2 = 1598.20, df = 220; NNFI = .85, CFI = .87), suggesting that the observed variance in the substantive constructs was not because of the method alone. In addition, the trait/method model had a better fit (2 = 282.80, df = 197; NNFI = .98, CFI = .98; 2 = 122.30, df = 23, p < .01) than did the trait-only model, indicating that both trait-based and method variance were present in our data. However, given that the trait/method model did not fit significantly better than did the trait/method-R model ( 2 = 298.19, df = 207; NNFI = .98, CFI = .98;  2 = 15.39, df = 10, p > .05), there is no evidence suggesting CMV adversely affects the validity of statistical inferences reported in the present study (Richardson et al., 2009).",The inclusi&oacute;n of a ULMC did improve the fit of the model,No,NA,Common method bias does not pose a significant threat to the study conclusions,NA,TRUE,legacy_distillersr,2022-2023
204,chriscastille6,No,NA,NA,FALSE,NA,NA,FALSE,NA,NA,NA,NA,NA,NA,FALSE,legacy_distillersr,2022-2023
205,chriscastille6,No,NA,NA,FALSE,NA,NA,FALSE,NA,NA,NA,NA,NA,NA,FALSE,legacy_distillersr,2022-2023
206,chriscastille6,Yes,Yes,No,TRUE,TRUE,TRUE,TRUE,"Before conducting analysis, confirmatory factor analysis was used to verify the mea- surement model. The overall model fit indices (CFI = 0.914, TLI = 0.906, RMSEA = 0.072 [0.069, 0.075], SRMR = 0.036) indicate adequate discriminant validity between latent vari- ables representing five different constructs. In particular, for the construct of EM consisting of four subdimensions, the fit indices (CFI = 0.951, TLI = 0.937, RMSEA = 0.085 [0.078, 0.093], SRMR = 0.032), showed a good fit of this latent variable. Moreover, to test common method variance (CMV), we adopted a single unmeasured latent method factor suggested by Podsakoff et al. [56]. The results show that the variables involved in this study do not have serious CMV problems because the fitting index of the model after control was not obviously better than that before control (Table 1).",The authors did not make a clear claim regarding the relative fit of the model as it pertains to the ULMC,No,NA,Common method bias does not pose a significant threat to the study conclusions,"The authors provide the model fit statistics to facilitate a comparison, but do not draw the conclusion that the model with the ULMC is a better fit than the model without the ULMC.",TRUE,legacy_distillersr,2022-2023
207,chriscastille6,Yes,Yes,No,TRUE,TRUE,TRUE,TRUE,"As the data were collected using self-reported measures, findings could be affected by common method bias. To test for this issue we computed a confirmatory factor analysis for the four latent variables with and without a same-source first- order factor added test. This unmeasured latent method factor was set to have indicators of all self- report items, therefore controlling for the portion of variance attributable to obtaining all measures from a single source (see Podsakoff, Mackenzie, & Podsakoff, 2012). As all factor loadings and inter- correlations were almost identical in both models, common method variance was not believed to be a source of bias in this study’s data.",The authors did not make a clear claim regarding the relative fit of the model as it pertains to the ULMC,No,NA,Common method bias does not pose a significant threat to the study conclusions,NA,TRUE,legacy_distillersr,2022-2023
208,chriscastille6,Yes,Yes,Yes,TRUE,TRUE,FALSE,FALSE,NA,NA,NA,NA,NA,NA,FALSE,legacy_distillersr,2022-2023
209,chriscastille6,No,NA,NA,FALSE,NA,NA,FALSE,NA,NA,NA,NA,NA,NA,FALSE,legacy_distillersr,2022-2023
210,chriscastille6,No,NA,NA,FALSE,NA,NA,FALSE,NA,NA,NA,NA,NA,NA,FALSE,legacy_distillersr,2022-2023
211,chriscastille6,Yes,Yes,No,TRUE,TRUE,TRUE,TRUE,"Next, we assessed the potential threat of common method bias using the unmeasured latent method construct (ULMC) approach (Podsakoff, MacKenzie, Lee, & Podsakoff, 2003; Williams, Cote, & Buckley, 1989). Following the procedure described by Richardson, Simmering, and Sturman (2009), we tested three models. The first model was the measurement model, which included a null common. method variance (CMV) construct. The second model-the trait/method model (conge- neric and non-congeneric)-adds an estimated path from the method construct to all construct manifest indicators. The third model was the trait/method-R model. This was identical to the trait/method model, but the independent-dependent construct correla- tions were constrained to the values obtained from the first model. If the trait/method-R model fits significantly worse than the trait/method model, there is evidence of bias due to CMV. The analysis resulted in a chi-square difference of 8.598, with 10 degrees of freedom (p = .571) between the two models, which indicates that common method biases did not affect the findings.",The authors did not make a clear claim regarding the relative fit of the model as it pertains to the ULMC,No,NA,Common method bias does not pose a significant threat to the study conclusions,NA,TRUE,legacy_distillersr,2022-2023
212,chriscastille6,Yes,Yes,No,TRUE,TRUE,TRUE,TRUE,"Nonetheless, this source of bias should be taken into account whenever possible (Podsakoff et al., 2012), and as such we also applied statistical remedies, beyond the procedural remedy described in the previous paragraph. Given that we do not know the specific source of method bias, we followed the unmeasured latent method factor tech- nique proposed by Podsakoff et al. (2003, 2012). This technique involves adding a first-order method factor to the confirmatory factor analysis (CFA) whose measures are the indicators of the theoretical constructs, thus modeling its effect at the measurement level. After adding the method factor, model fit improved (χ2 (201) = 330.31**; comparative fit index [CFI] = .95; root mean square error of approxima- tion [RMSEA] = .06; standardized root mean square residual [SRMR] = .05), which is a sign that there is some degree of common method bias present in our study, which is expected given its single source design. However, the variance explained by the common method factor was 13 percent, significantly below the 25 percent threshold described by Williams, Cote, and Buckley (1989).",The inclusi&oacute;n of a ULMC did improve the fit of the model,Yes,13,The authors do not provide a conclusion regarding the role of common method bias,NA,TRUE,legacy_distillersr,2022-2023
213,chriscastille6,Yes,Yes,No,TRUE,TRUE,TRUE,TRUE,"No study is without limitations and the current study is no exception to that rule. A first and obvious limitation is that all variables were measured using the same source and the same method. An important caveat is therefore that our data can share some common method variance. We performed a supplementary test with our data, controlling for the effects of an unmeasured latent method factor which loaded on all items of our four latent variables, with the respective items still loading on the four theoretical constructs. The results showed that the CMV model had good fit indices (v2 (96, N 5 1,000) 5 384.77, p .001), CFI 5 .96, RMSEA 5 .055, with a 90% confidence interval of .049 to .061) and it showed to be a better fitting model than the four-factor model with- out the CMV factor (Dv2(17, N 5 1,000) 5 258.34, p .001). However, it is important to note in this respect that while common method variance may “inflate (or deflate) bivariate linear relationships, it cannot inflate (but does deflate) quad- ratic and interaction effects” (Podsakoff, MacKenzie, & Pod- sakoff, 2012, p. 564). According to Evans (1985), significant interactive effects cannot be created artificially by correlated errors. Moreover, Siemsen, Roth, and Oliveira (2010) showed that interaction terms can be severely deflated through com- mon method variance, making them more difficult to detect through statistical means. In fact, Podsakoff and coworkers (2012) argue that the test of interaction effects, rather than main effects, is even an alternative approach that might help rule out method bias, since method bias would not be able to account for any statistically significant interaction effects observed (pp. 564-565). Hence, although there may be some common method variance in our data, we are confident that it does not bias our interaction results. Accordingly, common method variance poses less a concern of bias for this study and it does not seem a serious threat to the validity of the current conclusions. Even so, follow-up research employing multisource design would be clearly preferable.",The inclusi&oacute;n of a ULMC did improve the fit of the model,No,NA,Common method bias does not pose a significant threat to the study conclusions,NA,TRUE,legacy_distillersr,2022-2023
214,chriscastille6,No,NA,NA,FALSE,NA,NA,FALSE,NA,NA,NA,NA,NA,NA,FALSE,legacy_distillersr,2022-2023
215,chriscastille6,No,NA,NA,FALSE,NA,NA,FALSE,NA,NA,NA,NA,NA,NA,FALSE,legacy_distillersr,2022-2023
216,chriscastille6,Yes,Yes,No,TRUE,TRUE,TRUE,TRUE,"We compared different measure- ment models via confirmatory factor analysis (LISREL 8.54). First, we tested the expected measurement model, including six latent vari- ables: work engagement, intrinsic and extrinsic work values, and the need for autonomy, relat- edness, and competence. The model provided an adequate fit to the data; 2(762)  2,022.10, p  .001; root square mean error of approxima- tion (RSMEA)  .07; standardized root mean square residual (SRMR)  .09; CFI  .92, Nonnormed Fit Index (NNFI)  .90.  To examine the potential for common method bias, we tested two models: Harman’s single factor model, and a latent common method factor model. The Harman’s single fac- tor model—in which all items loaded on one factor—did not fit the data well; 2(945)  10,437.20, p  .001; RSMEA  .18; SRMR  .15; CFI  .72, NNFI  .71. In the final model, we added a single unmeasured latent method factor (Podsakoff, Mackenzie, Lee, & Podsa- koff, 2003) to the measurement model. In this model, all items loaded both on their expected factors and a latent common method factor. The common method factor model did not fit the data well; 2(812)  3,069.29, p  .001; RSMEA  .10; SRMR  .14; CFI  .88, NNFI  .86, which was worse than the fit of the expected measurement model; 2 (50)  ,047.19, p  .001…. for common method variance indicated common method variance does not pose a serious threat to the interpretation of the results from this study. Moreover, self-reports are justifiable and probably even necessary, when studying con- structs that are self-referential, such as need satisfaction and work engagement (Chan, 2009).",The inclusion of a ULMC harmed the fit of the model (the fit of the proposed model was superior),No,NA,Common method bias does not pose a significant threat to the study conclusions,NA,TRUE,legacy_distillersr,2022-2023
217,chriscastille6,Yes,Yes,No,TRUE,TRUE,TRUE,TRUE,"We utilized a range of a priori approaches and post-hoc ana- lyses to rule out the possibility of a common method bias. First, from an a priori perspective, we incorporated the best practices described in the literature for reducing this bias (MacKenzie and Podsakoff 2012), pretesting all the questions to ensure respondents’ clear comprehension. Second, we ensured respondent anonymity and aimed to minimize ambiguity (Podsakoff, MacKenzie and Podsakoff 2012). Third, we created a proximal separation between the measures of the predictor and criterion variables via their placement in the survey instrument (Podsakoff, MacKenzie, and Podsakoff 2012). Fourth, we informed our respondents (all of them retail salespeople) about the importance of this study and how their accurate responses might produce useful consequences for them and their companies. In order to receive timely and accurate responses, we also promised to share some of the study results with the interested respon- dents (MacKenzie and Podsakoff 2012). From a post-hoc perspective, we followed a number of procedures used in the literature to assess the effects of common method bias. First, we used Harman’s one- factor test, which has been used in the marketing literature (Krush, Sohi, and Saini 2015). Six factors demonstrated an eigenvalue greater than one, and collectively the variables accounted for 74.83% of the variance. Next, we conducted a single-factor exploratory analysis and found that the one factor accounted for 42.13% of the variance. Second, based on the Unmeasured Latent Method Factor (ULMF) technique (Podsakoff, MacKenzie, and Podsakoff 2012), we incorporated a common method factor into a CFA model. In this model, the items load on both their respective latent constructs as well as on a common method factor. This procedure not only extracts the common method variance, but it also offers the advan- tage of controlling for all systemic sources of bias that influence the relationships between constructs (Podsakoff, MacKenzie, and Podsakoff 2012). We used the estimated latent variable scores from the CFA model to test the hypothesized structural model as discussed in the next section. These a priori and post-hoc procedures served to minimize and control the common method variance and ensured to account for the common method bias.",The authors did not make a clear claim regarding the relative fit of the model as it pertains to the ULMC,No,NA,The authors do not provide a conclusion regarding the role of common method bias,NA,TRUE,legacy_distillersr,2022-2023
218,chriscastille6,Yes,Yes,No,TRUE,TRUE,TRUE,TRUE,"We made use of self-reported data, which has the well-known potential for measurement error because of common method variance. We took measures to reduce method bias (Podsakoff, MacKenzie, Lee, & Podsakoff, 2003) by ensuring that in the questionnaire we counter- balanced the question order. We also used items and scales that were vali- dated in earlier research in African settings. Given the lack of archival data in Uganda and the setting of the interviews, it was, unfortunately, not feasible to collect information from archival sources. Using post-hoc procedures we attempted to detect whether common method bias was present. First we attempted to fit a model where each item was not only an indicator of an unmeasured latent method factor, but also its substantive trait. As is often the case in practical applications (Podsakoff et al., 2003, p. 891), this model could not be estimated. Alternatively we performed the widely used Harman’s single factor test. In this test each item was treated as an indicator of an unmeasured latent method factor. This model was then compared to our measurement model. The fit of the one latent method model was much worse, χ2(108) = 1602.201, than our regular measurement model, χ2(96) = 267.709. The chi-square difference was highly significant (Δχ2(12) = 1334.492; p = .000). This suggested that there was not one single common method factor that produced correlations in our data. However, considering Harman’s single factor test to be insensitive (Podsakoff et al., 2003, p. 889), we cannot conclusively rule out common method bias based on this result.",The authors did not make a clear claim regarding the relative fit of the model as it pertains to the ULMC,No,NA,Common method bias does not pose a significant threat to the study conclusions,The ULMC could not be included in the model owing to an identification issue.,TRUE,legacy_distillersr,2022-2023
219,chriscastille6,Yes,Yes,No,TRUE,TRUE,TRUE,TRUE,"This study has several limitations. First, all measures were self-reported, rendering the findings prone to common method bias (Podsakoff, MacKenzie, Lee, & Podsakoff, 2003). In particular, emotional exhaustion and displaced aggression toward supervisors and coworkers were measured in the same afternoon survey, which makes it difficult to infer the causal direction of the relationships between these constructs. However, we used different response anchors for these variables to create the procedural control for reducing the potential common method bias (Podsakoff et al., 2003). It is interesting to note that we did not observe an upward bias of the effect sizes for linkages between emotional exhaustion and displaced aggression toward supervisors (  .06) or cowork- ers (  .11) versus family members (  .13), suggesting that the lack of temporal separation probably did not inflate the effects on displaced aggression toward supervisors or coworkers compared with family members. Further, the observed effect of emotional exhaustion on displaced aggression toward family members is not likely explained by reverse causation, because displaced aggres- sion toward family members was measured at home, several hours after emotional exhaustion was assessed. In addition, using the unmeasured latent method factor technique (Podsakoff et al., 2003), we specified an alternative model to gauge the influence of potential common method bias by adding a latent common method factor to the previously estimated seven-factor confirmatory factor analysis model. All items were allowed to load on this common method factor in addition to loading on their respective factors, and the covariances between this method factor and the other seven latent factors were fixed to zero. Results showed that this eight- factor model fit the data well, 2(1,027, N  1,275)  5,309.47, p  .01, CFI  .93, SRMR  .05, RMSEA  .06. After control- ling for the influences of potential common method biases, all items were still significantly loaded on their respective latent factors (standardized factor loadings ranging from .41 to .92 [they were .45–.93 in the seven-factor model]). All the correlations between factors remained significant (M  .36, Mdn  .32, ps  .01). In addition, standardized factor loadings on the latent com- mon method factor were smaller (M  .20, Mdn  .18) than their loadings on the seven latent factors (M  .77, Mdn  .80). These results indicate that the common method variance captured by the latent method factor did not substantially change the measurement structure of the seven substantive variables. However, future re- search can extend the current study by obtaining measures of aggression from different sources (e.g., supervisors, coworkers, family members) and implementing time separation more thor- oughly as ways to further alleviate concerns regarding common method bias.",The authors did not make a clear claim regarding the relative fit of the model as it pertains to the ULMC,No,NA,Whether common method bias is or is not a significant threat to the study conclusions remains unclear,"The authors do provide fit statistics that facilitate a model comparison, which reveals that including the ULMC does improve fit.",TRUE,legacy_distillersr,2022-2023
220,chriscastille6,No,NA,NA,FALSE,NA,NA,FALSE,NA,NA,NA,NA,NA,NA,FALSE,legacy_distillersr,2022-2023
221,chriscastille6,Yes,Yes,No,TRUE,TRUE,TRUE,TRUE,"According to Anderson and Gerbing’s (1988) recommendations, it is necessary to assess the appropriate factor structure of the measures used in the current study prior to testing the structural model. We used the aforementioned fit indices in examining the distinctiveness of our study variables. Our overall hypothesised confirmatory factor analysis (CFA) model including six factors yielded a good fit to the data (χ2 (335)=835.734 p<0.001, CFI=0.927, TLI=0.918, RMSEA=0.052, SRMR=0.052). That model yielded a better fit to the data than any more parsimonious model, including a series of five-factor models by combining job demands and the dimensions of burnout one by one as well as a one-factor model (Table 2). Models were compared using the chi-squared difference test (Bentler and Bonnett, 1980). As the data was collected using self-reported measures, findings could be affected by common method bias. To test for this issue, we computed a confirmatory factor analysis for the six latent variables with and without a same-source first-order factor added test. This unmeasured latent method factor was set to have indicators of all self-report items, therefore controlling for the portion of variance attributable to obtaining all measures from a single source (Podsakoff et al., 2012). As all factor loadings and intercorrelations were almost identical in both models, common method variance was not believed to be a source of bias in this study’s data.",The authors did not make a clear claim regarding the relative fit of the model as it pertains to the ULMC,No,NA,Common method bias does not pose a significant threat to the study conclusions,NA,TRUE,legacy_distillersr,2022-2023
222,chriscastille6,Yes,Yes,No,TRUE,TRUE,TRUE,TRUE,"Because our data were self-reported and the variables were measured in the same questionnaire, results of our data analyses may suffer from the problem of common method variance (CMV) (Podsakoff, MacKenzie, & Podsakoff, 2012). To assess the extent to which CMV was a concern, and following Podsakoff et al.’s (2012, p. 553) recommendation of the unmeasured latent method factor technique, we added an artificial CMV latent factor into the theoretical measurement model with all items loading on it. The fit indices fell into an acceptable level, though the RMSEA was slightly beyond .08 (χ2 = 609.78; df = 168; RMSEA = .10; SRMR = .08; CFI = .94; NNFI = .92). Compared to that of our theoretical model, the chi-square of the model with an additional CMV factor significantly decreased (Δχ2 = 25.33, Δdf = 11, p < .001). The result suggests that the model with the CMV factor is better than our theoretical model. However, following Dulac, Coyle-Shapiro, Henderson, and Wayne (2008, p. 1088), we found that variance extracted by the common methods factor was .27, falling below the .50 cutoff that has been suggested. Thus, CMV was not a serious problem.",The inclusi&oacute;n of a ULMC did improve the fit of the model,Yes,27,Common method bias does not pose a significant threat to the study conclusions,NA,TRUE,legacy_distillersr,2022-2023
223,chriscastille6,Yes,Yes,No,TRUE,TRUE,TRUE,TRUE,"As the independent and dependent constructs are measured from the same source, there is a potential for common method bias (CMB). In general, there are two main ways to control for CMB: design- related procedures and statistical controls (Pod- sakoff et al., 2003). Of the design-related procedural remedies, we followed these steps. First, we pre-screened the po- tential respondents to ensure that they have rel- evant knowledge and expertise of the research theme. Second, we assured all respondents that their identity and answers would be kept secret and refrained from asking about sensitive data. Fi- nally, we placed dependent and independent vari- ables/constructs distant from each other and also randomized items within each construct. Two statistical control methods recommended by Podsakoff et al. (2003) are conducted in order to measure the extent to which CMB is likely to have affected the results. First, drawing on Har- man’s single factor test, all the fit indices for a sin- gle factor measurement model are compared to the actual measurement model. The single factor model is found to be poor compared to the ac- tual measurement model in terms of the fit in- dices, indicating a lack of CMB. In the second test, all the observed variables in the measurement model are loaded to their assigned latent factors as well as to a single unmeasured latent method factor (Carlson and Kacmar, 2000; Carlson and Perrewe, 1999). The fit indices obtained from this model are then compared to the fit indices for the actual measurement model. The model with the unmeasured latent method factor is found to have better fit indices than the actual measurement model. However, the total variance explained by the single unmeasured factor is noted to be not significant (less than 5%) and well below 25%, in line with the standard set of Williams, Cote and Buckley (1989).",The inclusi&oacute;n of a ULMC did improve the fit of the model,Yes,5,Common method bias does not pose a significant threat to the study conclusions,NA,TRUE,legacy_distillersr,2022-2023
224,chriscastille6,Yes,Yes,No,TRUE,TRUE,TRUE,TRUE,"To control for common method bias, we first tried to control for the effect of a single unmea- sured latent method factor (Chang et al., 2010; Podsakoff et al., 2003). We used Harman’s single- factor test to estimate the extent of the common method bias. All the observed variables were subjected to principal components analysis. The first un-rotated component explains less than 45% of the variance. Furthermore, we estimated a single-factor confirmatory model. This model has a bad fit (χ2[179] = 1211.24, root mean square error of approximation [RMSEA] = 0.134, standardised root mean square residual [SRMR] = 0.110, and comparative fit index [CFI] = 0.692). Consequently, no single factor can explain the data structure. As noted by Chang et al. (2010, p. 180), “Common method variance is more likely to emerge in models that are overly simple.” Our main model include a complex relationship—mediating effect (Figure 1), so the tests of our hypotheses may not be much affected by common method bias; in other words, our “own theoretical model” was likely to reduce common method variance. In short, from the results of Harman’s single-factor test, the goodness of fit of the single-factor confirmatory model, and the proposed theoretical model, we can expect common method vari- ance not to be a serious problem in our research.",The authors did not make a clear claim regarding the relative fit of the model as it pertains to the ULMC,No,NA,Common method bias does not pose a significant threat to the study conclusions,"The authors did not provide evidence of having used the ULMC, but claimed to have used it.",TRUE,legacy_distillersr,2022-2023
225,chriscastille6,Yes,Yes,No,TRUE,TRUE,TRUE,TRUE,"For many years, researchers in organizational behavior have raised concerns about common method variance biases (Williams et al., 1989). It has been suggested that relationships between self-report measures can become exaggerated due to measurement method (Kline et al., 2000). In order to test for the presence of method variance bias within the current study, a sequence of statistical approaches were undertaken. First, Harman’s single-factor test was performed. This test is one of the most widely used approaches by researchers (Podsakoff and Organ, 1986; Podsakoff et al., 1984). All variables in the study were entered into an exploratory factor analysis to examine the unrotated factor solution Anderson and Batemen, 1997). No single factor emerged from the analysis indicating that there is no substantial amount of common method variance present in the current data. Confirmatory Factor Analysis using the single-factor technique was also performed as a more sophisticated test. This test also failed to produce a single factor from the analysis. Following this, a further test controlling for the effects of a single unmeasured latent method factor was conducted as recommended by Podsakoff et al. (2003). This test has been used in a number of studies by adding a first-order factor with all other measures (e.g., Carlson and Kacmar, 2000; Podsakoff et al., 1990). Findings from the current study revealed that the variance explained by the method factor is low and correlations among constructs are similar with or without the method factor included, thus indicating that common method variance is not a serious bias.",The authors did not make a clear claim regarding the relative fit of the model as it pertains to the ULMC,No,NA,Common method bias does not pose a significant threat to the study conclusions,The authors claim that the key effects remain unchanged by including the ULMC.,TRUE,legacy_distillersr,2022-2023
226,chriscastille6,Yes,Yes,No,TRUE,TRUE,TRUE,TRUE,"To minimize the risk of common method bias, we used procedural techniques such as requiring participants to respond anonymously and included reverse-scored items in the assessments. We also measured social desirability bias, which is an important means of addressing common method bias (Podsakoff, MacKenzie, Lee, & Podsakoff, 2003). Using Harman's single-factor test as a diagnostic technique, we examined whether common method variance was a significant issue in this study (Podsakoff et al., 2003). All the items were subjected to exploratory factor analysis (method: principal component anal- ysis, rotation: none). The Kaiser–Meyer–Olkin measure of the sam- pling adequacy was .86. Eight factors with eigenvalues greater than one were extracted. They accounted for 59.74% of the variance in the items. The largest factor accounted for 16.25% of the variance. According to Williams, Cote, and Buckley (1989), same-source bias should be considered to be problematic when a single factor is ex- tracted or an emergent factor accounts for more than 25% of the total variance. Therefore, the results indicated that common method bias was not a significant threat in the present study. To test the discriminant validity of the six constructs, confir- matory factor analysis was conducted using structural equation modeling and Mplus 7.4 (Muthén & Muthén, 1998–2015). Model es- timation using maximum likelihood estimation with robust standard errors (MLR) is recommended when small or medium samples and non-normal continuous factor indicators have been used (Muthén & Muthén, 2002). We controlled the unmeasured latent method factor and compared the fit indices that emerged for the six-, five-, four-, three-, two-, and one-factor models (see Table 1). The six- factor measurement model yielded acceptable fit indices, chi-square (χ2) = 1,092.99; df = 687; χ2/df = 1.59; p < .001; comparative fit index (CFI) = .90; Tucker-Lewis index (TLI) = .89; root mean square error of approximation (RMSEA) = .04; standardized root mean square residual (SRMR) = .06 (Hu & Bentler, 1999). According to Raftery (1996), a difference of >10 in the absolute Bayesian infor- mation criterion (BIC) value should be considered as strong evidence of the superiority of one model over another. When compared to the other models, the six-factor model, for which the lowest Akaike information criterion and BIC values emerged, was the best-fitting model (Akaike, 1987; Raftery, 1996). This was indicative of good dis- criminant validity among the six constructs, namely, utilitarianism, formalism, unethical decision making, moral disengagement, and perceptual and reflective moral attentiveness.",The authors did not make a clear claim regarding the relative fit of the model as it pertains to the ULMC,No,NA,Common method bias does not pose a significant threat to the study conclusions,The authors do not provide any fit statistics for the model including the ULMC.,TRUE,legacy_distillersr,2022-2023
227,chriscastille6,Yes,Yes,No,TRUE,TRUE,TRUE,TRUE,"The problem of the CMB may be resolved in different ways, and at three stages, such as research design, data collection, and statistical processing, when conducting empirical studies (Podsakoff, Mackenzie, Lee, & Podsakoff, 2003; Richardson, Sim- mering, & Sturman, 2009). In the research design stage, when the variables are measured, the CMB problem can be resolved by separating the response source or measurement environment for each variable. Respondents were assured that the identification number on the survey was for data matching purposes only and that neither the researchers nor company management would know their individual re- sponses. In the data collection stage, questionnaires were distributed to employees and man- agers in a Korean firm. The first questionnaires, containing measures of organisa- tional justice, network embeddedness, were distributed to approximately 500 em- ployees. The second questionnaire, containing the measure of OCB, was distributed to 230 managers, who were the immediate supervisors of the 500 employees. This procedure assured that the measures of job attitudes and OCB were not subject to CMB. Additionally, the data was collected at different times in order to reduce the potential for bias. For example, the survey for employees in respect to organisational justice and network embeddedness variables was conducted between November 10, 2013, and December 15, 2013, and for managers including supervisors concerning OCB, variables were conducted between January 5, 2014, and February 5, 2014.  In the statistical processing stage, the application of Harman’s (1967) single-factor test to all the relevant variables in the model, using an eigenvalue of greater than 1 criterion, revealed five factors, rather than just one, with the first factor explaining 31.38% of the variance in the data. Podsakoff et al. (2003) assembled the advan- tages and disadvantages associated with methods of assessing and controlling for CMB. Among the various techniques (e. g. Harman’s single factor test, partial cor- relation, etc.), those founded upon confirmatory factor analysis (CFA) tend to be the most rigorous (Podsakoff et al., 2003). This survey applied the single-common- method-factor approach (also known as the unmeasured latent method construct; Williams, Cote, & Buckley, 1989) in AMOS where the study created a common latent factor (CLF) which was loaded reflectively onto all items in the CFA (Pod- sakoff et al. 2003). Particularly, results designated that the variance among items in the measurement model could be attributed to a single common latent factor. This outcome comports with Harmon’s test and suggests that method bias did not pose a significant overall threat. Item loadings were compared with and without the CLF to determine how method effects were spread (Richardson et al., 2009; Appendix A). No techniques or remedies to control method bias were required, because both examinations indicated that method bias appeared to be constrained to only one di- mension, and method variance was below the threshold. Regarding the overall model fit, adding the CLF resulted in a slight but statistically significant improve- ment in the model fit according to the difference in chi-squared (Table 1).",The inclusi&oacute;n of a ULMC did improve the fit of the model,No,NA,Common method bias does not pose a significant threat to the study conclusions,The statistics for the model with the ULMC are not provided.,TRUE,legacy_distillersr,2022-2023
228,chriscastille6,Yes,Yes,No,TRUE,TRUE,TRUE,TRUE,"Common method variance (CMV) is not of true concern when interactions define relationships of interest (Siemsen et al., 2010) and is less concerning with objective measures like demographics. However, because we propose a relationship between perceived family- supportive supervision and affective commitment, we conducted confirmatory factor analysis to check the magnitude of CMV between these two variables (e.g. Podsakoff et al., 2003). Results showed a better fit for the two-factor model (versus a one-factor model), χ2(19)=52.82, comparative fit index=0.96, Tucker–Lewis index=0.93, standardised root mean square residual = 0.04 and root mean square error of approximation = 0.09. The χ2 difference test was significant (Δχ2(1)=202.3; p<0.01), with the two-factor model exhibiting better fit. Further, results of an unmeasured latent method factor analysis (Podsakoff et al., 2003) suggested that most of the variance between perceived family-supportive supervision and affective commitment reflects true variance (57%) rather than method effects (5%). This suggests that CMV does not substantially bias our study results.",The authors did not make a clear claim regarding the relative fit of the model as it pertains to the ULMC,Yes,5,Common method bias does not pose a significant threat to the study conclusions,NA,TRUE,legacy_distillersr,2022-2023
229,chriscastille6,Yes,Yes,No,TRUE,TRUE,TRUE,TRUE,"As recommended by Podsakoff, MacKenzie, Lee, and Podsakoff (2003, p. 896), and in addition to Harman's single factor test (Harman, 1967), we used a latent variable approach to control for the effects of a single unmeasured latent factor. One of the main advantages of this technique is that it does not require that we identify and measure the specific factor responsible for the method effects; this technique models the effect of the method factor on the measures rather than on the latent constructs they represent and does not require the effects of the method factor on each measure to be equal. More specifically, using structural equation modeling (EQS 6.4; Bentler & Wu, 2018), we added a first-order fac- tor with all items of the measures as indicators to our measurement model. When subjecting this model to confirmatory factor analy- sis, all factor loadings of the items on their designated constructs remained significant. Furthermore, close inspection of the factor loadings of the “common” method factor showed that 27 (out of 30) of these factor loadings were not significantly related to the com- mon method factor, providing no substantial evidence for common method bias. Moreover, to test formally whether common method bias interfered with our measurement model (see Podsakoff, MacKenzie, Lee, & Podsakoff, 2003), we constrained all factor load- ings of the common method factor to be equal (i.e., avoiding the problem of the common method factor not affecting item scores equally). Results showed that although the model fit was good (χ2 = 499.80, df = 383, p < .001, χ2/df = 1.30, NNFI = .95, CFI = .96, IFI = .96; RMSEA = .038), adding this common method factor did not significantly improve the measurement model (Δχ2 = 3.99, p = ns.). We conclude from these results that the relations observed between the hypothesized constructs cannot be ascribed to com- mon method bias, concluding that common method bias is not an issue in our data.",The inclusion of a ULMC did not improve the fit of the model (no change in model fit),No,NA,Common method bias does not pose a significant threat to the study conclusions,NA,TRUE,legacy_distillersr,2022-2023
230,chriscastille6,Yes,Yes,Yes,TRUE,TRUE,FALSE,FALSE,NA,NA,NA,NA,NA,NA,FALSE,legacy_distillersr,2022-2023
231,chriscastille6,Yes,Yes,Yes,TRUE,TRUE,FALSE,FALSE,NA,NA,NA,NA,NA,NA,FALSE,legacy_distillersr,2022-2023
232,chriscastille6,Yes,Yes,No,TRUE,TRUE,TRUE,TRUE,"As all the constructs were obtained from the same source (i.e., employee ratings), there was a possibility that com- mon method variance (CMV) might influence the validity of empirical findings. To address this issue, we followed Podsakoff et al.’s (2003) recommendations to conduct a test for assessing the degree of common method bias by using the unmeasured latent method factor approach. The results revealed that adding a new common method factor (CMF) (χ2 = 505.23, df = 205, RMSEA = 0.07, CFI = 0.91, TLI = 0.89) did not result in significant improvements over the basis of the measurement model (i.e., the three- factor model of social exchange, moral identity, and UPB) (χ2 = 646.23; df = 227; RMSEA = .07; TFI = .91; CFI = .92). These results suggest that the common variance bias may not be a serious issue.",The inclusion of a ULMC did not improve the fit of the model (no change in model fit),No,NA,Common method bias does not pose a significant threat to the study conclusions,The authors provided model data fit statistics that facilitate a model comparison. The chi-square test of model comparison would result in a significant difference.,TRUE,legacy_distillersr,2022-2023
233,chriscastille6,Yes,Yes,No,TRUE,TRUE,TRUE,TRUE,"We employed various techniques to diagnose and control for common method bias (CMB). First, we conducted a Harman [38] one-factor test. Our results extracted seven factors from the data which corresponded to the latent constructs in our study. The factors accounted for 68 percent of the variance with the first factor accounting for 26 percent. No single factor accounted for a majority of the covariance, suggest- ing that CMB might not pose a severe threat to the validity of our study. Second, we controlled for the effects of a single unmeasured latent method factor in our measurement model [71]. The change in comparative fit index of 0.006 between the original model and the model with the unmeasured latent method factor is less than the recommended value of 0.01 [18]. Finally, we performed a partial correlation test using a marker variable to partial out the influence of CMB. Following recom- mended guidelines [58], we used both the smallest positive correlation and the second-smallest positive correlation as proxies in computing the CMB-adjusted correlations. Our analysis showed that none of the significant correlations became nonsignificant when adjusted for CMB. Taken together, these results provide support that CMB is not a significant threat to the validity of our study.",The inclusion of a ULMC did not improve the fit of the model (no change in model fit),No,NA,Common method bias does not pose a significant threat to the study conclusions,NA,TRUE,legacy_distillersr,2022-2023
234,chriscastille6,Yes,Yes,No,TRUE,TRUE,TRUE,TRUE,"Finally, we assessed the extent to which CMV biases might be present in the relationships involving the same source data at the employee level using several different methods (i.e., the CFA version of Harman’s single factor test; the unmeasured latent method factor technique; the marker variable approach; and the sample-splitting technique). The results, which are available upon request, show that CMV is not a concern in these relationships.",The authors did not make a clear claim regarding the relative fit of the model as it pertains to the ULMC,No,NA,Common method bias does not pose a significant threat to the study conclusions,The authors offer to make their results available upon request.,TRUE,legacy_distillersr,2022-2023
235,chriscastille6,Yes,Yes,No,TRUE,TRUE,TRUE,TRUE,"The final model provided good global goodness-of-fit indices (χ2 = 164.80, df = 131, p>.01,RMSEA=.03,GFI=.94,CFI=.99, NFI = .96, NNFI = .99), which were signifi- cantly better than the fit indices for the one- factor model (χ2 = 1,854.14, df = 152, p < .01, RMSEA=.20,GFI=.58,CFI=.66,NFI=64, NNFI = .92; Δχ2 = 1,689.34, df = 21, p < .01). To estimate the threat for common method bias, a new CFA with an unmeasured latent method factor was conducted (Podsakoff, MacKenzie, Lee, & Podsakoff, 2003). This model did not show a significantly better goodness of fit (χ2 = 163.88, df = 130, p > .01, RMSEA = .03, GFI = .94, CFI = .99, NFI = 96,NNFI=.99;Δχ2 =0.92,df=21,p>.05), providing evidence that common method bias was not a threat to the model.",The inclusion of a ULMC did not improve the fit of the model (no change in model fit),No,NA,Common method bias does not pose a significant threat to the study conclusions,NA,TRUE,legacy_distillersr,2022-2023
236,chriscastille6,Yes,Yes,Yes,TRUE,TRUE,FALSE,FALSE,NA,NA,NA,NA,NA,NA,FALSE,legacy_distillersr,2022-2023
237,chriscastille6,No,NA,NA,FALSE,NA,NA,FALSE,NA,NA,NA,NA,NA,NA,FALSE,legacy_distillersr,2022-2023
238,chriscastille6,No,NA,NA,FALSE,NA,NA,FALSE,NA,NA,NA,NA,NA,NA,FALSE,legacy_distillersr,2022-2023
239,chriscastille6,No,NA,NA,FALSE,NA,NA,FALSE,NA,NA,NA,NA,NA,NA,FALSE,legacy_distillersr,2022-2023
240,chriscastille6,Yes,Yes,Yes,TRUE,TRUE,FALSE,FALSE,NA,NA,NA,NA,NA,NA,FALSE,legacy_distillersr,2022-2023
241,chriscastille6,Yes,Yes,No,TRUE,TRUE,TRUE,TRUE,"We followed the recommendations put forward by previous researchers to control for common method variance in our significant relationships of divergent thinking on business opportunity identification and of business opportunity identification on innovativeness of product/service innovations (Podsakoff, MacKenzie, Lee, & Podsakoff, 2003; Zapf, Dormann, & Frese, 1996). We used structural equation modeling and tested whether the main effects remained significant when an unmeasured latent method factor loading on the indicators of the constructs was included in the model. The model with the unmeasured latent method factor showed a good model fit (c2(16) = 22.45, RMSEA = .05, CFI = .99, SRMR = .05); the fit of this model was significantly better than the model without the unmeasured latent method factor (c2 difference(8) = 94.18, p < .01). However, and more impor- tantly, the path coefficients of the relationships between divergent think- ing and business opportunity identification (b = .36, p < .05) and between business opportunity identification and innovativeness of product/service innovations (b = .31, p < .01) remained significant in the model with the unmeasured latent method factor. These findings indicate that common method variance is unlikely to fully explain our findings.",The inclusi&oacute;n of a ULMC did improve the fit of the model,No,NA,Common method bias does not pose a significant threat to the study conclusions,"The model R is not used, though authors suggest that the significance of the paths remain unchanged.",TRUE,legacy_distillersr,2022-2023
242,chriscastille6,Yes,Yes,Yes,TRUE,TRUE,FALSE,FALSE,NA,NA,NA,NA,NA,NA,FALSE,legacy_distillersr,2022-2023
243,chriscastille6,No,NA,NA,FALSE,NA,NA,FALSE,NA,NA,NA,NA,NA,NA,FALSE,legacy_distillersr,2022-2023
244,chriscastille6,No,NA,NA,FALSE,NA,NA,FALSE,NA,NA,NA,NA,NA,NA,FALSE,legacy_distillersr,2022-2023
245,chriscastille6,No,NA,NA,FALSE,NA,NA,FALSE,NA,NA,NA,NA,NA,NA,FALSE,legacy_distillersr,2022-2023
246,chriscastille6,No,NA,NA,FALSE,NA,NA,FALSE,NA,NA,NA,NA,NA,NA,FALSE,legacy_distillersr,2022-2023
247,chriscastille6,No,NA,NA,FALSE,NA,NA,FALSE,NA,NA,NA,NA,NA,NA,FALSE,legacy_distillersr,2022-2023
248,chriscastille6,No,NA,NA,FALSE,NA,NA,FALSE,NA,NA,NA,NA,NA,NA,FALSE,legacy_distillersr,2022-2023
249,chriscastille6,No,NA,NA,FALSE,NA,NA,FALSE,NA,NA,NA,NA,NA,NA,FALSE,legacy_distillersr,2022-2023
250,chriscastille6,Yes,Yes,No,TRUE,TRUE,TRUE,TRUE,"Drawing upon the widely used Harman’s single factor test (Podsakoff, MacKenzie, Lee, & Podsakoff, 2003), we interpreted the lack of fit of the one-factor measurement model (χ2(151)=612.40, p<.01, CFI=0.61, TLI = 0.55, RMSEA = 0.15, SRMR = 0.12) as indicating that common method bias was not a serious concern. Because this test has some limitations, we also used the unmeasured latent method factor technique (Podsakoff et al., 2003, 2012). We specified a model with six latent factors measuring our Time 2 constructs and an additional latent com- mon factor whose indicators were those of our Time 2 constructs. The fit of this model was slightly better than that of the six-factor model (Δχ2[17] = 34.89, p < .01, CFI = 0.96, TLI = 0.94, RMSEA = 0.06, SRMR = 0.07). Yet, the variance extracted by the common factor was 0.21, falling below the threshold which is suggested to indicate the presence of a substantive influence (Fornell & Larcker, 1981). When considering that the common factor may reflect not only common method variance but also the effect of an unmeasured variable related to all six constructs (Podsakoff et al., 2003, 2012), common method variance present in our Time 2 data is lower than benchmark estimates of method var- iance (Lance, Dawson, Birkelbach, & Hoffman, 2010) and is unlikely to have been a serious problem in hypotheses testing.",The inclusi&oacute;n of a ULMC did improve the fit of the model,Yes,21,Common method bias does not pose a significant threat to the study conclusions,NA,TRUE,legacy_distillersr,2022-2023
251,chriscastille6,No,NA,NA,FALSE,NA,NA,FALSE,NA,NA,NA,NA,NA,NA,FALSE,legacy_distillersr,2022-2023
252,chriscastille6,Yes,Yes,No,TRUE,TRUE,TRUE,TRUE,"To exclude concerns of elevated common method variance among variables analysed, we employed the following approaches. Our study’s analyses are based on a combination of self-reported and more objective data such as the instructor experience, the number of publications, course level, PhD possession, and course group size, which reduces the concern for common method bias. A second, procedural remedy to address the potential concern for common method bias (Podsakoff et al., 2003) consisted of protecting respondent (student) confidentiality. Third and statisti- cally, we examined the potential impact of common method variance by controlling for an unmeasured latent method factor and allowing all self-reported items to load both on their theoretical constructs (per- ceived course efficiency, and so on) and on the method factor (Podsakoff et al., 2003). The results of this extended confirmatory factor analysis were the same before controlling for the method factor, suggesting that there is no concern for the presence of substantial common method variance in our data.",The authors did not make a clear claim regarding the relative fit of the model as it pertains to the ULMC,No,NA,Common method bias does not pose a significant threat to the study conclusions,NA,TRUE,legacy_distillersr,2022-2023
253,chriscastille6,Yes,Yes,No,TRUE,TRUE,TRUE,TRUE,"To assess the threat of common-method variance, we tested an additional model (Model 2) in which an unmeasured latent-method factor was added to our model, allowing all items to load on their theoretical constructs, as well as on the latent methods factor. This model obtained a good fit [v2 (2432, N = 371) = 3578.732, p = .000, v2/ df = 1.472; CFI = .920, RMSEA = .043, TLI = .911]. Both Model 1 and Model 2 had the same observed vari- ables. However, since Model 1 could not be nested within Model 2, the comparison of the goodness-of-fit of these models was calculated by CFI difference (Bagozzi and Yi 1990). We found that the change of CFI between Model 1 and Model 2 is .02, which is below the rule of thumb of .05 (Bagozzi and Yi 1990). Therefore, we concluded that including the method factor in the model did not signifi- cantly improve the overall fit of the model. In other words, these results indicate that common-method variance did not bias the conclusions drawn from our analyses. Thus, we used the measurement model to test the structural model.",The inclusion of a ULMC did not improve the fit of the model (no change in model fit),No,NA,Common method bias does not pose a significant threat to the study conclusions,"The authors claim that since the models are not nested, they cannot be compared via the chi-square, so they use the CFI, which has a liberal criterion for adjudicating CMV (change in .05, rather than the .01).",TRUE,legacy_distillersr,2022-2023
254,chriscastille6,Yes,Yes,No,TRUE,TRUE,TRUE,TRUE,"Consistent with Podsakoff et al.’s (2003) statistical recommendations, we therefore used the unmeasured latent method factor approach in order to control for the effects of common method variance. Accordingly, a common method factor was added to the hypothesized 3-factor model including envisioning, planning, and innovative work behaviour, to assess the potential increase in model fit that would be obtained from accounting for the unmeasured method factor. The model provided a better fit to the data than the same model without the method factor, as indicated by the fit indexes: v2(87) = 93.61, CFI = .98; RMSEA = .05; SRMR = .04; Dv2(15) = 33.49, p < .01. However, the method factor accounted for 25% of total variance, which is slightly below the average portion of variance (26%) reported in self-report studies (Podsakoff et al., 2003; Williams, Cote, & Buckley, 1989). This result suggests that common method bias alone is unlikely to be a serious threat in our study.",The inclusi&oacute;n of a ULMC did improve the fit of the model,Yes,25,Common method bias does not pose a significant threat to the study conclusions,NA,TRUE,legacy_distillersr,2022-2023
255,chriscastille6,No,NA,NA,FALSE,NA,NA,FALSE,NA,NA,NA,NA,NA,NA,FALSE,legacy_distillersr,2022-2023
256,chriscastille6,Yes,Yes,No,TRUE,TRUE,TRUE,TRUE,"In order to assess the potential influence of CMV on our regression results, we modeled a single unmeasured latent method factor (excluding category usage, gender, and age) as suggested as a fourth statistical remedy by Podsakoff et al. (2003). We found that the inclusion of this factor did not have a substantive influence on our results: All sig- nificance levels were maintained and no regression weight changed by more than ten percent of its value.",The authors did not make a clear claim regarding the relative fit of the model as it pertains to the ULMC,No,NA,Whether common method bias is or is not a significant threat to the study conclusions remains unclear,NA,TRUE,legacy_distillersr,2022-2023
257,chriscastille6,Yes,Yes,No,TRUE,TRUE,TRUE,TRUE,"Further, we used unmeasured latent method construct (ULMC, see Wil- liams, Cote and Buckley, 1989) to test for the influence of common method variance. First, we tested our measurement model including the five variables as five factors (job insecurity, abusive supervision, perceived social worth, emo- tional stability, and conscientiousness; Correlation 1 original ~ Correlation 10 original, C1O~C10O). The second measurement model included one unmea- sured common method factor in the hypothesized measurement model to examine whether the effect of unmeasured common method factor is present (Correlation 1 Parcel ~ Correlation 10 Parcel, C1P~C10P). The result is that the addition of one unmeasured common method factor into the hypothesized measurement model did not significantly improve model fit (CMIN =13.82, p >.05, i.e., we cannot reject that C1O~C10O-C1P~C10P). Hence, we con- cluded that common method variance was not a significant influence on our findings.",The inclusion of a ULMC did not improve the fit of the model (no change in model fit),No,NA,Common method bias does not pose a significant threat to the study conclusions,NA,TRUE,legacy_distillersr,2022-2023
258,chriscastille6,No,NA,NA,FALSE,NA,NA,FALSE,NA,NA,NA,NA,NA,NA,FALSE,legacy_distillersr,2022-2023
259,chriscastille6,Yes,Yes,Yes,TRUE,TRUE,FALSE,FALSE,NA,NA,NA,NA,NA,NA,FALSE,legacy_distillersr,2022-2023
260,chriscastille6,Yes,Yes,No,TRUE,TRUE,TRUE,TRUE,"To confirm these results, we further tested the common method bias with “control- ling for the effects of a single unmeasured latent method factor,” following the procedures suggested by Podsakoff et al. (2003: 894). In the confirmatory factor analysis, we added a first-order factor with all of the measures as indicators. The measurement model with the additional method factor is examined and compared to the null model. We found that while the method factor did improve the model fit, it accounted for only 14.74 % of the total variance, which is far less than the criteria of amount of method variance (25 %) suggested by Williams, Cote, and Buckley (1989). Then, we further confirmed that common method bias is not a pervasive problem in our study (Carlson & Kacmar, 2000; Podsakoff et al., 2003).",The inclusi&oacute;n of a ULMC did improve the fit of the model,Yes,14.74,Common method bias does not pose a significant threat to the study conclusions,NA,TRUE,legacy_distillersr,2022-2023
261,chriscastille6,Yes,Yes,No,TRUE,TRUE,TRUE,TRUE,"Since the data were collected via self-reports from salespeo- ple, there was a potential for common method variance. Com- mon method bias was assessed by controlling for the effects of a single unmeasured latent method factor (Podsakoff et al. 2003). All the multi-item latent constructs and measurement items were included in a single measurement model where the indicators loaded on their respective latent constructs. To this model, a latent method factor was added which caused all of the indicators. The measurement factor loadings of the method factor were constrained to be equal. A chi-square difference test indicated that there was no significant change in the model due to the addition of the latent method factor. In addition, Harman’s single-factor test was conducted by performing an exploratory factor analysis of all the variables. No single factor accounted for the majority of the variance. Consequently, common method variance was unlikely to bias the study findings.",The inclusion of a ULMC did not improve the fit of the model (no change in model fit),No,NA,Common method bias does not pose a significant threat to the study conclusions,NA,TRUE,legacy_distillersr,2022-2023
262,chriscastille6,Yes,Yes,No,TRUE,TRUE,TRUE,TRUE,"We further conducted tests of the potential threat of common method bias (CMB). Following the recommenda- tions of Podsakoff, MacKenzie, Lee, and Podsakoff (2003), we adopted the unmeasured latent method construct (ULMC) approach to consider the potential variance shared among substantive indicators. In the ULMC approach, we used a latent variable to represent and partial out the CMB. This variable was an aggregate of all manifest variables used in the study with no unique observed indica- tors. Thus, all the regression weights from common latent factor (CLF) to manifest variables were constrained to be equal, and the variance of CLF was constrained to be 1. The common variance was estimated as the square of the common factor loading. The result was 0.31, below the threshold of 50%, which suggests that CMB was not an issue in our data (Shinkle, Goudsmit, Jackson, Yang, & McCann, in press).",The authors did not make a clear claim regarding the relative fit of the model as it pertains to the ULMC,Yes,0.31,Common method bias does not pose a significant threat to the study conclusions,Authors cite the 50% cutoff.,TRUE,legacy_distillersr,2022-2023
263,chriscastille6,Yes,No,No,TRUE,FALSE,TRUE,FALSE,NA,NA,NA,NA,NA,NA,FALSE,legacy_distillersr,2022-2023
264,chriscastille6,Yes,NA,NA,TRUE,NA,NA,NA,"As suggested by Doty and Glick (1998, p. 374), ‘one of the primary threats to construct validity in the organizational sciences is common methods variance, which occurs when the measurement technique introduces systematic var- iance into the measure’. As such, it is important to test whether common method variance exists and determine if that variance biases the results of the research, an effect known as common method bias (Doty and Glick, 1998). Given that five of our six constructs were measured at a single point in time using a single informant, we tested for common method bias using the unmeasured latent method factor approach. With this approach a method factor is added to the model in order to test the degree to which variance is associated with the actual hypothesized traits (e.g. constructs) versus the method in which the data were collected, and ultimately to determine if common method bias exists. Following the procedure outlined by Williams et al. (1989), we compared four different models, where model 1 in- cluded only the trait factors, model 2 included only a method factor, model 3 included both trait and method factors and model 4 included correlated method factors. The method factor only model (model 2) fit significantly worse (Δw2(2) = 749.15, p < 0.000) than the trait only model (model 1), indicating that the variance in the model is not solely due to method. The trait and method model (model 3) fit significantly better (Δw2(27) = 63.20, p < 0.000) than the trait only model (model 1), indicating that both trait and method variance exists. Finally, there was no significant difference in fit (Δw2(1) = 0.22, p = 0.63) between the trait/method-r model (model 4) and the trait and method model (model 3), indicating that although there is common method variance in the model, common method bias (to our results) does not exist. Given these results, we chose to incorporate the method factor into the measurement and structural model in order to account for the method variance. Our research has three limitations. First, by using data from different sources to measure the independent (i.e. institutional pressure) and mediating (i.e. corporate environmental responsiveness) constructs in our conceptual model and by including the method factor as discussed earlier, we are confident that neither common method var- iance nor common method bias is inflating our results (Podsakoff and Organ, 1986; Podsakoff et al., 2003). How- ever, the methodological debate over the existence of common method bias and the efficacy of correction measures is still ongoing in the literature (Richardson et al., 2009). Future research could address this problem by collecting data for each construct from different or multiple sources.",The inclusi&oacute;n of a ULMC did improve the fit of the model,No,NA,Common method bias does not pose a significant threat to the study conclusions,NA,NA,legacy_distillersr,2022-2023
265,chriscastille6,Yes,Yes,No,TRUE,TRUE,TRUE,TRUE,"We used the four ex ante and ex post strategies recom- mended by Podsakoff et al. (2003) to alleviate and detect the potential threat of common method variance. First, we placed the dependent variable, mediator, and independent variables onto different pages of the questionnaire to deliberately construct a psychological isolation between them, which was reinforced by a reversal of some item anchors and a clear assurance of anonymity and confi- dentiality. Second, sophisticated model specifications that included mediation effects were designed to prevent informants from deducing the research objectives of this study. The creation of such cognitive difficulties constrains the possible intervention of common-method bias. Third, we employed the post hoc Harman’s one-factor test to assess the common method variance (Podsakoff and Organ 1986). Testing the principal component factor of all the variables in our model revealed six factors; the largest factor explaining only 23.71% of the total variance. Fourth, a confirmatory factor analysis was used by introducing an unmeasured latent method factor into the measurement model (Podsakoff et al. 2003). The addition of this com- mon method factor did not substantially improve the model fit, which only gave a variance of 0.14, significantly below the 0.50 threshold (Zhang et al. 2015). Collectively, it appears that the common method bias does not threaten to invalidate the findings of this study.",The authors did not make a clear claim regarding the relative fit of the model as it pertains to the ULMC,Yes,0.14,Common method bias does not pose a significant threat to the study conclusions,NA,TRUE,legacy_distillersr,2022-2023
266,chriscastille6,Yes,Yes,No,TRUE,TRUE,TRUE,TRUE,"Because the data was all self-reported in a cross-sectional study, there is a potential concern of common method bias (Podsakoff et al., 2003). To reduce this risk, respondents were informed before comple- tion of the questionnaires that their anonymity and confidentiality were ensured (Podsakoff et al., 2003). In addition, common latent fac- tor was adopted to access the severity of common method bias. The common factor value for each path is 0.52 and squared to be 27.04%, which is below the threshold value of 50% (Eichhorn, 2014). Further- more, Siemsen, Roth, and Oliveira (2010) indicated that interaction effects cannot be artificially caused by common method variance. They emphasized that “empirical researchers should not be criticized for CMV if the main purpose of their study is to establish interaction effects” (p. 470). In contrast, they suggested that “finding significant interaction effects despite the influence of CMV in the data set should be taken as strong evidence that an interaction effect exists” (p. 470). Thus, the common method bias is unlikely to be a serious concern in this study.",The authors did not make a clear claim regarding the relative fit of the model as it pertains to the ULMC,Yes,27.04,Common method bias does not pose a significant threat to the study conclusions,The authors were primarily interested in interaction effects.,TRUE,legacy_distillersr,2022-2023
267,chriscastille6,Yes,Yes,No,TRUE,TRUE,TRUE,TRUE,"We ran a confirmatory factor analysis (CFA) using LISREL 8.80 on the measures of all the variables in the model to assess convergent and discriminant validity. The model showed an excellent fit: v2(51) = 61.43; RMSEA = 0.03; SRMR = 0.03; NNFI = 0.99; CFI = 1.00 (See Table 1). We also assessed common method variance (CMV) by controlling for the effects of an unmeasured latent method factor (see Podsakoff et al. 2003). We added to the CFA model a new first-order factor explaining all our measures (v2(38) = 34.63; RMSEA = 0.01; SRMR = 0.02; NNFI = 1.00; CFI = 1.00). The analysis showed that CMV is not a major problem in our model (see Table 1). None of the loadings of our measures on the common method factor (CMF) were significant (all t values between -0.15 and 1.90). On the contrary, all loadings of the measures on the 6 theoretical latent variables remained positive and significant (p values \0.001). Given these results, it is appropriate to move to tests of our main hypotheses.",The authors did not make a clear claim regarding the relative fit of the model as it pertains to the ULMC,No,NA,Common method bias does not pose a significant threat to the study conclusions,"The fit improved when the ULMC was included, but the authors did not report this.  Still, the measurement parameter estimates largely remain unchanged.  They do not report the same level of detail with regard to the structural path estimates.",TRUE,legacy_distillersr,2022-2023
268,chriscastille6,Yes,Yes,No,TRUE,TRUE,TRUE,TRUE,"This study benefitted from an extremely large and diverse multi- national sample of 20 countries. We were able to control for career path, organizational support, and work demands by using employees from a network of firms doing the same work with parallel manage- ment practices. As with all studies, however, there are limitations in our methodology. We used single‐source, self‐report data for WFC, supervisor support, the frequency of contact outside of work, and work hours. This self‐report data can be considered a potential lim- itation because some individuals may be influenced by social desir- ability in responding to the work hours question in the survey. To reduce such possibility, the participants were surveyed by a third‐ party academic research center and were clearly informed that their individual responses would not be shared with anyone. We also con- ducted additional analysis to examine the extent of common method bias for supervisor support and WFC. We used the single unmea- sured latent method factor technique (Podsakoff, MacKenzie, Lee, & Podsakoff, 2003). The results indicated that the average percent of variance accounted for by proposed traits (64%) was higher than the average percent of variance accounted for by method (27%), suggesting low levels of bias.",The authors did not make a clear claim regarding the relative fit of the model as it pertains to the ULMC,Yes,27,The authors do not provide a conclusion regarding the role of common method bias,NA,TRUE,legacy_distillersr,2022-2023
269,chriscastille6,Yes,Yes,No,TRUE,TRUE,TRUE,TRUE,"Common method bias can imply problems for survey research that relies on self-reported data, specifically when the dependent and the independent variables are reported by the same person at the same time. To control for common method bias, we obtained measures for the dependent variable in this study (firm performance) from a different data source. In addition, our dependent variable measures are based on objective archival data, which excludes the presence of variance related to the respondent’s social desirability, lenience, or acquiescence biases. In addition, we fol- lowed Podsakoff, MacKenzie, Lee, and Podsa- koff’s (2003) recommendations for the survey design: (1) in our cover letter, we guaranteed respondent anonymity and asked for sincer- ity to reduce evaluation apprehension; and (2) we used previously well-known, tested, and validated scales to reduce the chances that a deficient wording of the questions would lead the respondents to provide so- cially desirable answers. However, the potential for common method variance may exist in our model because a common data source was used to measure the HIWPs and PESs. To control for common method bias in this relation- ship, we tried to control for the effect of a single unmeasured latent method factor, as recommended by Podsakoff et al. (2003). Toward this end, we specified a model that included the constructs from our concep- tual model and one additional method fac- tor. However, we encountered problems with identification of the model, and we were unable to make it converge. This is a relatively common pitfall of this procedure (Podsakoff et al., 2003). Therefore, we used Harman’s single-factor test to estimate the extent of the common method bias based on these two scales. If common method variance existed, a single factor would emerge from a factor analysis of all of the measure- ment items, or there would be a factor that accounted for most of the variance. The factor analysis revealed four factors with eigenvalues greater than 1.0 that accounted for 71.54 percent of the variance. The first factor accounted for 28.93 percent of the variance. In short, taking into account the use of archival data for the dependent variable and the results of Harman’s single-factor test, we felt confident that common method bias was not a serious problem in this study.",The authors did not make a clear claim regarding the relative fit of the model as it pertains to the ULMC,No,NA,Common method bias does not pose a significant threat to the study conclusions,"Authors used Harman's 1-factor because ULMC didn't converge, nor was the model identified.",TRUE,legacy_distillersr,2022-2023
270,chriscastille6,Yes,Yes,No,TRUE,TRUE,TRUE,TRUE,"This analysis opts for structural equation modelling (SEM) for hypothesis testing instead of ordinary linear regression, for two principal reasons. First, since most research constructs are factors, modelling them as latent variables in SEM allows accounting for measurement error. Second, SEM enables the analysis to include a single unmeasured latent method factor (Podsakoff, MacKenzie, Lee and Podsakoff 2003) for a rigorous control of common method variance, which is a potential problem with these data because the explanatory variables and the response variable were measured with the same research instrument at the same time using the same informant. This procedure controls for systematic variance among the items associated with the latent variables in the model by adding a first-order factor with all of the said items as indicators. The analysis employs the MPlus Version 6 software package (Muthe ́n and Muthe ́n 1998–2010) to test the hypotheses in a procedure consisting of multiple stages. The first stage ensures the dimensionality, reliability and validity of the measurement models for the latent variables (Anderson and Gerbing 1988). The second stage tests H1 and H3 by estimating successive linear structural models. The third stage examines H2a–j, H4 and H5 by estimating a structural linear model separately for the self-employed and salaried employee subsamples, and by using group comparisons to investigate potential differences in the path coefficients between the groups…. The final step of the model assessment addresses the effect of common method variance, which may inflate the relationships especially between the attitudinal items constituting work characteristics and job satisfaction. In order to deal with the model identification problem common with the single unmeasured latent method factor (Podsakoff et al. 2003), the analysis sets one parameter in each set of items constituting a factor, loading on the method factor, to be equal. The parameter estimates in the relationships between the explanatory variables and job satisfaction change very little with the addition of the method factor, suggesting that common method variance is not a serious issue in these data.",The inclusi&oacute;n of a ULMC did improve the fit of the model,No,NA,Common method bias does not pose a significant threat to the study conclusions,"An exemplar for reporting different models and parameter estimates transparently.  You can see both the changes in the model fit statistics, model comparisons, and key parameter estimates.",TRUE,legacy_distillersr,2022-2023
271,chriscastille6,No,NA,NA,FALSE,NA,NA,FALSE,NA,NA,NA,NA,NA,NA,FALSE,legacy_distillersr,2022-2023
272,chriscastille6,No,NA,NA,FALSE,NA,NA,FALSE,NA,NA,NA,NA,NA,NA,FALSE,legacy_distillersr,2022-2023
273,chriscastille6,Yes,Yes,No,TRUE,TRUE,TRUE,TRUE,"Finally, because we used self-reported data obtained from the same source, common method bias concerns needed to be addressed and systematic measurement error evaluated. Following the lead of Jarvis et al. (2003), we used different techniques for controlling common method bias, including ex-ante procedural remedies for the sur- vey design and ex-post statistical controls. First, the survey was designed to prevent common method bias problems",The authors did not make a clear claim regarding the relative fit of the model as it pertains to the ULMC,Yes,10.16,Common method bias does not pose a significant threat to the study conclusions,NA,TRUE,legacy_distillersr,2022-2023
274,chriscastille6,Yes,Yes,No,TRUE,TRUE,TRUE,TRUE,"To ensure that the constructs of our research model could be meaningfully distin- guished, we conducted CFA to compare a series of measurement models. Specifically, our 4-factor research model where items were loaded on the theoretically assumed correlated latent factors (i.e., gender role orientation, work demands, family demands, and FWC) was set against alternative solutions (two-factor model, combining work and family demands: χ2/df = 4.26, CFI = 0.78, GFI = 0.77, RMSEA = 0.08, SRMR = 0.17; three-factor model, combining work demands, family demands, and FWC: χ2/df = 7.59, CFI = 0.51, GFI = 0.44, RMSEA = 0.11, SRMR = 0.17). The four-factor solution consistently fitted the data better (χ2/df = 2.29, CFI = 0.91, GFI = 0.87, RMSEA = 0.08, SRMR = 0.15), supporting the structure of our research model. As we used only the self-report measures, which may increase the threat of common method variance (CMV) bias [46], we examined an alternative model that matched our hypothesized research model, except for the inclusion of an unmeasured, latent method factor [46]. The model fit was very poor (χ2/df = 8.69, CFI = 0.56, GFI = 0.48, RMSEA = 0.18, SRMR = 0.18), indicating that it was unlikely that any substantial proportion of variability in responses could be attributed to the method factor.",The inclusion of a ULMC harmed the fit of the model (the fit of the proposed model was superior),No,NA,Common method bias does not pose a significant threat to the study conclusions,The fit of the model somehow worsened.,TRUE,legacy_distillersr,2022-2023
275,chriscastille6,No,NA,NA,FALSE,NA,NA,FALSE,NA,NA,NA,NA,NA,NA,FALSE,legacy_distillersr,2022-2023
276,chriscastille6,Yes,Yes,No,TRUE,TRUE,TRUE,TRUE,"In the regression analysis, the study used unmeasured latent method factor technique recommended by Podsakoff, MacKenzie and Podsakoff (2012). This technique involves adding a first-order method factor that only measures are the indicators of the theoretical constructs of interest that share a common method. The results from this analysis showed that the common method variance only accounted for a small portion (14.4%) of the total variance, that is just above half the amount of method variance (25%) observed by Williams, Cote and Buckley (1989). The result suggests that common method variance is not a pervasive problem in this study.",The authors did not make a clear claim regarding the relative fit of the model as it pertains to the ULMC,Yes,14.4,Common method bias does not pose a significant threat to the study conclusions,NA,TRUE,legacy_distillersr,2022-2023
277,chriscastille6,Yes,NA,Yes,TRUE,NA,FALSE,FALSE,NA,NA,NA,NA,NA,NA,FALSE,legacy_distillersr,2022-2023
278,chriscastille6,Yes,Yes,Yes,TRUE,TRUE,FALSE,FALSE,NA,NA,NA,NA,NA,NA,FALSE,legacy_distillersr,2022-2023
279,chriscastille6,Yes,Yes,No,TRUE,TRUE,TRUE,TRUE,"Additionally, because all data were collected through self-report measures at one point in time, our results could have been inflated by common method bias. To address this issue, we used the unmeasured latent method factor approach, as recommended by Podsakoff et al. (2003). The advantages of this statistical approach, which has already been applied in prior studies (e.g. Liao 2007), are that it does not require specifying the source of method bias, and it controls for any systematic variance among the items that is independent of the covariance because of the constructs of interest (Podsakoff et al. 2003, 2012). Specifically, this method involves adding a first-order factor to the hypoth- esized measurement model with all of the measures as indicators. Accordingly, we tested our five-factor mode with an additional method factor. This model resulted in a better fit than the original five-factor model, as indicated by the fit indices: v2 (231) = 234.17, D v2 (32) = 88.32, p \ .01, CFI = .98; RMSEA = .04; SRMR = .04. How- ever, the method factor added to the hypothesized mea- surement model accounted for 27 % of the total model variance, which is only marginally above the average percentage (26 %) reported in self-report studies (Williams et al. 1989; Podsakoff et al. 2003). This suggests that common method bias is unlikely to be a problem in our study.",The inclusi&oacute;n of a ULMC did improve the fit of the model,Yes,27,Common method bias does not pose a significant threat to the study conclusions,NA,TRUE,legacy_distillersr,2022-2023
280,chriscastille6,Yes,Yes,No,TRUE,TRUE,TRUE,TRUE,"All measures relied upon self-report. To examine whether the common method bias would account for all the relationships among the variables, “an unmeasured latent method factor test” was used to assess potential over-inflation due to common method variance [51]. We allowed all of the items to load on this method factor along with their hypothesized latent factor. The fit of this model (4 substantive fac- tors + 1 method factor) did provide a better fit to the data (χ2 = 65.66, df = 15, p < 0.001). How- ever, the percentage of explained variance of safety citizenship behavior only improved 2%, and the aver- age amount of method variance in similar research was 25% [52], the benefit of the current method factor is comparatively small.",The inclusi&oacute;n of a ULMC did improve the fit of the model,Yes,2,Common method bias does not pose a significant threat to the study conclusions,NA,TRUE,legacy_distillersr,2022-2023
281,chriscastille6,No,NA,NA,FALSE,NA,NA,FALSE,NA,NA,NA,NA,NA,NA,FALSE,legacy_distillersr,2022-2023
282,chriscastille6,Yes,Yes,No,TRUE,TRUE,TRUE,TRUE,"It should be kept in mind that there are limitations in this study. First, we used self-reports to collect data, which may increase the possibility of contamination of the reported relationships through common method variance (CMV). However, such influences are more likely in cross-sectional rather than longitudinal studies because only a few participants might be able to recall their Time 1 scores during the second wave of the study. Thus our two-wave design, separating assessments of presenteeism and health outcomes, lowers the likelihood of finding correlations due to consistency in responses. In addition, using data at Time 1, we tested an alternative model that matches our hypothesized research model except for the inclusion of an unmeasured, latent method factor, following the suggestion by Podsakoff, MacKenzie, Lee, and Podsakoff (2003). The model fit was very poor (χ2 = 836.91, df = 515, GFI = .65, RMSEA = .06), indicating that it was unlikely that any substantial proportion of variability in responses could be attributable to the method. Nonetheless, there is still room for improvement in the study design. Future research, for instance, should collect objective data such as days of sick leave as indicators of health.",The inclusion of a ULMC harmed the fit of the model (the fit of the proposed model was superior),No,NA,Common method bias does not pose a significant threat to the study conclusions,NA,TRUE,legacy_distillersr,2022-2023
283,chriscastille6,Yes,Yes,No,TRUE,TRUE,TRUE,TRUE,"As all data were collected from a single source and self-reported, spurious relationships among research variables may have occurred owing to common method variance (CMV; Podsakoff, MacKenzie, Lee, & Podsakoff, 2003). We conducted a set of analyses to determine the extent of method variance in the data. Following procedures used in previous studies (e.g., Carlson & Kacmar, 2000; Facteau, Dobbins, Russell, Ladd, & Kudisch, 1995; Williams, Cote, & Buckley, 1989), we used confirmatory factor analysis to test four alternative models: Model 1, a null model (i.e., no factors underlie the data); Model 2, a single-method factor model (i.e., items are loaded on a single-method factor); Model 3, a multifactor measurement model (i.e., items are loaded on their theoretical constructs); and Model 4, a measurement model with an additional unmeasured latent-method factor (i.e., items are loaded on their theoretical constructs as well as on a latent method factor). If a common method factor exists, Model 2 should fit the data better than should Model 1, and Model 4 should fit the data better than should Model 3. The results showed that, according to the calculations of comparative fit index (CFI), normed fit index (NFI), and root mean square error of approximation (RMSEA), Model 2 (2 = 1203.94, df = 170, p < .001; CFI = .72; NFI = .69; RMSEA = .17) had a significantly better fit than did Model 1 (2 = 2182.19, df = 190, p < .001), Δ2 = 978.25, Δdf = 20, p < .001, but it fit the data very poorly; Model 4 (2 = 278.19, df = 144, p < .001; CFI = .96; NFI = .93; RMSEA = .06) fit the data significantly better than did Model 3 (2 = 383.00, df = 164, p < .001; CFI = .94; NFI = .90; RMSEA = .08), Δ2 = 104.81, Δdf = 20, p < .001, but it provided a relatively small improvement in model fit. We then partitioned the variance accounted for by Model 4 into three components: trait (i.e., the theoretical constructs), method, and random error. The results showed that the trait factor accounted for 68% of the variance, and the method factor accounted for only 21% of the variance, which is less than the amount of method variance (25%) observed by Williams et al. (1989). Taken together, the results of the above analyses suggest that CMV was not a serious problem in this study. In addition, it has been found that CMV cannot create an artificial interaction effect but makes it more difficult to detect through statistical means (Siemsen, Roth, & Oliveira, 2010). Therefore, the relationships observed in this study represented substantive rather than spurious effects.",The inclusi&oacute;n of a ULMC did improve the fit of the model,Yes,21,Common method bias does not pose a significant threat to the study conclusions,NA,TRUE,legacy_distillersr,2022-2023
284,chriscastille6,No,NA,NA,FALSE,NA,NA,FALSE,NA,NA,NA,NA,NA,NA,FALSE,legacy_distillersr,2022-2023
285,chriscastille6,Yes,Yes,Yes,TRUE,TRUE,FALSE,FALSE,NA,NA,NA,NA,NA,NA,FALSE,legacy_distillersr,2022-2023
286,chriscastille6,Yes,Yes,No,TRUE,TRUE,TRUE,TRUE,"Interconstruct correlation on the performance measures give rise to common method bias concerns, particularly the performance measures correlating at 0.83 (Table 5). Ac- cordingly, the unmeasured latent method factor approach (Bagozzi 2011; Williams, Buckley, and Cote 1989) was used to check for common method bias. First, the trait-only CFA was run with hypothesized trait factors (χ2 (237) = ,1134.7; RMSEA = 0.047 (< 0.05); CFI = 0.949 (> 0.9); and normed χ2 Cmin/df = 4.78 (< 5.0)). Second, the method-only model was run with all measures loading on a single factor (χ2 = 8,594.2; RMSEA = 0.1407 (> 0.05); CFI = 0.526 (< 0.9); and normed χ2 Cmin/df = 34 (> 5.0)). The method- only model shows a very poor fit. Finally, the trait-method model was run, including the focal traits and the single method factor (χ2 = 738.9; RMSEA = 0.038 (< 0.05); CFI = 0.97). (> 0.9); and normed χ2 Cmin/df = 3.46 (< 5.0)). The chi- square difference test between the trait-method model and the method-only model revealed significance of trait variance (Δχ2 = 7,855.3 > χ2 = 54.6). Similarly, the chi- (39) (39) critical square difference test between the trait-method model and the trait-only model revealed significance of method variance (Δχ2 = 395.8 > χ2 = 24.5). Although both the differences are significant, the method- only model shows poor fit overall. Further, the interconstruct correlations between the two performance measures did not change significantly between the traits-only (0.83) and trait-method (0.81) models. Thus, the results suggest a slight influence of the common method bias; however it is not suf- ficient to confound the substantive relationship between the two performance facets.",The inclusi&oacute;n of a ULMC did improve the fit of the model,No,NA,Common method bias does not pose a significant threat to the study conclusions,The authors use the ULMC to speak to a lack of discriminant validity in their performance measures rather than as a global test of method bias (one that involves testing whether the model as a whole is contaminated by CMV). This is problematic because many effects are small.,TRUE,legacy_distillersr,2022-2023
287,chriscastille6,Yes,Yes,No,TRUE,TRUE,TRUE,TRUE,"We performed several statistical tests to control for any systematic correlation between the main variables due to the measurement method. First, we applied the Kol- mogorov–Smirnov test (Siegel and Castellan 1988) to assess the impact of non-response bias by comparing the observable characteristics of bribe-paying firms against other firms. We did not find evidence for significant dif- ferences between firms, who reported that they engage in bribery and firms who did not. Second, we performed a confirmatory factor analysis to control for the effect of a single unmeasured latent method factor. We compared the fit of a model that included the latent method factor with a model that did not (Podsakoff et al. 2003). We did not find evidence indicating that common method bias and common method variance exist in our sample.",The authors did not make a clear claim regarding the relative fit of the model as it pertains to the ULMC,No,NA,Common method bias does not pose a significant threat to the study conclusions,The authors use an assertion without evidence strategy.,TRUE,legacy_distillersr,2022-2023
288,chriscastille6,No,NA,NA,FALSE,NA,NA,FALSE,NA,NA,NA,NA,NA,NA,FALSE,legacy_distillersr,2022-2023
289,chriscastille6,Yes,No,NA,TRUE,FALSE,NA,FALSE,NA,NA,NA,NA,NA,NA,FALSE,legacy_distillersr,2022-2023
290,chriscastille6,Yes,Yes,No,TRUE,TRUE,TRUE,TRUE,"We examined the discriminant validity of the substantive variables of our study using confirmatory factor analysis in Mplus 7.4 (Muthén & Muthén, 1998–2012). As Table 1 shows, the hypothesized 9‐factor model displayed a good fit to the data (χ2[341] = 516.83, confirmatory fit index = 0.94, root mean square error of approximation = 0.06, standardized root mean residual = 0.05) and outperformed any alternative, more parsimonious model (p < 0.01). Thus, our variables were distinguishable. Table 2 provides the descriptive statistics, correlations, and reliability estimates for the study variables. However, two sets of variables were measured at the same time by the same source, calling into question whether common method variance within time points could occur. We used the unmeasured latent method factor technique (Podsakoff et al., 2012) to examine this issue with confirmatory factor analysis, which revealed that common method bias does not appear to be a serious concern in the present study (results available from the authors).",The authors did not make a clear claim regarding the relative fit of the model as it pertains to the ULMC,No,NA,Common method bias does not pose a significant threat to the study conclusions,The authors provided no model fit statistics. They essentially claimed that there was no evidence of method variance and offered to make the results available if requested.,TRUE,legacy_distillersr,2022-2023
291,chriscastille6,Yes,Yes,No,TRUE,TRUE,TRUE,TRUE,"To determine the extent of the influence of CMV in our current data, this study conducted a post hoc examination with the statistical test that controlled for the effects of a single unmeasured latent method factor (Podsakoff et al., 2003).1 Results of that analysis showed that the method factor accounted for only 14% of the total variance. This level of method variance is much less than 25%, which is the median value of method variance observed by Williams, Cote, and Buckley (1989). This study thus believes that CMV did not largely influence the results.",The authors did not make a clear claim regarding the relative fit of the model as it pertains to the ULMC,Yes,14,Common method bias does not pose a significant threat to the study conclusions,NA,TRUE,legacy_distillersr,2022-2023
292,chriscastille6,Yes,Yes,No,TRUE,TRUE,TRUE,TRUE,"ext, since all measures were obtained from the same source, we employed techniques to account for potential effects of common method variance (Podsakoff et al. 2003). Following prior research, we controlled for the effects of a single unmeasured latent method factor by including it directly in the SEM model (MacKenzie et al. 1999; Moorman et al. 1998). All item loadings were con- strained to be equal in their loadings on the method factor (Conger et al. 2000; Elangovan and Xie 1999; MacKenzie et al. 1999). Finally, to explicitly examine the mediating effects of PA and NA, we conducted indirect effects ana- lysis (Preacher and Hayes 2008; Preacher et al. 2007).… Finally, we included a first-order common method factor (CMF) while estimating the model again to control for common method variance. Table 3 displays the standard- ized parameter estimates before and after controlling for this common method factor. All relationships were significant and of similar if not the same magnitude, which indicated that the data were not influenced by common method variance. Average loading of all standardized estimates with CMF was -.76. Taken together, the results provide further evidence for our hypothesized model of listening effect.",The authors did not make a clear claim regarding the relative fit of the model as it pertains to the ULMC,No,NA,The authors do not provide a conclusion regarding the role of common method bias,"The authors do not report model fit statistics for the ULMC. However, they do suggest that bias was substantial. The average loading onto the ULMC was negative .76.",TRUE,legacy_distillersr,2022-2023
293,chriscastille6,Yes,Yes,No,TRUE,TRUE,TRUE,TRUE,"As the data are based on a cross-sectional survey, common method bias (CMB) (e.g., Podsakoff, MacKenzie, Lee, & Podsakoff, 2003) is a potential issue regarding the validity of the results. With a Harman one-factor test as a first diagnostic tool, one unrotated factor from all observed variables accounted for 28% of the variance with principal components analysis and 26% with principal axis or maximum likelihood extraction, a value well below the 50% threshold (Podsakoff et al., 2003, p. 890). A second CMB analysis based on the SEM approach consisted in including an unmeasured latent method factor, i.e., all observed indicators do not only load on their respective theoretical constructs, but also on a latent common methods variance factor, and the significance of the structural parameters is exam- ined both with and without this method factor (Podsakoff et al., 2003, p. 891). A model with such a method factor added showed slightly better fit than the model without the method factor (Dv2(8) 1⁄4 76.8, p < .01, DCFI1⁄40.007), but except for the path from time pressure to TI which dropped to zero, all other coefficients remained within a margin of .04 compared to the original coefficients, and statistical significance corre- sponds to the original results, too. Overall, these analyses suggest that some CMB might be present, but not to an extent that would threaten the valid- ity of the findings.",The inclusi&oacute;n of a ULMC did improve the fit of the model,No,NA,Common method bias does not pose a significant threat to the study conclusions,One effect went to zero after controlling for CMV.,TRUE,legacy_distillersr,2022-2023
294,chriscastille6,Yes,Yes,No,TRUE,TRUE,TRUE,TRUE,"As all measures were rated by the focal employee, we tested for common method bias by computing a confirmatory factor analysis for the four latent variables with and without a same-source first-order factor added test. This unmeasured latent method factor was set to have indicators of all self-report items,1 therefore controlling for the portion of variance attributable to obtaining all measures from a single source (see Podsakoff, MacKenzie, & Podsakoff, 2012). As all factor loadings and intercorrelations were almost identical in both models (factor loadings: 0.43–0.87; intercorrelations: 20.71–0.57), common method variance was not believed to be a source of bias in this study’s data.",The authors did not make a clear claim regarding the relative fit of the model as it pertains to the ULMC,No,NA,Common method bias does not pose a significant threat to the study conclusions,NA,TRUE,legacy_distillersr,2022-2023
295,chriscastille6,Yes,No,No,TRUE,FALSE,TRUE,FALSE,NA,NA,NA,NA,NA,NA,FALSE,legacy_distillersr,2022-2023
296,chriscastille6,Yes,Yes,No,TRUE,TRUE,TRUE,TRUE,"Because we obtained all measures from the same source, we employed both procedural (as explained previously) and statistical remedies to minimize the potential effects of CMB (Podsakoff et al. 2003). Although it has been argued that CMB is more likely to emerge in simple models versus more complex theory-driven models that include interac- tion effects (Chang et al. 2010), as is the case in the current study, we applied some statistical remedies to test for CMB. We performed and passed (v2 = 3004.97, df = 252; v2/df = 11.92; RMSEA = .211; NNFI = .507; SRMR = .183; CFI = .507) a Harman single-factor test (Podsakoff and Organ 1986). Because the Harman test is generally regarded as a lower bound on the likelihood of CMB and to control for the systematic measurement error of the rela- tionships between the latent constructs, we also included a single unmeasured latent method factor directly in the baseline structural equation model (Model 3a in Podsakoff et al. 2003). By comparing the baseline models with and without the unmeasured latent factor, we are able to control for the portion of variance in the indicators that is attributable to obtaining the measures from the same source. In the baseline model with the unmeasured latent factor, we allowed the manifest indicators to load on their respective theoretical constructs, as well as on the unmeasured latent factor. In accordance with the literature (e.g., MacKenzie et al. 1999), we needed to constrain some of the method factor loadings to be equal when estimating this model. The results show that the overall pattern of significant relationships remains consistent in both models. Therefore, our tests suggest that neither our results nor the interpretation of our findings are substantively affected by CMB.",The authors did not make a clear claim regarding the relative fit of the model as it pertains to the ULMC,No,NA,Common method bias does not pose a significant threat to the study conclusions,"They provided fit statistics for Harmans test, but not for the ULMC.",TRUE,legacy_distillersr,2022-2023
297,chriscastille6,Yes,Yes,No,TRUE,TRUE,TRUE,TRUE,"Because the study was cross-sectional and used self-report measures, we controlled for common method bias to ensure that systematic error variance did not account for the observed relationships between the constructs. Given the potentially sensitive nature of environmental topics, we re- estimated the measurement model with social desirability as a latent method factor to partition the variance between trait, method, and uniqueness (see Podsakoff et al. 2003, 2012). Of the method factor loadings, only one was found to be statistically significant, thereby minimizing concerns about social desirability. However, because other possible causes of method variance may contaminate the data (e.g., consistency motifs, acquiescence, implicit theories), we also re-estimated the model using the single unmeasured latent method factor technique, which indiscriminately controls ‘‘for all systematic sources of bias’’ (Podsakoff et al. 2012, p. 553). For identification purposes, the method factor loadings were constrained to be equal. Although these were found to be statistically significant, the results indicated neither improvement in fit indices (S–B v2 = 679.91 with 244 df, CFI = 0.95, RMSEA = 0.06, RMSEA confidence interval = 0.05, 0.06) nor substantive differences in parameter estimates (the method factor represented only a small portion, less than 10 %, of the total variance), suggesting that common method bias was not a serious threat to the validity of our findings.",The inclusion of a ULMC did not improve the fit of the model (no change in model fit),Yes,9.9,Common method bias does not pose a significant threat to the study conclusions,Technically the authors stated that less than 10% was method.,TRUE,legacy_distillersr,2022-2023
298,chriscastille6,Yes,Yes,No,TRUE,TRUE,TRUE,TRUE,"Data were analyzed using SPSS version 18.0 and LISREL version 8.8 software. Confirmatory factor analysis (CFA) was used to analyze the structures of the factors. The severity of bias caused by common methods variance (CMV) was evaluated using Harman’s one-factor test, as proposed by Podsakoff and Organ (1986), and by assessing the change in model fit after controlling for the effects of a single unmeasured latent method factor (Podsakoff, MacKenzie, Lee, & Podsakoff, 2003)…. There was good fit between the data and the theoretical model (Figure 1, 2 = 408.37, df = 147, confirmatory fit index [CFI] = .97, incremental fit index [IFI] = .97, normed fit index [NFI] = .96, root mean square error of approximation [RMSEA] = .078). Figure 1 presents the structural equation modeling results for the theoretical model, which explained 57% of the variance in organizational commitment. In order to control the influences of CMV, we controlled the effects of a single unmeasured latent method factor and introduced an assumed common method factor into the theoretical model. The results of this modified model indicated that there was no change in any of the positively correlative path coefficients or significance levels, further illustrating that CMV does not confound the results of this research.  Results of the Sobel test (Preacher & Hayes, 2004) indicated a significant mediating function of organizational justice (t ≥ 6.04; p < .001) and job characteristics (t ≥ 3.57; p < .001), supporting our research hypotheses. The assumed four-factor model had a good fit (2 = 392.19, df = 146, CFI = .97, IFI = .97, NFI = .96, RMSEA = .08), indicating good discriminant validity among the factors. The CFA fit indices of Harman’s single-factor test (Podsakoff & Organ, 1986) were poor (2 = 2046.53, df = 152, CFI = .87, IFI = .87, NFI = .85, NNFI = .85, RMSEA = .21), indicating little CMV among the four variables. When a common method variation factor was added into the four-factor model, there was little change in the fit indices (2 = 274.54, df = 127, CFI = .98, IFI = .98, NFI = .97, RMSEA = .06). Although 2 decreased significantly (Δ2 = 117.65, Δdf = 19, p < 0.001), the improvement in RMSEA, CFI, IFI, NFI, and NNFI was small (.01–.02), indicating little improvement in the model’s fit indices after the addition of one CMV factor. Together, these results indicate that there was no significant CMV.",The inclusi&oacute;n of a ULMC did improve the fit of the model,No,NA,Common method bias does not pose a significant threat to the study conclusions,NA,TRUE,legacy_distillersr,2022-2023
299,chriscastille6,Yes,Yes,No,TRUE,TRUE,TRUE,TRUE,"Once the field work was completed and the data pro- cessed, the authors performed additional statistical tests to discard the existence of common method bias. Based on Podsakoff et al.’s (2003) recommendations for controlling for common method variance in different research setting, we identified the method based on controlling for the effects of a single unmeasured latent method factor as the most adequate control test for the purpose of our research. Using this procedural remedy, researchers can minimize, if not totally eliminate, the potential effects of common method variance on the findings of their research. The ‘main advantage of this technique is that it does not require the researcher to identify and measure the specific factor responsible for the method effects. In addition, this tech- nique models the effect of the method factor on the mea- sures rather than on the latent constructs they represent and does not require the effects of the method factor on each measure to be equal’ (Podsakoff et al. 2003). Based on its advantages, we include this control variable in our analy- ses. Thus, the results shown in this article represent the real composition of customer CSR perceptions once method biases influencing CSR image have been reduced to a minimum.",The authors did not make a clear claim regarding the relative fit of the model as it pertains to the ULMC,No,NA,The authors do not provide a conclusion regarding the role of common method bias,NA,TRUE,legacy_distillersr,2022-2023
300,chriscastille6,No,NA,NA,FALSE,NA,NA,FALSE,NA,NA,NA,NA,NA,NA,FALSE,legacy_distillersr,2022-2023
301,chriscastille6,No,NA,NA,FALSE,NA,NA,FALSE,NA,NA,NA,NA,NA,NA,FALSE,legacy_distillersr,2022-2023
302,chriscastille6,Yes,Yes,No,TRUE,TRUE,TRUE,TRUE,"To address common method biases, we applied several procedures, as recommended by Podsakoff, MacKenzie, Lee, and Podsakoff (2003). First, although our questions should not raise social desirability concerns, we assured our participants that the questionnaire contained no right or wrong answers and that all data would be used anony- mously. In addition, participants were asked to provide their answers as spontaneously as possible. As for statistical remedies, we explored whether a substantial amount of variance in our variables could be explained by a common method factor. Therefore, we followed Podsakoff et al. (2003) and added an unmeasured latent method factor to our structural model to control for pos- sible method bias. All indicator variables were allowed to load on this factor, which we specified to be uncorrelated with the constructs of our model. All path coefficients that were significant in our resulting model were also significant when we included the common method factor. Thus, we found no evidence that our study suffered from common method bias (Podsakoff et al., 2003).",The authors did not make a clear claim regarding the relative fit of the model as it pertains to the ULMC,No,NA,Common method bias does not pose a significant threat to the study conclusions,The authors refer to the lack of change in the significance in the structural paths as evidence that CMV is not an issue.,TRUE,legacy_distillersr,2022-2023
303,chriscastille6,Yes,Yes,No,TRUE,TRUE,TRUE,TRUE,"As with all self-reported data, there is a potential for common method bias resulting from a single respondent (Podsakoff, MacKenzie, Lee, and Podsakoff, 2003; Podsakoff and Organ, 1986). First, the Harman’s single- factor test is used, in which all items from the constructs load onto factors to determine whether the majority of the variance can be accounted for by one general factor. The results suggest that the model does not achieve acceptable fit, suggesting that all items do not belong to any single common method factor. Second, a more rigorous approach is adopted by controlling for the effects of an unmeasured latent method factor (Podsakoff et al., 2003). Here the items are allowed to load on their theoretical constructs as well as on the latent common method factor. The results suggest that the mode does not achieve acceptable fit either, due to the negative variance. The factor loadings also indicate that none of the items have significant coefficients to the latent common method factor.",The authors did not make a clear claim regarding the relative fit of the model as it pertains to the ULMC,No,NA,The authors do not provide a conclusion regarding the role of common method bias,No model fit statistics provided.,TRUE,legacy_distillersr,2022-2023
304,chriscastille6,Yes,Yes,No,TRUE,TRUE,TRUE,TRUE,"A paper-and-pencil survey was distributed both to employees and students of the private university during the same period. In order to address common method bias, we scattered the items in the ques- tionnaire and ensure the anonymity of participants (Podsakoff et al. 2003). To additionally ensure that common method bias was addressed, our study pro- vides variables obtained from three different sources: employees (separate study), students (separate study) and the management of the university, who assessed employee performance measures for each employee, therefore ensuring independent employee perfor- mance evaluations. In order to statistically control for common method bias, we included a single unmeas- ured latent method factor (common latent factor, Podsakoff et al. 2003) in the model. Our results con- firm that the overall pattern of loadings remains the same across both models.",The authors did not make a clear claim regarding the relative fit of the model as it pertains to the ULMC,No,NA,The authors do not provide a conclusion regarding the role of common method bias,NA,TRUE,legacy_distillersr,2022-2023
305,chriscastille6,Yes,Yes,No,TRUE,TRUE,TRUE,TRUE,"When independent and dependent variable data are collected by a self-report survey, common method variance (CMV) is a possible problem. Following the recommendation of Podsakoff, MacKenzie, Lee, and Podsakoff (2003), a CMV test was conducted on the survey data using the",The authors did not make a clear claim regarding the relative fit of the model as it pertains to the ULMC,No,NA,Common method bias does not pose a significant threat to the study conclusions,The authors provide model data fit statistics for a comparison between the ULMC model and the model where bias is tested.,TRUE,legacy_distillersr,2022-2023
306,chriscastille6,Yes,Yes,No,TRUE,TRUE,TRUE,TRUE,"Our first model with five-factors (recognition, assimilation, exploitation, intrinsic motivation and extrinsic motivation) performed well in terms of fit with the data (χ2 (155)=413.29, p<0.001, RMSEA=0.051, CFI=0.963, TLI=0.954). Our second model, only using a common method factor, showed poor fit (χ2 (153)=2350.64, p<0.001, RMSEA=0.144, CFI=0.683, TLI=0.631) in comparison to our first model (Δχ2=1937.35, Δdf=2, p<0.001). A combination of our first two models also showed good fit with the data (χ2 (139)=415.40, p<0.001, RMSEA=0.055, CFI=0.960, TLI=0.946). However, the difference between first and the combined models in terms of fit was not significant (Δχ2=2.11, Δdf=16, p>0.10). As a last step, we followed the recommendation of Podsakoff et al. (2012) and used an unmeasured latent method factor technique. Accordingly, we compared the signifi- cance of paths in our models with and without the common method factor. Of the six different paths, only one differed in terms of significance (i.e., Intrinsic Moti- vation→Assimilate) across the two models. For this reason, we decided to retain the common method factor in our models by calculating imputed composite scores, which controlled for the likely inflation/deflation due to a common method. We then used these adjusted composite scores while testing our hypothesized structural models.",The inclusion of a ULMC did not improve the fit of the model (no change in model fit),No,NA,Whether common method bias is or is not a significant threat to the study conclusions remains unclear,The ULMC was retained in the final model even though there was no evidence of bias. The authors retained it because at least one path became no significant when the ULMC was used.,TRUE,legacy_distillersr,2022-2023
307,chriscastille6,No,NA,NA,FALSE,NA,NA,FALSE,NA,NA,NA,NA,NA,NA,FALSE,legacy_distillersr,2022-2023
308,chriscastille6,Yes,Yes,No,TRUE,TRUE,TRUE,TRUE,"Harman’s single factor test has been criticized as insensitive and inadequate (Podsakoff et al. 2003), so next we tested the measurement model with a confirmatory factor analysis on items of the four latent constructs. If common method variance is substantial, the inclusion of an unmeasured latent method factor will improve the fitness of the measurement model over a model that does not include such a factor. Because the measures of moral disengage- ment and tendency for unethical decisions have many items, we followed methods used in previous studies (e.g., Amiot et al. 2006) to form 3 parcels for each construct. We evaluated model fit with multiple fit indices, including the comparative fit index (CFI), standard root-mean-square residuals (SRMR), and root mean square error of approx- imation (RMSEA). Fit indices for all models are based on the maximum likelihood method. The four-factor mea- surement model has good fitness indices, v2(71) = 149.54, p \ .01; CFI = .90, SRMR = .076, RMSEA = .076. The Normed v2 is 2.1, suggesting a relatively robust model (Schumacker and Lomax 2004). The composite reliabilities (CR) of the four factors varied between .70 and .81, and the average variance extracted (AVE) varied between .51 and .60. Since all AVEs are above .50 and CRs are larger than corresponding AVEs, the convergent validities are sup- ported. The maximum shared squared variances (MSVs) and average shared squared variances (ASVs) are all smaller than the corresponding AVEs, thus evidences for discriminant validities are obtained. When the unmeasured latent method factor is added to the model, it slightly improved the Chi square (Dv2(1) = 4.20, p \ .05), but other fit indices became worse (CFI = .89, SRMR = .078, RMSEA = .079). This pattern of findings suggests that the unmeasured latent method factor did not substantially. improve the measurement model. The unmeasured latent method factor accounted for only about 4 % variance in the model and is not likely a primary explanation for the findings of the study.",The inclusi&oacute;n of a ULMC did improve the fit of the model,Yes,4,Common method bias does not pose a significant threat to the study conclusions,NA,TRUE,legacy_distillersr,2022-2023
309,chriscastille6,Yes,Yes,No,TRUE,TRUE,TRUE,TRUE,"To reduce the threat of the common method bias, we collected the predictor and criterion variables from different sources and conducted several tests of poten- tial bias (Homburg, Klarmann, and Schmitt, 2010). First, using Harman’s single-factor test (Podsakoff, MacKenzie, Lee, and Podsakoff, 2003), a single-factor model in which all of the items were loaded on one common method factor was estimated. This estimation yielded a poor model fit. Second, an unmeasured latent method factor was introduced, on which every item from the constructs in our basic structural framework could load, in addition to their theoretical constructs (Podsakoff et al., 2003). Common method variance should affect all of the items equally, so we constrained all the loadings of the method factor to be equal, which ensured model identification (Podsakoff et al., 2003). With the assumption that the true magnitude of the latent constructs does not affect the degree of common method variance, we specified the method factor to be uncorrelated with the other constructs (Homburg et al., 2010). The inclusion of the common method factor did not alter the pattern of the results, because all of the structural path coefficients remained significant in the same direction. Therefore, both tests suggested that common method variance was not a serious threat.",The authors did not make a clear claim regarding the relative fit of the model as it pertains to the ULMC,No,NA,Common method bias does not pose a significant threat to the study conclusions,NA,TRUE,legacy_distillersr,2022-2023
310,chriscastille6,No,NA,NA,FALSE,NA,NA,FALSE,NA,NA,NA,NA,NA,NA,FALSE,legacy_distillersr,2022-2023
311,chriscastille6,Yes,Yes,No,TRUE,TRUE,TRUE,TRUE,"Furthermore, we have common-method bias issue, as predictors, moderators and criterion variables are gathered from self-reported surveys. Several statistical techniques help researchers to minimize the potential effects of common-method variance (Podsakoff, MacKenzie, Lee and Podsakoff 2003). A number of studies checked for mono-method bias when the data for those studies were collected from the same source such as self-reported questionnaires (Elangovan and Xie 1999). To check mono-method bias, we added a method factor to four-factor model (women-friendly supervisor, work– family-specific supervisor, job satisfaction and workplace benefits stress) and compared with only four-factor model. We used AMOS to conduct confirmatory analyses to compare model validity and check with mono-method bias. The x 2 statistics for four- factormodelwas265.89(df 1⁄438)andfitindexeswerebetterthanacceptablelevels(GFI 1⁄4 0.97, CFI 1⁄4 0.96, TLI 1⁄4 0.95). Adding method factor, the x 2 statistics was 114.85 (df 1⁄4 28) and fit indexes were also better than acceptable level (GFI 1⁄4 0.98, CFI 1⁄4 0.98, TLI 1⁄4 0.96). x 2 differences are significant (Dx 2 1⁄4 151.05, Ddf 1⁄4 10). But incremental fit index is so small that it suggests insignificant improvement (DGFI 1⁄4 0.01, DCFI 1⁄4 0.02, DTLI 1⁄4 0.01). Furthermore, factor loadings on four-factor model were significant after the method effects were partialed out. Therefore, although data for this study were collected from self-reported questionnaires, common-method bias may not have significant effects on the research model.",The inclusi&oacute;n of a ULMC did improve the fit of the model,No,NA,Common method bias does not pose a significant threat to the study conclusions,NA,TRUE,legacy_distillersr,2022-2023
312,chriscastille6,Yes,Yes,No,TRUE,TRUE,TRUE,TRUE,"Controlling for the Effects of a Single Unmeasured Latent Method Factor. To demonstrate that the results are not due to common method variance, measurement model with the addition of a latent common methodsvariancefactor(CMV)mustnotsignificantlyimprovethefitoverour measurement model. Items are allowed to load on their theoretical constructs, as well as on a latent common methods variance factor, and the significance of the structural parameters is examined both with and without the latent com- mon methods variance factor in the model. In this way, the variance of the responses to a specific measure is partitioned into three components: (a) trait, (b) method, and (c) random error. We compared the measurement model with the common methods variance factor (y^ = 583.20, df = 343, X^/df = 1.70, p = .00, TLI = .98, CFI = .99, RMSEA = .06) and the model without (x^ = 1036.05, df = 372, x^/df = 2.79, p = .00, TU = .96, CFI = .96, RMSEA = .09). The differences were negligible for the change of CFI. Further, with the latent common methods variance factor, the factor loadings of these items continued to be significant. Thus, CMV effects were insignificant. In order to control measurement error in path analysis, the path from any construct to its meas- ured variable (i.e., factor loading) equals the square root of the reliability of the measured variable, while the amount of random error variable (i.e., error vari- ance) is the quantity one minus the reliability.",The inclusion of a ULMC did not improve the fit of the model (no change in model fit),No,NA,Common method bias does not pose a significant threat to the study conclusions,The authors do provide model fit statistics that facilitate a comparison via the chi square.  It is significant.,TRUE,legacy_distillersr,2022-2023
313,chriscastille6,No,NA,NA,FALSE,NA,NA,FALSE,NA,NA,NA,NA,NA,NA,FALSE,legacy_distillersr,2022-2023
314,chriscastille6,Yes,No,NA,TRUE,FALSE,NA,FALSE,NA,NA,NA,NA,NA,NA,FALSE,legacy_distillersr,2022-2023
315,chriscastille6,Yes,Yes,No,TRUE,TRUE,TRUE,TRUE,"Our use of self-report measures might increase the probability that common method variance (CMV) affected our observed results. While possible, we believe the like- lihood that CMV spuriously inflated the observed rela- tionships among the study variables is unlikely. As Spector (2006) pointed out, the use of self-report measures does not automatically mean that CMV is an issue. He cites research showing that self-report methodology does not guarantee significant results will be obtained and that errors often associated with self-reports, like social desirability and response bias, account for a trivial amount of variance, if any. For example, Crampton and Wagner (1994) compared studies using monomethods versus multimethods and found few significant differences in the strength of corre- lations between the variables in the two sets of studies. In some cases the correlations were weaker in the mono- method studies compared to correlations in the multi- method studies. Even so, we implemented some of the techniques recommended by Podsakoff et al. (2003) to control for CMV, such as ensuring anonymity for partici- pants, telling participants there are no right or wrong responses, and encouraging participants to respond as honestly as possible. We also used statistical methods to assess whether CMV exists. Podsakoff et al. (2003) recommend using a single- common-method-factor approach to evaluate CMV in research situations like ours (i.e., predictor and criterion measured at the same time from the same source and the source of method bias is unknown). With this method, we controlled for the effects of a single unmeasured latent method factor by allowing scale items to load on their relevant constructs (i.e., emotional stability, conscien- tiousness, agreeableness, negative emotions, and abusive supervision) in addition to loading on a latent common methods variance factor. We compared the fit of the model with and without the latent common methods variance factor to determine if the former substantially improved the fit over the latter model, which would indicate that CMV is an issue in our study. We found that the fit of the model without the factor [v2 (1,643) = 3,178.23, p \ .001, CFI = .71, RMSEA = .07] did not substantially improve with the addition of the latent common methods variance factor [v2 (1,584) = 2,770.80, p \ .001, CFI = .77, RMSEA = .06], thus providing evidence that CMV does not explain our findings.",The inclusion of a ULMC did not improve the fit of the model (no change in model fit),No,NA,Common method bias does not pose a significant threat to the study conclusions,"Although the authors conclude on the basis of a model comparison that CMV is not present, it appears that this conclusion is mistaken. A chi-square test clearly reveals that the model with the ULMC is superior to the model without the ULMC, although the fit of both models should be considered unacceptable.",TRUE,legacy_distillersr,2022-2023
