master_id,ebsco_search_position,title,screening_status,Q1_1_management_domain,Q1_2_empirical_ulmc,Q1_3_not_pls,decision,confidence,rationale,q1_1_reason_code,q1_1_reason_text,q1_2_reason_code,q1_2_reason_text,q1_3_reason_code,q1_3_reason_text,decision_reason_code,decision_reason_text,evidence_type,pdf_evidence_snippet,text_file
M0183,1,How Workplace Fun Promotes Employees' Innovative Behavior: A Dual Mediation Model.,included,True,True,True,included,high,Q1.1–Q1.3 all pass,DOMAIN_PASS_JOURNAL_OUTLET,management journal/outlet match,ULMC_PASS_EMPIRICAL,empirical ULMC detected (ulmc_signals=1),PLS_PASS_NOT_DETECTED,no PLS-SEM detected,INCLUDE_ALL_CRITERIA_PASS,Q1.1 PASS (DOMAIN_PASS_JOURNAL_OUTLET): management journal/outlet match. Q1.2 PASS (ULMC_PASS_EMPIRICAL): empirical ULMC detected (ulmc_signals=1). Q1.3 PASS (PLS_PASS_NOT_DETECTED): no PLS-SEM detected. Decision: included — all Level 1 criteria pass.,ulmc,"again falling below the 50% threshold. Lastly, adopting the unmeasured latent method factor approach, we added a latent common method factor into the h",EBSCO_M0183_Wang_2026_How_Workplace_Fun_Promotes_Employees_Innovative.txt
M0184,2,The Impact of Artificial Intelligence Usage on Affective Work Well-Being: A Self-Determination Theory Perspective.,included,True,True,True,included,medium,Q1.1–Q1.3 all pass,DOMAIN_PASS_KEYWORDS_METADATA,management-domain keywords in metadata (n=3),ULMC_PASS_EMPIRICAL,empirical ULMC detected (ulmc_signals=1),PLS_PASS_NOT_DETECTED,no PLS-SEM detected,INCLUDE_ALL_CRITERIA_PASS,Q1.1 PASS (DOMAIN_PASS_KEYWORDS_METADATA): management-domain keywords in metadata (n=3). Q1.2 PASS (ULMC_PASS_EMPIRICAL): empirical ULMC detected (ulmc_signals=1). Q1.3 PASS (PLS_PASS_NOT_DETECTED): no PLS-SEM detected. Decision: included — all Level 1 criteria pass.,ulmc,"ule out the influence of common method bias, we applied the unmeasured latent method factor (ULMF) approach. Adding an unmeasured latent method factor",EBSCO_M0184_Zhang_2026_The_Impact_of_Artificial_Intelligence_Usage_on_Affective.txt
M0185,3,The impact of cultural tourism experience on cultural identity: A case study of Mazu culture.,excluded_pls,True,False,False,excluded_pls,high,PLS-SEM excluded (Q1.3): PLS-SEM estimation detected; domain=True; ulmc=False,DOMAIN_PASS_JOURNAL_OUTLET,management journal/outlet match,ULMC_FAIL_NON_EMPIRICAL,non-empirical study (conceptual),PLS_FAIL_SEM_DETECTED,PLS-SEM estimation detected,EXCLUDE_Q1_3_PLS,Q1.1 PASS (DOMAIN_PASS_JOURNAL_OUTLET): management journal/outlet match. Q1.2 FAIL (ULMC_FAIL_NON_EMPIRICAL): non-empirical study (conceptual). Q1.3 FAIL (PLS_FAIL_SEM_DETECTED): PLS-SEM estimation detected. Decision: excluded_pls — PLS-SEM detected (Q1.3 fail); not a hard reject of domain/ULMC.,pls,"PMID: 21299303 77. Edeh E, Lo WJ, Khojasteh J. Review of Partial Least Squares Structural Equation Modeling (PLS-SEM) Using R: A Workbook.",EBSCO_M0185_Wang_2026_The_impact_of_cultural_tourism_experience_on_cul.txt
M0186,4,The Green Shield: How Pro-Environmental Advocacy Protects Employees from Supervisor Ostracism.,included,True,True,True,included,medium,Q1.1–Q1.3 all pass,DOMAIN_PASS_KEYWORDS_METADATA,management-domain keywords in metadata (n=5),ULMC_PASS_EMPIRICAL,empirical ULMC detected (ulmc_signals=1),PLS_PASS_NOT_DETECTED,no PLS-SEM detected,INCLUDE_ALL_CRITERIA_PASS,Q1.1 PASS (DOMAIN_PASS_KEYWORDS_METADATA): management-domain keywords in metadata (n=5). Q1.2 PASS (ULMC_PASS_EMPIRICAL): empirical ULMC detected (ulmc_signals=1). Q1.3 PASS (PLS_PASS_NOT_DETECTED): no PLS-SEM detected. Decision: included — all Level 1 criteria pass.,ulmc,"e potential impact of common method variance (CMV) using an unmeasured latent method factor approach (Podsakoff et al., 2003). Specifically, we compare",EBSCO_M0186_Ju_2026_The_Green_Shield_How_Pro-Environmental_Advocacy.txt
M0187,5,The Relationship Between School Disconnectedness and Adolescent Internet Addiction: A Moderated Mediation Model.,level1_fail,False,True,True,excluded,low,Q1.1: no management-domain signal; flag for manual review,DOMAIN_FAIL_NO_SIGNAL,no management-domain signal; flag for manual review,ULMC_PASS_EMPIRICAL,empirical ULMC detected (ulmc_signals=2),PLS_PASS_NOT_DETECTED,no PLS-SEM detected,EXCLUDE_Q1_1_DOMAIN,Q1.1 FAIL (DOMAIN_FAIL_NO_SIGNAL): no management-domain signal; flag for manual review. Q1.2 PASS (ULMC_PASS_EMPIRICAL): empirical ULMC detected (ulmc_signals=2). Q1.3 PASS (PLS_PASS_NOT_DETECTED): no PLS-SEM detected. Decision: excluded — Level 1 eligibility fail.,ulmc,,EBSCO_M0187_Gonglu Cheng_2026_The_Relationship_Between_School_Disconnectedness.txt
M0188,6,Green Transformational Leadership and Value–Action Barrier on Employees' Pro-Environmental Behavior: The Moderating Role of Green Brand Image in Chinese Food Manufacturing Enterprises.,included,True,True,True,included,medium,Q1.1–Q1.3 all pass,DOMAIN_PASS_KEYWORDS_METADATA,management-domain keywords in metadata (n=5),ULMC_PASS_EMPIRICAL,empirical ULMC detected (ulmc_signals=1),PLS_PASS_NOT_DETECTED,no PLS-SEM detected,INCLUDE_ALL_CRITERIA_PASS,Q1.1 PASS (DOMAIN_PASS_KEYWORDS_METADATA): management-domain keywords in metadata (n=5). Q1.2 PASS (ULMC_PASS_EMPIRICAL): empirical ULMC detected (ulmc_signals=1). Q1.3 PASS (PLS_PASS_NOT_DETECTED): no PLS-SEM detected. Decision: included — all Level 1 criteria pass.,ulmc,"method variance, we compared CFA models with and without an unmeasured latent method factor and inspected changes in fit indices following recommended",EBSCO_M0188_Liqing Zhong and Juhee Hahn_2026_Green_Transformational_Leadership_and_ValueActio.txt
M0189,7,The Impact of Perceived Usefulness of Wearable Devices on Treatment Adherence in Fracture Patients: The Chain Mediating Roles of Self-Efficacy and Meaning in Life.,level1_fail,False,True,True,excluded,medium,Q1.1: non-management domain in PDF intro,DOMAIN_FAIL_EXCLUDE_INTRO,non-management domain in PDF intro,ULMC_PASS_EMPIRICAL,empirical ULMC detected (ulmc_signals=1),PLS_PASS_NOT_DETECTED,no PLS-SEM detected,EXCLUDE_Q1_1_DOMAIN,Q1.1 FAIL (DOMAIN_FAIL_EXCLUDE_INTRO): non-management domain in PDF intro. Q1.2 PASS (ULMC_PASS_EMPIRICAL): empirical ULMC detected (ulmc_signals=1). Q1.3 PASS (PLS_PASS_NOT_DETECTED): no PLS-SEM detected. Decision: excluded — Level 1 eligibility fail.,ulmc,"versity, Zhejiang Provincial Hospital of Chinese Medicine, Hangzhou, Zhejiang Province, People’s Republic of China; 2Department of Nursin",EBSCO_M0189_Xiaoxue Tan_2026_PPA_A_555791_123.txt
M0190,8,The effects of peer overqualification on dualistic work passion through the sequential mediation of perceived competitive climate and job anxiety.,level1_fail,True,False,True,excluded,medium,Q1.2: Harman primary CMV test; ULMC mention insufficient,DOMAIN_PASS_JOURNAL_OUTLET,management journal/outlet match,ULMC_FAIL_HARMAN_ONLY,Harman primary CMV test; ULMC mention insufficient,PLS_PASS_NOT_DETECTED,no PLS-SEM detected,EXCLUDE_Q1_2_ULMC,Q1.1 PASS (DOMAIN_PASS_JOURNAL_OUTLET): management journal/outlet match. Q1.2 FAIL (ULMC_FAIL_HARMAN_ONLY): Harman primary CMV test; ULMC mention insufficient. Q1.3 PASS (PLS_PASS_NOT_DETECTED): no PLS-SEM detected. Decision: excluded — Level 1 eligibility fail.,ulmc,"sess the impact of CMB67. In this study, the results of the exploratory factor analysis revealed that there were 5 factors with eigenvalues greater than 1. According to Harman’s single- factor test, we focused on the explained variance",EBSCO_M0190_Li-Yuan Wang_2025_The_effects_of_peer_overqualification_on_dualist.txt
M0191,9,"Modeling information literacy in Chinese physical education: the roles of technology integration, teaching practices, self-efficacy, and academic performance.",level1_fail,True,False,True,excluded,medium,Q1.2: marker-variable approach; ULMC mention insufficient,DOMAIN_BORDERLINE_STUDENT_SAMPLE,Student sample — verify workplace/organizational relevance,ULMC_FAIL_MARKER_ONLY,marker-variable approach; ULMC mention insufficient,PLS_PASS_NOT_DETECTED,no PLS-SEM detected,EXCLUDE_Q1_2_ULMC,Q1.1 PASS (DOMAIN_BORDERLINE_STUDENT_SAMPLE): Student sample — verify workplace/organizational relevance. Q1.2 FAIL (ULMC_FAIL_MARKER_ONLY): marker-variable approach; ULMC mention insufficient. Q1.3 PASS (PLS_PASS_NOT_DETECTED): no PLS-SEM detected. Decision: excluded — Level 1 eligibility fail.,ulmc,"common technique bias, more advanced methods, such as the marker variable or unmeasured latent method factor, may yield more precise",EBSCO_M0191_information use and comprehension. Six hundred fifty undergraduate students from Henan_2025_Modeling_information_literacy_in_Chinese_physica.txt
M0192,10,The Positive Effects of Employee AI Dependence on Voice Behavior—Based on Power Dependence Theory.,included,True,True,True,included,medium,Q1.1–Q1.3 all pass,DOMAIN_PASS_KEYWORDS_METADATA,management-domain keywords in metadata (n=5),ULMC_PASS_EMPIRICAL,empirical ULMC detected (ulmc_signals=1),PLS_PASS_NOT_DETECTED,no PLS-SEM detected,INCLUDE_ALL_CRITERIA_PASS,Q1.1 PASS (DOMAIN_PASS_KEYWORDS_METADATA): management-domain keywords in metadata (n=5). Q1.2 PASS (ULMC_PASS_EMPIRICAL): empirical ULMC detected (ulmc_signals=1). Q1.3 PASS (PLS_PASS_NOT_DETECTED): no PLS-SEM detected. Decision: included — all Level 1 criteria pass.,ulmc,erformance indicators and consider analytical approaches of unmeasured latent method factor (ULMF) techniques to mitigate CMV risk and strengthen causa,EBSCO_M0192_Tian_2025_The_Positive_Effects_of_Employee_AI_Dependence_o.txt
M0193,11,The Organizational Halo: How Perceived Philanthropy Awareness Curbs Abusive Supervision via Moral Pride.,included,True,True,True,included,medium,Q1.1–Q1.3 all pass,DOMAIN_PASS_KEYWORDS_METADATA,management-domain keywords in metadata (n=1),ULMC_PASS_EMPIRICAL,empirical ULMC detected (ulmc_signals=1),PLS_PASS_NOT_DETECTED,no PLS-SEM detected,INCLUDE_ALL_CRITERIA_PASS,Q1.1 PASS (DOMAIN_PASS_KEYWORDS_METADATA): management-domain keywords in metadata (n=1). Q1.2 PASS (ULMC_PASS_EMPIRICAL): empirical ULMC detected (ulmc_signals=1). Q1.3 PASS (PLS_PASS_NOT_DETECTED): no PLS-SEM detected. Decision: included — all Level 1 criteria pass.,ulmc,"cond, CMV was assessed by controlling for the effects of an unmeasured latent method factor, a procedure recommended by Podsakoff et al. (2003). Follow",EBSCO_M0193_Behavioral Sciences_2025_The_Organizational_Halo_How_Perceived_Philanthro.txt
M0194,12,The Double-Edged Sword Effect of Generative AI Adoption on Students' Sustainable Entrepreneurship Intentions.,excluded_pls,True,True,False,excluded_pls,medium,PLS-SEM excluded (Q1.3): PLS-SEM estimation detected; domain=True; ulmc=True,DOMAIN_PASS_KEYWORDS_METADATA,management-domain keywords in metadata (n=1),ULMC_PASS_EMPIRICAL,empirical ULMC detected (ulmc_signals=2),PLS_FAIL_SEM_DETECTED,PLS-SEM estimation detected,EXCLUDE_Q1_3_PLS,Q1.1 PASS (DOMAIN_PASS_KEYWORDS_METADATA): management-domain keywords in metadata (n=1). Q1.2 PASS (ULMC_PASS_EMPIRICAL): empirical ULMC detected (ulmc_signals=2). Q1.3 FAIL (PLS_FAIL_SEM_DETECTED): PLS-SEM estimation detected. Decision: excluded_pls — PLS-SEM detected (Q1.3 fail); not a hard reject of domain/ULMC.,pls,"and academic achievement in college students: Findings from PLS-SEM and FsQCA. Education and Information Technologies, 30, 2128",EBSCO_M0194_Intentions. Behavioral Sciences_2025_The_Double-Edged_Sword_Effect_of_Generative_AI_A.txt
M0195,13,Cumulative Family Risk and Migrant Children's School Adjustment: A Moderated Mediation Model of Relative Deprivation and Beliefs About Adversity.,level1_fail,False,True,True,excluded,low,Q1.1: no management-domain signal; flag for manual review,DOMAIN_FAIL_NO_SIGNAL,no management-domain signal; flag for manual review,ULMC_PASS_EMPIRICAL,empirical ULMC detected (ulmc_signals=2),PLS_PASS_NOT_DETECTED,no PLS-SEM detected,EXCLUDE_Q1_1_DOMAIN,Q1.1 FAIL (DOMAIN_FAIL_NO_SIGNAL): no management-domain signal; flag for manual review. Q1.2 PASS (ULMC_PASS_EMPIRICAL): empirical ULMC detected (ulmc_signals=2). Q1.3 PASS (PLS_PASS_NOT_DETECTED): no PLS-SEM detected. Decision: excluded — Level 1 eligibility fail.,ulmc,,EBSCO_M0195_Risk_2025_Cumulative_Family_Risk_and_Migrant_Childrens_Sch.txt
M0196,14,The Relationship Between Career Adaptability and Work Engagement Among Young Chinese Workers: Mediating Role of Job Satisfaction and Moderating Effects of Artificial Intelligence Self-Efficacy and Anxiety.,included,True,True,True,included,high,Q1.1–Q1.3 all pass,DOMAIN_PASS_JOURNAL_OUTLET,management journal/outlet match,ULMC_PASS_EMPIRICAL,empirical ULMC detected (ulmc_signals=1),PLS_PASS_NOT_DETECTED,no PLS-SEM detected,INCLUDE_ALL_CRITERIA_PASS,Q1.1 PASS (DOMAIN_PASS_JOURNAL_OUTLET): management journal/outlet match. Q1.2 PASS (ULMC_PASS_EMPIRICAL): empirical ULMC detected (ulmc_signals=1). Q1.3 PASS (PLS_PASS_NOT_DETECTED): no PLS-SEM detected. Decision: included — all Level 1 criteria pass.,ulmc,". Additionally, an attempt to estimate a model including an unmeasured Latent Method Factor (LMF) failed to converge due to model over-specification, a",EBSCO_M0196_Relationship_2025_The_Relationship_Between_Career_Adaptability_and.txt
M0197,15,A Paradox of Fit: How Job Complexity Shapes AI Self-Efficacy and AI Adoption Through a Curvilinear Mechanism.,included,True,True,True,included,medium,Q1.1–Q1.3 all pass,DOMAIN_PASS_KEYWORDS_METADATA,management-domain keywords in metadata (n=4),ULMC_PASS_EMPIRICAL,empirical ULMC detected (ulmc_signals=2),PLS_PASS_NOT_DETECTED,no PLS-SEM detected,INCLUDE_ALL_CRITERIA_PASS,Q1.1 PASS (DOMAIN_PASS_KEYWORDS_METADATA): management-domain keywords in metadata (n=4). Q1.2 PASS (ULMC_PASS_EMPIRICAL): empirical ULMC detected (ulmc_signals=2). Q1.3 PASS (PLS_PASS_NOT_DETECTED): no PLS-SEM detected. Decision: included — all Level 1 criteria pass.,ulmc,"th analytical model, we compared models with and without an unmeasured latent method factor to determine whether common method variance substantially c",EBSCO_M0197_Mechanism. Behavioral Sciences_2025_A_Paradox_of_Fit_How_Job_Complexity_Shapes_AI_Se.txt
M0198,16,Knowledge Sharing in AI-Enabled Workplaces: A Social Cognitive Perspective on Usefulness Perceptions and Competition.,included,True,True,True,included,medium,Q1.1–Q1.3 all pass,DOMAIN_PASS_KEYWORDS_METADATA,management-domain keywords in metadata (n=4),ULMC_PASS_EMPIRICAL,empirical ULMC detected (ulmc_signals=3),PLS_PASS_NOT_DETECTED,no PLS-SEM detected,INCLUDE_ALL_CRITERIA_PASS,Q1.1 PASS (DOMAIN_PASS_KEYWORDS_METADATA): management-domain keywords in metadata (n=4). Q1.2 PASS (ULMC_PASS_EMPIRICAL): empirical ULMC detected (ulmc_signals=3). Q1.3 PASS (PLS_PASS_NOT_DETECTED): no PLS-SEM detected. Decision: included — all Level 1 criteria pass.,ulmc,"single factor does not dominate the data. We also tested an unmeasured latent method factor model (Podsakoff et al., 2003), in which all items were loa",EBSCO_M0198_Zhong_2025_Knowledge_Sharing_in_AI-Enabled_Workplaces_A_Soc.txt
M0199,17,Navigating the Digital Landscape: Exploring the Relationship Between Social Media Affordances and Chinese Generation Z's Online Prosocial and Antisocial Behaviors.,excluded_pls,False,True,False,excluded_pls,low,PLS-SEM excluded (Q1.3): PLS-SEM estimation detected; domain=False; ulmc=True,DOMAIN_FAIL_NO_SIGNAL,no management-domain signal; flag for manual review,ULMC_PASS_EMPIRICAL,empirical ULMC detected (ulmc_signals=1),PLS_FAIL_SEM_DETECTED,PLS-SEM estimation detected,EXCLUDE_Q1_3_PLS,Q1.1 FAIL (DOMAIN_FAIL_NO_SIGNAL): no management-domain signal; flag for manual review. Q1.2 PASS (ULMC_PASS_EMPIRICAL): empirical ULMC detected (ulmc_signals=1). Q1.3 FAIL (PLS_FAIL_SEM_DETECTED): PLS-SEM estimation detected. Decision: excluded_pls — PLS-SEM detected (Q1.3 fail); not a hard reject of domain/ULMC.,pls,"ingle, C. M., Sarstedt, M., Danks, N. P., & Ray, S. (2021). Partial least squares structural equation modeling (PLS‑SEM) using R: A workbook",EBSCO_M0199_Journal of Psychosocial Research on Cyberspace_2025_Navigating_the_Digital_Landscape_Exploring_the_R.txt
M0200,18,Development and initial validation of the Urban Restorative Potential Scale: Evidence from the Philippines.,level1_fail,False,True,True,excluded,low,Q1.1: no management-domain signal; flag for manual review,DOMAIN_FAIL_NO_SIGNAL,no management-domain signal; flag for manual review,ULMC_PASS_EMPIRICAL,empirical ULMC detected (ulmc_signals=1),PLS_PASS_NOT_DETECTED,no PLS-SEM detected,EXCLUDE_Q1_1_DOMAIN,Q1.1 FAIL (DOMAIN_FAIL_NO_SIGNAL): no management-domain signal; flag for manual review. Q1.2 PASS (ULMC_PASS_EMPIRICAL): empirical ULMC detected (ulmc_signals=1). Q1.3 PASS (PLS_PASS_NOT_DETECTED): no PLS-SEM detected. Decision: excluded — Level 1 eligibility fail.,ulmc,,EBSCO_M0200_CORPUZ_2025_Development_and_initial_validation_of_the_Urban.txt
M0201,19,Exploring psychological pathways between workplace violence and burnout among nurses in Chinese Tertiary Hospitals.,level1_fail,True,False,True,excluded,medium,Q1.2: marker-variable approach; ULMC mention insufficient,DOMAIN_PASS_KEYWORDS_METADATA,management-domain keywords in metadata (n=3),ULMC_FAIL_MARKER_ONLY,marker-variable approach; ULMC mention insufficient,PLS_PASS_NOT_DETECTED,no PLS-SEM detected,EXCLUDE_Q1_2_ULMC,Q1.1 PASS (DOMAIN_PASS_KEYWORDS_METADATA): management-domain keywords in metadata (n=3). Q1.2 FAIL (ULMC_FAIL_MARKER_ONLY): marker-variable approach; ULMC mention insufficient. Q1.3 PASS (PLS_PASS_NOT_DETECTED): no PLS-SEM detected. Decision: excluded — Level 1 eligibility fail.,ulmc,"bias was not a serious concern in this study.However, the Harman single-factor test was used only as a descriptive check and is recognized",EBSCO_M0201_Zhi Zeng_2025_Exploring_psychological_pathways_between_workpla.txt
M0202,20,"The Relationships Between Contingent Reward Leadership, Perceived Organizational Support, Knowledge‐Sharing Intention, Innovative Culture, and Kindergarten Teachers' Creative Teaching Performance: A Mediated Moderation Model.",included,True,True,True,included,high,Q1.1–Q1.3 all pass,DOMAIN_BORDERLINE_STUDENT_SAMPLE,Student sample — verify workplace/organizational relevance,ULMC_PASS_EMPIRICAL,empirical ULMC detected (ulmc_signals=2),PLS_PASS_NOT_DETECTED,no PLS-SEM detected,INCLUDE_ALL_CRITERIA_PASS,Q1.1 PASS (DOMAIN_BORDERLINE_STUDENT_SAMPLE): Student sample — verify workplace/organizational relevance. Q1.2 PASS (ULMC_PASS_EMPIRICAL): empirical ULMC detected (ulmc_signals=2). Q1.3 PASS (PLS_PASS_NOT_DETECTED): no PLS-SEM detected. Decision: included — all Level 1 criteria pass.,ulmc,"y. Additionally, to assess potential common method bias, an unmeasured latent method factor was added to the five‐factor model (Podsakoff et al. 2003).",EBSCO_M0202_Huang_2025_The_Relationships_Between_Contingent_Reward_Lead.txt
M0720,21,"Organizational Dehumanization, Perceived Stress, and Patient Depersonalization in French Nurses: A Cross‐Sectional Test of the Spillover Model.",included,True,True,True,included,medium,Q1.1–Q1.3 all pass,DOMAIN_PASS_KEYWORDS_METADATA,management-domain keywords in metadata (n=4),ULMC_PASS_EMPIRICAL,empirical ULMC detected (ulmc_signals=3),PLS_PASS_NOT_DETECTED,no PLS-SEM detected,INCLUDE_ALL_CRITERIA_PASS,Q1.1 PASS (DOMAIN_PASS_KEYWORDS_METADATA): management-domain keywords in metadata (n=4). Q1.2 PASS (ULMC_PASS_EMPIRICAL): empirical ULMC detected (ulmc_signals=3). Q1.3 PASS (PLS_PASS_NOT_DETECTED): no PLS-SEM detected. Decision: included — all Level 1 criteria pass.,ulmc,"e current study. Building on Harman’s test, we conducted an unmeasured latent method factor (ULMC) analysis following Williams et al. [48]. We frst ftt",
M0203,22,The Mediating Role of Psychological Capital Between Caring Behaviour and Work Engagement of Nurses: A Cross‐Sectional Study.,included,True,True,True,included,medium,Q1.1–Q1.3 all pass,DOMAIN_PASS_KEYWORDS_METADATA,management-domain keywords in metadata (n=1),ULMC_PASS_EMPIRICAL,empirical ULMC detected (ulmc_signals=2),PLS_PASS_NOT_DETECTED,no PLS-SEM detected,INCLUDE_ALL_CRITERIA_PASS,Q1.1 PASS (DOMAIN_PASS_KEYWORDS_METADATA): management-domain keywords in metadata (n=1). Q1.2 PASS (ULMC_PASS_EMPIRICAL): empirical ULMC detected (ulmc_signals=2). Q1.3 PASS (PLS_PASS_NOT_DETECTED): no PLS-SEM detected. Decision: included — all Level 1 criteria pass.,ulmc,"t al. (2003), we used Harman's single-­factor test and the unmeasured latent method factor (ULMC) approach to assess common method bias. Second, desc",EBSCO_M0203_Nursing Open_2026_The_Mediating_Role_of_Psychological_Capital_Betw.txt
M0204,23,"Relationships Between Organizational Innovation Climate, Creative Self-Efficacy, and Innovation Performance: A Cross-Sectional Study in Public Hospitals.",included,True,True,True,included,medium,Q1.1–Q1.3 all pass,DOMAIN_BORDERLINE_PUBLIC_HEALTH,Public health / epidemics framing — verify management-domain scope,ULMC_PASS_EMPIRICAL,empirical ULMC detected (ulmc_signals=1),PLS_PASS_NOT_DETECTED,no PLS-SEM detected,INCLUDE_ALL_CRITERIA_PASS,Q1.1 PASS (DOMAIN_BORDERLINE_PUBLIC_HEALTH): Public health / epidemics framing — verify management-domain scope. Q1.2 PASS (ULMC_PASS_EMPIRICAL): empirical ULMC detected (ulmc_signals=1). Q1.3 PASS (PLS_PASS_NOT_DETECTED): no PLS-SEM detected. Decision: included — all Level 1 criteria pass.,ulmc,ug- gesting no severe CMB. This study further employed the unmeasured latent method factor approach. The baseline model (MODEL1) loaded all items ont,EBSCO_M0204_Organization_2025_httpsdoiorg10117700469580261433833_Creative_Comm.txt
M0205,24,Understanding police officers’ responses to moral injury: the aggravating effect of employee silence.,included,True,True,True,included,high,Q1.1–Q1.3 all pass,DOMAIN_PASS_JOURNAL_OUTLET,management journal/outlet match,ULMC_PASS_EMPIRICAL,empirical ULMC detected (ulmc_signals=1),PLS_PASS_NOT_DETECTED,no PLS-SEM detected,INCLUDE_ALL_CRITERIA_PASS,Q1.1 PASS (DOMAIN_PASS_JOURNAL_OUTLET): management journal/outlet match. Q1.2 PASS (ULMC_PASS_EMPIRICAL): empirical ULMC detected (ulmc_signals=1). Q1.3 PASS (PLS_PASS_NOT_DETECTED): no PLS-SEM detected. Decision: included — all Level 1 criteria pass.,ulmc,"d to the full measurement model. Finally, we introduced an unmeasured latent method factor to our orig­ inal measurement model, allowing all items to",EBSCO_M0205_Pariona-Cabrera_2026_The_International_Journal_of_Human_Resource_Mana.txt
M0206,25,Beyond survival: gender and regional dynamics of entrepreneurial success factors in transitional economy.,excluded_pls,True,True,False,excluded_pls,medium,PLS-SEM excluded (Q1.3): PLS-SEM estimation detected; domain=True; ulmc=True,DOMAIN_PASS_KEYWORDS_METADATA,management-domain keywords in metadata (n=1),ULMC_PASS_EMPIRICAL,empirical ULMC detected (ulmc_signals=1),PLS_FAIL_SEM_DETECTED,PLS-SEM estimation detected,EXCLUDE_Q1_3_PLS,Q1.1 PASS (DOMAIN_PASS_KEYWORDS_METADATA): management-domain keywords in metadata (n=1). Q1.2 PASS (ULMC_PASS_EMPIRICAL): empirical ULMC detected (ulmc_signals=1). Q1.3 FAIL (PLS_FAIL_SEM_DETECTED): PLS-SEM estimation detected. Decision: excluded_pls — PLS-SEM detected (Q1.3 fail); not a hard reject of domain/ULMC.,pls,"(coastal versus interior), business sec- tors, and gender. Partial least squares structural equation modeling (PLS-SEM) was selected as the",EBSCO_M0206_:_2026_Beyond_survival_gender_and_regional_dynamics_of.txt
M0207,26,Green human resource management and green supply chain integration: the mediating role of ambidextrous environmental strategy.,excluded_pls,True,False,False,excluded_pls,high,PLS-SEM excluded (Q1.3): PLS-SEM estimation detected; domain=True; ulmc=False,DOMAIN_PASS_JOURNAL_OUTLET,management journal/outlet match,ULMC_FAIL_NON_EMPIRICAL,non-empirical study (meta[- ]analy),PLS_FAIL_SEM_DETECTED,PLS-SEM estimation detected,EXCLUDE_Q1_3_PLS,Q1.1 PASS (DOMAIN_PASS_JOURNAL_OUTLET): management journal/outlet match. Q1.2 FAIL (ULMC_FAIL_NON_EMPIRICAL): non-empirical study (meta[- ]analy). Q1.3 FAIL (PLS_FAIL_SEM_DETECTED): PLS-SEM estimation detected. Decision: excluded_pls — PLS-SEM detected (Q1.3 fail); not a hard reject of domain/ULMC.,pls,"C. M. (2019). When to use and how to report the results of PLS-SEM. European Business Review, 31(1), 2–24. https://doi.org/ 10",EBSCO_M0207_Yue Changa_2026_The_International_Journal_of_Human_Resource_Mana.txt
M0208,27,When Choice Disappears: Perceived Coercion and Avoidance of Self-Service Technologies Among Older Consumers.,included,True,True,True,included,high,Q1.1–Q1.3 all pass,DOMAIN_PASS_JOURNAL_OUTLET,management journal/outlet match,ULMC_PASS_EMPIRICAL,empirical ULMC detected (ulmc_signals=1),PLS_PASS_NOT_DETECTED,no PLS-SEM detected,INCLUDE_ALL_CRITERIA_PASS,Q1.1 PASS (DOMAIN_PASS_JOURNAL_OUTLET): management journal/outlet match. Q1.2 PASS (ULMC_PASS_EMPIRICAL): empirical ULMC detected (ulmc_signals=1). Q1.3 PASS (PLS_PASS_NOT_DETECTED): no PLS-SEM detected. Decision: included — all Level 1 criteria pass.,ulmc,"or the observed covariation among the indicators. Adding an unmeasured latent method factor did not meaningfully improve fit (∆CFI < 0.01), suggesting",EBSCO_M0208_Lee_2026_When_Choice_Disappears_Perceived_Coercion_and_Av.txt
M0209,28,How Does Human-Robot Collaboration Affect Hotel Employees' Proactive Behavior?,level1_fail,True,False,True,excluded,medium,Q1.2: Harman primary CMV test; ULMC mention insufficient,DOMAIN_PASS_JOURNAL_OUTLET,management journal/outlet match,ULMC_FAIL_HARMAN_ONLY,Harman primary CMV test; ULMC mention insufficient,PLS_PASS_NOT_DETECTED,no PLS-SEM detected,EXCLUDE_Q1_2_ULMC,Q1.1 PASS (DOMAIN_PASS_JOURNAL_OUTLET): management journal/outlet match. Q1.2 FAIL (ULMC_FAIL_HARMAN_ONLY): Harman primary CMV test; ULMC mention insufficient. Q1.3 PASS (PLS_PASS_NOT_DETECTED): no PLS-SEM detected. Decision: excluded — Level 1 eligibility fail.,ulmc,"duce common method bias. Therefore, this study conducted a Harman single-factor test to examine this issue. The results indicated that the",EBSCO_M0209_Li_2025_How_Does_Human-Robot_Collaboration_Affect_Hotel.txt
M0210,29,Green information systems efforts and SMEs' environmental and financial performance: how do eco-management practices shape the story?,included,True,True,True,included,medium,Q1.1–Q1.3 all pass,DOMAIN_PASS_KEYWORDS_METADATA,management-domain keywords in metadata (n=1),ULMC_PASS_EMPIRICAL,empirical ULMC detected (ulmc_signals=2),PLS_PASS_NOT_DETECTED,no PLS-SEM detected,INCLUDE_ALL_CRITERIA_PASS,Q1.1 PASS (DOMAIN_PASS_KEYWORDS_METADATA): management-domain keywords in metadata (n=1). Q1.2 PASS (ULMC_PASS_EMPIRICAL): empirical ULMC detected (ulmc_signals=2). Q1.3 PASS (PLS_PASS_NOT_DETECTED): no PLS-SEM detected. Decision: included — all Level 1 criteria pass.,ulmc,xamined the five-factor measurement model (Table 3) with an unmeasured latent method factor added. Within the framework of unmeasured latent factor mod,EBSCO_M0210_Uzkurt_2023_Green_information_systems_efforts_and_SMEs_envir.txt
M0211,30,The Dark Side of Employee's Leadership Potential: Its Impact on Leader Jealousy and Ostracism.,included,True,True,True,included,medium,Q1.1–Q1.3 all pass,DOMAIN_PASS_KEYWORDS_METADATA,management-domain keywords in metadata (n=4),ULMC_PASS_EMPIRICAL,empirical ULMC detected (ulmc_signals=1),PLS_PASS_NOT_DETECTED,no PLS-SEM detected,INCLUDE_ALL_CRITERIA_PASS,Q1.1 PASS (DOMAIN_PASS_KEYWORDS_METADATA): management-domain keywords in metadata (n=4). Q1.2 PASS (ULMC_PASS_EMPIRICAL): empirical ULMC detected (ulmc_signals=1). Q1.3 PASS (PLS_PASS_NOT_DETECTED): no PLS-SEM detected. Decision: included — all Level 1 criteria pass.,ulmc,"to be a significant concern. Additionally, we employed the unmeasured latent method factor technique by integrating a method factor into the hypothesi",EBSCO_M0211_G._2025_The_Dark_Side_of_Employees_Leadership_Potential.txt
M0212,31,Do Resilience and Performance Goals Mediate the Relationship Between Parental Educational Support and Chinese High School Students' Self‐Regulated Learning? ‐ Based on the Social Cognitive Theory.,excluded_pls,True,True,False,excluded_pls,low,PLS-SEM excluded (Q1.3): PLS-SEM estimation detected; domain=True; ulmc=True,DOMAIN_BORDERLINE_STUDENT_SAMPLE,Student sample — verify workplace/organizational relevance,ULMC_PASS_EMPIRICAL,empirical ULMC detected (ulmc_signals=2),PLS_FAIL_SEM_DETECTED,PLS-SEM estimation detected,EXCLUDE_Q1_3_PLS,Q1.1 PASS (DOMAIN_BORDERLINE_STUDENT_SAMPLE): Student sample — verify workplace/organizational relevance. Q1.2 PASS (ULMC_PASS_EMPIRICAL): empirical ULMC detected (ulmc_signals=2). Q1.3 FAIL (PLS_FAIL_SEM_DETECTED): PLS-SEM estimation detected. Decision: excluded_pls — PLS-SEM detected (Q1.3 fail); not a hard reject of domain/ULMC.,pls,"2020.101860. Sarstedt, M., C. Ringle, and J. F. Hair. 2017. Partial Least Squares Structural Equation Modeling. Springer. Schunk, D. H. 1981.",EBSCO_M0212_Zhang_2024_Psychology_in_the_Schools_RESEARCH_ARTICLE_Do_Re.txt
M0213,32,The impact of corporate social responsibility on employee safety citizenship behavior in Chinese gas sector.,included,True,True,True,included,medium,Q1.1–Q1.3 all pass,DOMAIN_PASS_KEYWORDS_METADATA,management-domain keywords in metadata (n=3),ULMC_PASS_EMPIRICAL,empirical ULMC detected (ulmc_signals=1),PLS_PASS_NOT_DETECTED,no PLS-SEM detected,INCLUDE_ALL_CRITERIA_PASS,Q1.1 PASS (DOMAIN_PASS_KEYWORDS_METADATA): management-domain keywords in metadata (n=3). Q1.2 PASS (ULMC_PASS_EMPIRICAL): empirical ULMC detected (ulmc_signals=1). Q1.3 PASS (PLS_PASS_NOT_DETECTED): no PLS-SEM detected. Decision: included — all Level 1 criteria pass.,ulmc,"hich is below the critical value of 40%. Second, using the unmeasured latent method factor technique, the result revealed that the fit indices did no",EBSCO_M0213_Guosen Miao_2025_The_impact_of_corporate_social_responsibility_on.txt
M0214,33,Predictors of higher education dropout intention in the post-pandemic era: The mediating role of academic exhaustion.,included,True,True,True,included,medium,Q1.1–Q1.3 all pass,DOMAIN_BORDERLINE_STUDENT_SAMPLE,Student sample — verify workplace/organizational relevance,ULMC_PASS_EMPIRICAL,empirical ULMC detected (ulmc_signals=1),PLS_PASS_NOT_DETECTED,no PLS-SEM detected,INCLUDE_ALL_CRITERIA_PASS,Q1.1 PASS (DOMAIN_BORDERLINE_STUDENT_SAMPLE): Student sample — verify workplace/organizational relevance. Q1.2 PASS (ULMC_PASS_EMPIRICAL): empirical ULMC detected (ulmc_signals=1). Q1.3 PASS (PLS_PASS_NOT_DETECTED): no PLS-SEM detected. Decision: included — all Level 1 criteria pass.,ulmc,"n method bias, we tested an alternative model including an unmeasured latent method factor (ULMF), following the procedure recommended by Podsakoff et",EBSCO_M0214_Gonzalez_2025_Predictors_of_higher_education_dropout_intention.txt
M0215,34,"Back to Work, Running on Empty? How Recovery Needs and Perceived Organizational Support Shape Employees' Vigor Upon Return to Work.",included,True,True,True,included,high,Q1.1–Q1.3 all pass,DOMAIN_PASS_JOURNAL_OUTLET,management journal/outlet match,ULMC_PASS_EMPIRICAL,empirical ULMC detected (ulmc_signals=2),PLS_PASS_NOT_DETECTED,no PLS-SEM detected,INCLUDE_ALL_CRITERIA_PASS,Q1.1 PASS (DOMAIN_PASS_JOURNAL_OUTLET): management journal/outlet match. Q1.2 PASS (ULMC_PASS_EMPIRICAL): empirical ULMC detected (ulmc_signals=2). Q1.3 PASS (PLS_PASS_NOT_DETECTED): no PLS-SEM detected. Decision: included — all Level 1 criteria pass.,ulmc,"n method bias, we specified a six-factor model including an unmeasured latent method factor (Model 6). The fit indices for this model (χ2 = 1882.530, χ",EBSCO_M0215_to Work. Behavioral Sciences_2025_Back_to_Work_Running_on_Empty_How_Recovery_Needs.txt
M0216,35,Corporate Social Responsibility and Work Engagement: A Moderated Serial Mediation Model.,included,True,True,True,included,medium,Q1.1–Q1.3 all pass,DOMAIN_PASS_KEYWORDS_METADATA,management-domain keywords in metadata (n=4),ULMC_PASS_EMPIRICAL,empirical ULMC detected (ulmc_signals=1),PLS_PASS_NOT_DETECTED,no PLS-SEM detected,INCLUDE_ALL_CRITERIA_PASS,Q1.1 PASS (DOMAIN_PASS_KEYWORDS_METADATA): management-domain keywords in metadata (n=4). Q1.2 PASS (ULMC_PASS_EMPIRICAL): empirical ULMC detected (ulmc_signals=1). Q1.3 PASS (PLS_PASS_NOT_DETECTED): no PLS-SEM detected. Decision: included — all Level 1 criteria pass.,ulmc,"ng that CMV was not a major concern. Moreover, we used the unmeasured latent method factor technique (Podsakoff et al. 2012) to examine this issue wi",EBSCO_M0216_Lv_2023_Corporate_Social_Responsibility_and_Work_Engagem.txt
M0217,36,The Impact of Stigma on Autonomous Motivation Among Psychiatric Hospital Staff in China: The Mediating Role of Turnover Intention.,included,True,True,True,included,high,Q1.1–Q1.3 all pass,DOMAIN_PASS_JOURNAL_OUTLET,management journal/outlet match,ULMC_PASS_EMPIRICAL,empirical ULMC detected (ulmc_signals=3),PLS_PASS_NOT_DETECTED,no PLS-SEM detected,INCLUDE_ALL_CRITERIA_PASS,Q1.1 PASS (DOMAIN_PASS_JOURNAL_OUTLET): management journal/outlet match. Q1.2 PASS (ULMC_PASS_EMPIRICAL): empirical ULMC detected (ulmc_signals=3). Q1.3 PASS (PLS_PASS_NOT_DETECTED): no PLS-SEM detected. Decision: included — all Level 1 criteria pass.,ulmc,"al nature of the data, potential CMB was assessed using the unmeasured latent method factor (ULMC) approach [33]. A CLF was added to the baseline measu",EBSCO_M0217_Yin_2025_The_Impact_of_Stigma_on_Autonomous_Motivation_Am.txt
M0218,37,Approach or Avoidance: How Does Employees' Generative AI Awareness Shape Their Job Crafting Behavior? A Sensemaking Perspective.,included,True,True,True,included,medium,Q1.1–Q1.3 all pass,DOMAIN_PASS_KEYWORDS_METADATA,management-domain keywords in metadata (n=5),ULMC_PASS_EMPIRICAL,empirical ULMC detected (ulmc_signals=2),PLS_PASS_NOT_DETECTED,no PLS-SEM detected,INCLUDE_ALL_CRITERIA_PASS,Q1.1 PASS (DOMAIN_PASS_KEYWORDS_METADATA): management-domain keywords in metadata (n=5). Q1.2 PASS (ULMC_PASS_EMPIRICAL): empirical ULMC detected (ulmc_signals=2). Q1.3 PASS (PLS_PASS_NOT_DETECTED): no PLS-SEM detected. Decision: included — all Level 1 criteria pass.,ulmc,"ng that CMB was not a major concern. Second, we applied the unmeasured latent method factor control (ULMC) by adding an error variable factor to the se",EBSCO_M0218_Yan_2025_Approach_or_Avoidance_How_Does_Employees_Generat.txt
M0219,38,From physical self-esteem to sports participation: The mediating role of exercise motivation and social support in adolescents.,included,True,True,True,included,medium,Q1.1–Q1.3 all pass,DOMAIN_PASS_KEYWORDS_METADATA,management-domain keywords in metadata (n=1),ULMC_PASS_EMPIRICAL,empirical ULMC detected (ulmc_signals=2),PLS_PASS_NOT_DETECTED,no PLS-SEM detected,INCLUDE_ALL_CRITERIA_PASS,Q1.1 PASS (DOMAIN_PASS_KEYWORDS_METADATA): management-domain keywords in metadata (n=1). Q1.2 PASS (ULMC_PASS_EMPIRICAL): empirical ULMC detected (ulmc_signals=2). Q1.3 PASS (PLS_PASS_NOT_DETECTED): no PLS-SEM detected. Decision: included — all Level 1 criteria pass.,ulmc,"assess potential common method bias (CMB), we employed the Unmeasured Latent Method Construct (ULMC) approach within a structural equation modeling (SEM",EBSCO_M0219_Peng_2025_From_physical_self-esteem_to_sports_participatio.txt
M0220,39,Proactive Breakthrough or Passive Exhaustion? A Dual-Path Integrated Model Driven by Perceived Overqualification.,included,True,True,True,included,medium,Q1.1–Q1.3 all pass,DOMAIN_PASS_KEYWORDS_METADATA,management-domain keywords in metadata (n=3),ULMC_PASS_EMPIRICAL,empirical ULMC detected (ulmc_signals=1),PLS_PASS_NOT_DETECTED,no PLS-SEM detected,INCLUDE_ALL_CRITERIA_PASS,Q1.1 PASS (DOMAIN_PASS_KEYWORDS_METADATA): management-domain keywords in metadata (n=3). Q1.2 PASS (ULMC_PASS_EMPIRICAL): empirical ULMC detected (ulmc_signals=1). Q1.3 PASS (PLS_PASS_NOT_DETECTED): no PLS-SEM detected. Decision: included — all Level 1 criteria pass.,ulmc,"us common method bias. Furthermore, this study conducted an unmeasured latent method factor test by adding a common method factor to compare the model",EBSCO_M0220_Fan_2025_Proactive_Breakthrough_or_Passive_Exhaustion_A_D.txt
M0221,40,Coping Responses to the Stress of Using News Platforms' Recommendation Algorithms.,excluded_pls,True,True,False,excluded_pls,medium,PLS-SEM excluded (Q1.3): PLS-SEM estimation detected; domain=True; ulmc=True,DOMAIN_PASS_KEYWORDS_METADATA,management-domain keywords in metadata (n=1),ULMC_PASS_EMPIRICAL,empirical ULMC detected (ulmc_signals=2),PLS_FAIL_SEM_DETECTED,PLS-SEM estimation detected,EXCLUDE_Q1_3_PLS,Q1.1 PASS (DOMAIN_PASS_KEYWORDS_METADATA): management-domain keywords in metadata (n=1). Q1.2 PASS (ULMC_PASS_EMPIRICAL): empirical ULMC detected (ulmc_signals=2). Q1.3 FAIL (PLS_FAIL_SEM_DETECTED): PLS-SEM estimation detected. Decision: excluded_pls — PLS-SEM detected (Q1.3 fail); not a hard reject of domain/ULMC.,pls,". https:// doi.org/10.1002/cb.1947 Chin, W. W. (1998). The partial least squares approach to structural equation modeling. Modern Methods f",EBSCO_M0221_Yang_2023_Coping_Responses_to_the_Stress_of_Using_News_Pla.txt
M0222,41,Men’s experiences of family supportive supervisor behavior through the lens of gender role traditionalism and nation of residence.,included,True,True,True,included,medium,Q1.1–Q1.3 all pass,DOMAIN_PASS_KEYWORDS_METADATA,management-domain keywords in metadata (n=5),ULMC_PASS_EMPIRICAL,empirical ULMC detected (ulmc_signals=1),PLS_PASS_NOT_DETECTED,no PLS-SEM detected,INCLUDE_ALL_CRITERIA_PASS,Q1.1 PASS (DOMAIN_PASS_KEYWORDS_METADATA): management-domain keywords in metadata (n=5). Q1.2 PASS (ULMC_PASS_EMPIRICAL): empirical ULMC detected (ulmc_signals=1). Q1.3 PASS (PLS_PASS_NOT_DETECTED): no PLS-SEM detected. Decision: included — all Level 1 criteria pass.,ulmc,"tory factor analysis controlling for the eﬀects of a single unmeasured latent method factor (Podsakoﬀet al., 2003) with all items loading in an eight-f",EBSCO_M0222_Kristine J. Olsona_2023_Mens_experiences_of_family_supportive_supervisor.txt
M0223,42,Coping in the Face of Verbal Aggression: The Role of Self-Efficacy in Protecting Healthcare Professionals' Well-Being and Job Satisfaction.,included,True,True,True,included,high,Q1.1–Q1.3 all pass,DOMAIN_PASS_JOURNAL_OUTLET,management journal/outlet match,ULMC_PASS_EMPIRICAL,empirical ULMC detected (ulmc_signals=1),PLS_PASS_NOT_DETECTED,no PLS-SEM detected,INCLUDE_ALL_CRITERIA_PASS,Q1.1 PASS (DOMAIN_PASS_JOURNAL_OUTLET): management journal/outlet match. Q1.2 PASS (ULMC_PASS_EMPIRICAL): empirical ULMC detected (ulmc_signals=1). Q1.3 PASS (PLS_PASS_NOT_DETECTED): no PLS-SEM detected. Decision: included — all Level 1 criteria pass.,ulmc,"ticularly significant explanatory power. Further- more, the unmeasured latent method factor accounted for 3.92% of the total variance, which is signifi",EBSCO_M0223_Behavioral Sciences_2025_Coping_in_the_Face_of_Verbal_Aggression_The_Role.txt
M0224,43,The psychological mechanisms and behavioral determinants of academic integrity in the age of artificial intelligence.,excluded_pls,True,True,False,excluded_pls,low,PLS-SEM excluded (Q1.3): PLS-SEM estimation detected; domain=True; ulmc=True,DOMAIN_BORDERLINE_STUDENT_SAMPLE,Student sample — verify workplace/organizational relevance,ULMC_PASS_EMPIRICAL,empirical ULMC detected (ulmc_signals=1),PLS_FAIL_SEM_DETECTED,PLS-SEM estimation detected,EXCLUDE_Q1_3_PLS,Q1.1 PASS (DOMAIN_BORDERLINE_STUDENT_SAMPLE): Student sample — verify workplace/organizational relevance. Q1.2 PASS (ULMC_PASS_EMPIRICAL): empirical ULMC detected (ulmc_signals=1). Q1.3 FAIL (PLS_FAIL_SEM_DETECTED): PLS-SEM estimation detected. Decision: excluded_pls — PLS-SEM detected (Q1.3 fail); not a hard reject of domain/ULMC.,pls,"and academic achievement in college students: ﬁndings from PLS-SEM and FsQCA. Educ. Inf. Technol. 30, 21283–21316. doi: 10.100",EBSCO_M0224_Yilmaz_2026_The_psychological_mechanisms_and_behavioral_dete.txt
M0225,44,Positive parenting style and academic burnout in physical education teacher education students: a chain mediating model of physical activity and meaning in life.,level1_fail,False,False,True,excluded,low,Q1.1: no management-domain signal; flag for manual review; Q1.2: non-empirical study (meta[- ]analy),DOMAIN_FAIL_NO_SIGNAL,no management-domain signal; flag for manual review,ULMC_FAIL_NON_EMPIRICAL,non-empirical study (meta[- ]analy),PLS_PASS_NOT_DETECTED,no PLS-SEM detected,EXCLUDE_Q1_1_DOMAIN,Q1.1 FAIL (DOMAIN_FAIL_NO_SIGNAL): no management-domain signal; flag for manual review. Q1.2 FAIL (ULMC_FAIL_NON_EMPIRICAL): non-empirical study (meta[- ]analy). Q1.3 PASS (PLS_PASS_NOT_DETECTED): no PLS-SEM detected. Decision: excluded — Level 1 eligibility fail.,marker,"hina, 4College of Physical Education and Health Management, Chongqing University of Education, Chongqing, China, 5School of Sports Trainin",EBSCO_M0225_Ma_2026_Positive_parenting_style_and_academic_burnout_in.txt
M0226,45,"Beyond prompt engineering: the associations among creative self-efficacy, flow state, learner engagement, and psychological ownership in GenAI-assisted composition.",level1_fail,False,True,True,excluded,low,Q1.1: no management-domain signal; flag for manual review,DOMAIN_FAIL_NO_SIGNAL,no management-domain signal; flag for manual review,ULMC_PASS_EMPIRICAL,empirical ULMC detected (ulmc_signals=1),PLS_PASS_NOT_DETECTED,no PLS-SEM detected,EXCLUDE_Q1_1_DOMAIN,Q1.1 FAIL (DOMAIN_FAIL_NO_SIGNAL): no management-domain signal; flag for manual review. Q1.2 PASS (ULMC_PASS_EMPIRICAL): empirical ULMC detected (ulmc_signals=1). Q1.3 PASS (PLS_PASS_NOT_DETECTED): no PLS-SEM detected. Decision: excluded — Level 1 eligibility fail.,ulmc,"musical training, aspirations to compose original works have frequently been Tong 10.3389/fpsyg.2026.1823846 Frontiers in Psycholog",EBSCO_M0226_Tong_2026_Beyond_prompt_engineering_the_associations_among.txt
M0227,46,From overqualification to job crafting: how illegitimate tasks and moral distress shape physicians' self-regulation.,level1_fail,True,False,True,excluded,medium,Q1.2: marker-variable approach; ULMC mention insufficient,DOMAIN_PASS_KEYWORDS_METADATA,management-domain keywords in metadata (n=1),ULMC_FAIL_MARKER_ONLY,marker-variable approach; ULMC mention insufficient,PLS_PASS_NOT_DETECTED,no PLS-SEM detected,EXCLUDE_Q1_2_ULMC,Q1.1 PASS (DOMAIN_PASS_KEYWORDS_METADATA): management-domain keywords in metadata (n=1). Q1.2 FAIL (ULMC_FAIL_MARKER_ONLY): marker-variable approach; ULMC mention insufficient. Q1.3 PASS (PLS_PASS_NOT_DETECTED): no PLS-SEM detected. Decision: excluded — Level 1 eligibility fail.,ulmc,"d bias. The study did not include a theoretically unrelated marker variable, so marker-variable correction could not be applied. Future",EBSCO_M0227_Li_2026_From_overqualification_to_job_crafting_how_illeg.txt
M0228,47,Core self-evaluation and learning burnout among first-year medical students: a three-wave longitudinal study on the mediating roles of anxiety-related distress and problematic digital media use.,level1_fail,False,True,True,excluded,medium,Q1.1: non-management domain keywords (exclude list),DOMAIN_FAIL_EXCLUDE_KEYWORDS,non-management domain keywords (exclude list),ULMC_PASS_EMPIRICAL,empirical ULMC detected (ulmc_signals=1),PLS_PASS_NOT_DETECTED,no PLS-SEM detected,EXCLUDE_Q1_1_DOMAIN,Q1.1 FAIL (DOMAIN_FAIL_EXCLUDE_KEYWORDS): non-management domain keywords (exclude list). Q1.2 PASS (ULMC_PASS_EMPIRICAL): empirical ULMC detected (ulmc_signals=1). Q1.3 PASS (PLS_PASS_NOT_DETECTED): no PLS-SEM detected. Decision: excluded — Level 1 eligibility fail.,ulmc,"rnout, problematic digital media use Frontiers in Medicine 01 frontiersin.org Yang et al. 10.3389/fmed.2026.1818069 1 Introduction In",EBSCO_M0228_Yang_2026_Core_self-evaluation_and_learning_burnout_among.txt
M0229,48,Workplace ostracism and political behavior: a moderated mediation model of moral disengagement and supervisor-rated job performance.,included,True,True,True,included,medium,Q1.1–Q1.3 all pass,DOMAIN_PASS_KEYWORDS_METADATA,management-domain keywords in metadata (n=6),ULMC_PASS_EMPIRICAL,empirical ULMC detected (ulmc_signals=1),PLS_PASS_NOT_DETECTED,no PLS-SEM detected,INCLUDE_ALL_CRITERIA_PASS,Q1.1 PASS (DOMAIN_PASS_KEYWORDS_METADATA): management-domain keywords in metadata (n=6). Q1.2 PASS (ULMC_PASS_EMPIRICAL): empirical ULMC detected (ulmc_signals=1). Q1.3 PASS (PLS_PASS_NOT_DETECTED): no PLS-SEM detected. Decision: included — all Level 1 criteria pass.,ulmc,"2, SRMR = 0.139). In addition, this study also employed the unmeasured latent method factor approach to test for common method bias. After incorporatin",EBSCO_M0229_Yu_2026_Workplace_ostracism_and_political_behavior_a_mod.txt
M0230,49,The mechanism of chained psychological resources: the pathway of influence of mood states on executive function in art major candidates.,level1_fail,False,True,True,excluded,low,Q1.1: no management-domain signal; flag for manual review,DOMAIN_FAIL_NO_SIGNAL,no management-domain signal; flag for manual review,ULMC_PASS_EMPIRICAL,empirical ULMC detected (ulmc_signals=1),PLS_PASS_NOT_DETECTED,no PLS-SEM detected,EXCLUDE_Q1_1_DOMAIN,Q1.1 FAIL (DOMAIN_FAIL_NO_SIGNAL): no management-domain signal; flag for manual review. Q1.2 PASS (ULMC_PASS_EMPIRICAL): empirical ULMC detected (ulmc_signals=1). Q1.3 PASS (PLS_PASS_NOT_DETECTED): no PLS-SEM detected. Decision: excluded — Level 1 eligibility fail.,ulmc,"must constantly alternate between academic coursework and high- intensity specialized training, creating unique academic and psycho",EBSCO_M0230_Ji_2026_The_mechanism_of_chained_psychological_resources.txt
M0231,50,Beyond words: developing a scale to measure the embodied professional literacy of K-12 physical education teachers.,excluded_pls,False,True,False,excluded_pls,medium,PLS-SEM excluded (Q1.3): PLS-SEM estimation detected; domain=False; ulmc=True,DOMAIN_FAIL_EXCLUDE_KEYWORDS,non-management domain keywords (exclude list),ULMC_PASS_EMPIRICAL,empirical ULMC detected (ulmc_signals=2),PLS_FAIL_SEM_DETECTED,PLS-SEM estimation detected,EXCLUDE_Q1_3_PLS,Q1.1 FAIL (DOMAIN_FAIL_EXCLUDE_KEYWORDS): non-management domain keywords (exclude list). Q1.2 PASS (ULMC_PASS_EMPIRICAL): empirical ULMC detected (ulmc_signals=2). Q1.3 FAIL (PLS_FAIL_SEM_DETECTED): PLS-SEM estimation detected. Decision: excluded_pls — PLS-SEM detected (Q1.3 fail); not a hard reject of domain/ULMC.,pls,"741560 0891 Kock, N. (2021). Harman’s single factor test in PLS-SEM: checking for common method bias. Data Anal. Perspect. J. 2",EBSCO_M0231_Li_2026_Beyond_words_developing_a_scale_to_measure_the_e.txt
M0232,51,Status and influencing factors of spiritual climate among oncology nurses: a cross-sectional study.,level1_fail,True,False,True,excluded,medium,Q1.2: marker-variable approach; ULMC mention insufficient,DOMAIN_PASS_KEYWORDS_METADATA,management-domain keywords in metadata (n=4),ULMC_FAIL_MARKER_ONLY,marker-variable approach; ULMC mention insufficient,PLS_PASS_NOT_DETECTED,no PLS-SEM detected,EXCLUDE_Q1_2_ULMC,Q1.1 PASS (DOMAIN_PASS_KEYWORDS_METADATA): management-domain keywords in metadata (n=4). Q1.2 FAIL (ULMC_FAIL_MARKER_ONLY): marker-variable approach; ULMC mention insufficient. Q1.3 PASS (PLS_PASS_NOT_DETECTED): no PLS-SEM detected. Decision: excluded — Level 1 eligibility fail.,ulmc,"es, such as the unmeasured latent method factor approach or marker variables. Fifth, the inability to compare respondents with non-resp",EBSCO_M0232_Zhang_2026_Status_and_influencing_factors_of_spiritual_clim.txt
M0233,52,The cognitive engine of evaluative threat: socially prescribed perfectionism and Music Performance Anxiety—a moderated mediation analysis of rumination and self-compassion.,included,True,True,True,included,medium,Q1.1–Q1.3 all pass,DOMAIN_PASS_KEYWORDS_METADATA,management-domain keywords in metadata (n=1),ULMC_PASS_EMPIRICAL,empirical ULMC detected (ulmc_signals=1),PLS_PASS_NOT_DETECTED,no PLS-SEM detected,INCLUDE_ALL_CRITERIA_PASS,Q1.1 PASS (DOMAIN_PASS_KEYWORDS_METADATA): management-domain keywords in metadata (n=1). Q1.2 PASS (ULMC_PASS_EMPIRICAL): empirical ULMC detected (ulmc_signals=1). Q1.3 PASS (PLS_PASS_NOT_DETECTED): no PLS-SEM detected. Decision: included — all Level 1 criteria pass.,ulmc,"imitations of Harman’s single-factor test, we employed the Unmeasured Latent Method Factor (ULMF) approach within the Confirmatory Factor Analysis (C",EBSCO_M0233_Yan_2026_The_cognitive_engine_of_evaluative_threat_social.txt
M0234,53,"Analysis of hospital resilience in public health emergencies using structural equation modeling: based on risk perception, resource preparedness, and team collaboration.",included,True,True,True,included,medium,Q1.1–Q1.3 all pass,DOMAIN_BORDERLINE_PUBLIC_HEALTH,Public health / epidemics framing — verify management-domain scope,ULMC_PASS_EMPIRICAL,empirical ULMC detected (ulmc_signals=2),PLS_PASS_NOT_DETECTED,no PLS-SEM detected,INCLUDE_ALL_CRITERIA_PASS,Q1.1 PASS (DOMAIN_BORDERLINE_PUBLIC_HEALTH): Public health / epidemics framing — verify management-domain scope. Q1.2 PASS (ULMC_PASS_EMPIRICAL): empirical ULMC detected (ulmc_signals=2). Q1.3 PASS (PLS_PASS_NOT_DETECTED): no PLS-SEM detected. Decision: included — all Level 1 criteria pass.,ulmc,le single-factor/common-method comparison model. M6 adds an unmeasured latent method factor loading on all indicators to evaluate potential common met,EBSCO_M0234_Chen_2026_Analysis_of_hospital_resilience_in_public_health.txt
M0235,54,Unpacking the impact of teacher support on EAP-related perceived academic achievement in EMI context: the mediating role of self-efficacy and academic engagement.,excluded_pls,False,False,False,excluded_pls,low,PLS-SEM excluded (Q1.3): PLS-SEM estimation detected; domain=False; ulmc=False,DOMAIN_FAIL_NO_SIGNAL,no management-domain signal; flag for manual review,ULMC_FAIL_NON_EMPIRICAL,non-empirical study (meta[- ]analy),PLS_FAIL_SEM_DETECTED,PLS-SEM estimation detected,EXCLUDE_Q1_3_PLS,Q1.1 FAIL (DOMAIN_FAIL_NO_SIGNAL): no management-domain signal; flag for manual review. Q1.2 FAIL (ULMC_FAIL_NON_EMPIRICAL): non-empirical study (meta[- ]analy). Q1.3 FAIL (PLS_FAIL_SEM_DETECTED): PLS-SEM estimation detected. Decision: excluded_pls — PLS-SEM detected (Q1.3 fail); not a hard reject of domain/ULMC.,pls,"C. M., and Mena, J. A. (2012). An assessment of the use of partial least squares structural equation modeling in marketing research. J. Acad",EBSCO_M0235_Theory_2026_Unpacking_the_impact_of_teacher_support_on_EAP-r.txt
M0236,55,The relationship between shyness and short video addiction among college students: chain mediating role of social support and basic psychological needs.,level1_fail,False,True,True,excluded,low,Q1.1: no management-domain signal; flag for manual review,DOMAIN_FAIL_NO_SIGNAL,no management-domain signal; flag for manual review,ULMC_PASS_EMPIRICAL,empirical ULMC detected (ulmc_signals=1),PLS_PASS_NOT_DETECTED,no PLS-SEM detected,EXCLUDE_Q1_1_DOMAIN,Q1.1 FAIL (DOMAIN_FAIL_NO_SIGNAL): no management-domain signal; flag for manual review. Q1.2 PASS (ULMC_PASS_EMPIRICAL): empirical ULMC detected (ulmc_signals=1). Q1.3 PASS (PLS_PASS_NOT_DETECTED): no PLS-SEM detected. Decision: excluded — Level 1 eligibility fail.,ulmc,,EBSCO_M0236_Bu_2026_The_relationship_between_shyness_and_short_video.txt
M0237,56,When artificial intelligence becomes a job resource: how psychological capital fuels innovation in algorithm-driven workplaces.,included,True,True,True,included,medium,Q1.1–Q1.3 all pass,DOMAIN_PASS_KEYWORDS_METADATA,management-domain keywords in metadata (n=5),ULMC_PASS_EMPIRICAL,empirical ULMC detected (ulmc_signals=3),PLS_PASS_NOT_DETECTED,no PLS-SEM detected,INCLUDE_ALL_CRITERIA_PASS,Q1.1 PASS (DOMAIN_PASS_KEYWORDS_METADATA): management-domain keywords in metadata (n=5). Q1.2 PASS (ULMC_PASS_EMPIRICAL): empirical ULMC detected (ulmc_signals=3). Q1.3 PASS (PLS_PASS_NOT_DETECTED): no PLS-SEM detected. Decision: included — all Level 1 criteria pass.,ulmc,"ulti- source data. To assess the impact of CMB, we used the unmeasured latent method factor (ULMC) model. The results showed that the normal­ ized load",EBSCO_M0237_Liu_2026_When_artificial_intelligence_becomes_a_job_resou.txt
M0238,57,A Bayesian analysis of determinants of open science utilization among Gen Z students in Vietnamese universities challenges digital native assumptions.,included,True,True,True,included,medium,Q1.1–Q1.3 all pass,DOMAIN_BORDERLINE_STUDENT_SAMPLE,Student sample — verify workplace/organizational relevance,ULMC_PASS_EMPIRICAL,empirical ULMC detected (ulmc_signals=1),PLS_PASS_NOT_DETECTED,no PLS-SEM detected,INCLUDE_ALL_CRITERIA_PASS,Q1.1 PASS (DOMAIN_BORDERLINE_STUDENT_SAMPLE): Student sample — verify workplace/organizational relevance. Q1.2 PASS (ULMC_PASS_EMPIRICAL): empirical ULMC detected (ulmc_signals=1). Q1.3 PASS (PLS_PASS_NOT_DETECTED): no PLS-SEM detected. Decision: included — all Level 1 criteria pass.,ulmc,"red influence across all observed items. Unlike a standard Unmeasured Latent Method Factor (ULMF), which can suffer from convergence failure in compl",EBSCO_M0238_Williams_2026_RESEARCH.txt
M0239,58,"The relationship between mindfulness, self-control, and short video addiction among medical students.",level1_fail,False,True,True,excluded,medium,Q1.1: non-management domain in PDF intro,DOMAIN_FAIL_EXCLUDE_INTRO,non-management domain in PDF intro,ULMC_PASS_EMPIRICAL,empirical ULMC detected (ulmc_signals=2),PLS_PASS_NOT_DETECTED,no PLS-SEM detected,EXCLUDE_Q1_1_DOMAIN,Q1.1 FAIL (DOMAIN_FAIL_EXCLUDE_INTRO): non-management domain in PDF intro. Q1.2 PASS (ULMC_PASS_EMPIRICAL): empirical ULMC detected (ulmc_signals=2). Q1.3 PASS (PLS_PASS_NOT_DETECTED): no PLS-SEM detected. Decision: excluded — Level 1 eligibility fail.,ulmc,", Quanmin Wu2* and Pengchong Shi3* 1The School of Nursing, Fujian Medical University, Fuzhou, Fujian, China, 2Clinical Skills Center, Fuj",EBSCO_M0239_Luo_2026_The_relationship_between_mindfulness_self-contro.txt
M0240,59,The impact of shipping practitioners' low-carbon transition cognition on corporate green practices: a moderated mediation model.,included,True,True,True,included,high,Q1.1–Q1.3 all pass,DOMAIN_PASS_JOURNAL_OUTLET,management journal/outlet match,ULMC_PASS_EMPIRICAL,empirical ULMC detected (ulmc_signals=2),PLS_PASS_NOT_DETECTED,no PLS-SEM detected,INCLUDE_ALL_CRITERIA_PASS,Q1.1 PASS (DOMAIN_PASS_JOURNAL_OUTLET): management journal/outlet match. Q1.2 PASS (ULMC_PASS_EMPIRICAL): empirical ULMC detected (ulmc_signals=2). Q1.3 PASS (PLS_PASS_NOT_DETECTED): no PLS-SEM detected. Decision: included — all Level 1 criteria pass.,ulmc,"thod bias is assessed with Harman’s single- factor test and unmeasured latent method factor test. Second, reliability is assessed with Cronbach’s a and",EBSCO_M0240_Tianjiao Li_2026_The_impact_of_shipping_practitioners_low-carbon.txt
M0241,60,From physical workplaces to virtual communities: extending the job embeddedness construct and predicting digital makers' continuance participation.,included,True,True,True,included,medium,Q1.1–Q1.3 all pass,DOMAIN_PASS_KEYWORDS_METADATA,management-domain keywords in metadata (n=4),ULMC_PASS_EMPIRICAL,empirical ULMC detected (ulmc_signals=1),PLS_PASS_NOT_DETECTED,no PLS-SEM detected,INCLUDE_ALL_CRITERIA_PASS,Q1.1 PASS (DOMAIN_PASS_KEYWORDS_METADATA): management-domain keywords in metadata (n=4). Q1.2 PASS (ULMC_PASS_EMPIRICAL): empirical ULMC detected (ulmc_signals=1). Q1.3 PASS (PLS_PASS_NOT_DETECTED): no PLS-SEM detected. Decision: included — all Level 1 criteria pass.,ulmc,bias was tested using Harman’s single-factor test and the unmeasured latent method factor test. The Harman’s single-factor test showed that the firs,EBSCO_M0241_Bi_2026_From_physical_workplaces_to_virtual_communities.txt
M0242,61,The association between academic self-esteem and college students' positive psychological qualities: the mediating role of general self-efficacy.,level1_fail,True,False,True,excluded,medium,Q1.2: marker-variable approach; ULMC mention insufficient,DOMAIN_BORDERLINE_STUDENT_SAMPLE,Student sample — verify workplace/organizational relevance,ULMC_FAIL_MARKER_ONLY,marker-variable approach; ULMC mention insufficient,PLS_PASS_NOT_DETECTED,no PLS-SEM detected,EXCLUDE_Q1_2_ULMC,Q1.1 PASS (DOMAIN_BORDERLINE_STUDENT_SAMPLE): Student sample — verify workplace/organizational relevance. Q1.2 FAIL (ULMC_FAIL_MARKER_ONLY): marker-variable approach; ULMC mention insufficient. Q1.3 PASS (PLS_PASS_NOT_DETECTED): no PLS-SEM detected. Decision: excluded — Level 1 eligibility fail.,ulmc,", such as the unmeasured latent method factor technique or marker variables, in addition to procedural remedies (e.g., participant an",EBSCO_M0242_Li_2026_The_association_between_academic_self-esteem_and.txt
M0243,62,Provoking or backfiring? A contingent model of how abusive supervision influences learning from failure through fear.,included,True,True,True,included,medium,Q1.1–Q1.3 all pass,DOMAIN_PASS_KEYWORDS_METADATA,management-domain keywords in metadata (n=3),ULMC_PASS_EMPIRICAL,empirical ULMC detected (ulmc_signals=1),PLS_PASS_NOT_DETECTED,no PLS-SEM detected,INCLUDE_ALL_CRITERIA_PASS,Q1.1 PASS (DOMAIN_PASS_KEYWORDS_METADATA): management-domain keywords in metadata (n=3). Q1.2 PASS (ULMC_PASS_EMPIRICAL): empirical ULMC detected (ulmc_signals=1). Q1.3 PASS (PLS_PASS_NOT_DETECTED): no PLS-SEM detected. Decision: included — all Level 1 criteria pass.,ulmc,"Furthermore, an unmea­ sured latent method factor analysis (Williams and McGonagle, 2016) showed that the latent factor explained only 17% of",EBSCO_M0243_Wang_2024_Provoking_or_backfiring_A_contingent_model_of_ho.txt
M0244,63,Beyond coexistence: the asymmetric interplay of health risk and promotion pathways driven by communication legacies across emerging and recurring epidemics.,level1_fail,True,True,True,excluded,high,Low confidence include — verify manually. Q1.1–Q1.3 all pass,DOMAIN_BORDERLINE_PUBLIC_HEALTH,Public health / epidemics framing — verify management-domain scope,ULMC_PASS_EMPIRICAL,empirical ULMC detected (ulmc_signals=1),PLS_PASS_NOT_DETECTED,no PLS-SEM detected,EXCLUDE_Q1_1_DOMAIN_USER,Q1.1 PASS (DOMAIN_BORDERLINE_PUBLIC_HEALTH): Public health / epidemics framing — verify management-domain scope. Q1.2 PASS (ULMC_PASS_EMPIRICAL): empirical ULMC detected (ulmc_signals=1). Q1.3 PASS (PLS_PASS_NOT_DETECTED): no PLS-SEM detected. Decision: manual_review — Public health / epidemics framing — verify management-domain scope; Q1.1–Q1.3 auto-pass but domain/sample borderline (not excluded). User override: exclude; domain out of scope — public health/epidemics,ulmc,"MB) was assessed using Harman’s single-factor test and the unmeasured latent method factor approach. Second, Confirmatory Factor Analysis (CFA) was p",EBSCO_M0244_Wan_2026_Beyond_coexistence_the_asymmetric_interplay_of_h.txt
M0245,64,Latent Profile Analysis of Family Resilience and Its Associated Factors in Maintenance Hemodialysis Patients: A Cross-Sectional Study.,included,True,True,True,included,medium,Q1.1–Q1.3 all pass,DOMAIN_PASS_KEYWORDS_METADATA,management-domain keywords in metadata (n=1),ULMC_PASS_EMPIRICAL,empirical ULMC detected (ulmc_signals=2),PLS_PASS_NOT_DETECTED,no PLS-SEM detected,INCLUDE_ALL_CRITERIA_PASS,Q1.1 PASS (DOMAIN_PASS_KEYWORDS_METADATA): management-domain keywords in metadata (n=1). Q1.2 PASS (ULMC_PASS_EMPIRICAL): empirical ULMC detected (ulmc_signals=2). Q1.3 PASS (PLS_PASS_NOT_DETECTED): no PLS-SEM detected. Decision: included — all Level 1 criteria pass.,ulmc,statistically significant. Harman’s single-factor test and unmeasured latent method factor analysis (ULMC) were utilized to evaluate common method bi,EBSCO_M0245_Linlin Ma_2025_JMDH_A_608329_115.txt
M0246,65,Why perceived organizational virtue matters: a psychological mechanism.,included,True,True,True,included,medium,Q1.1–Q1.3 all pass,DOMAIN_PASS_KEYWORDS_METADATA,management-domain keywords in metadata (n=3),ULMC_PASS_EMPIRICAL,empirical ULMC detected (ulmc_signals=1),PLS_PASS_NOT_DETECTED,no PLS-SEM detected,INCLUDE_ALL_CRITERIA_PASS,Q1.1 PASS (DOMAIN_PASS_KEYWORDS_METADATA): management-domain keywords in metadata (n=3). Q1.2 PASS (ULMC_PASS_EMPIRICAL): empirical ULMC detected (ulmc_signals=1). Q1.3 PASS (PLS_PASS_NOT_DETECTED): no PLS-SEM detected. Decision: included — all Level 1 criteria pass.,ulmc,"dsakoff et al., 2003; Williams et al., 1989. I adopted the unmeasured latent method factor technique originally proposed by Williams and Anderson (19",EBSCO_M0246_Ko_2026_Why_perceived_organizational_virtue_matters_a_ps.txt
M0247,66,"Time-lagged effects of social support on exercise adherence among Korean college students: serial mediation of self-efficacy, athletic identity, and intrinsic motivation.",level1_fail,True,True,True,excluded,high,Low confidence include — verify manually. Q1.1–Q1.3 all pass,DOMAIN_BORDERLINE_STUDENT_SAMPLE,Student sample — verify workplace/organizational relevance,ULMC_PASS_EMPIRICAL,empirical ULMC detected (ulmc_signals=2),PLS_PASS_NOT_DETECTED,no PLS-SEM detected,EXCLUDE_Q1_1_DOMAIN_USER,Q1.1 PASS (DOMAIN_BORDERLINE_STUDENT_SAMPLE): Student sample — verify workplace/organizational relevance. Q1.2 PASS (ULMC_PASS_EMPIRICAL): empirical ULMC detected (ulmc_signals=2). Q1.3 PASS (PLS_PASS_NOT_DETECTED): no PLS-SEM detected. Decision: manual_review — Student sample — verify workplace/organizational relevance; Q1.1–Q1.3 auto-pass but domain/sample borderline (not excluded). User override: exclude; domain out of scope — student exercise adherence; no workplace/organizational context,ulmc,ias was assessed using Harman’s single- factor test and the unmeasured latent method factor approach. The hypothesized relationships were tested using,EBSCO_M0247_Zhao_2026_Time-lagged_effects_of_social_support_on_exercis.txt
M0248,67,"Associations among impostor phenomenon, self-compassion, shame, and social anxiety in college students.",excluded_pls,False,True,False,excluded_pls,low,PLS-SEM excluded (Q1.3): PLS-SEM estimation detected; domain=False; ulmc=True,DOMAIN_FAIL_NO_SIGNAL,no management-domain signal; flag for manual review,ULMC_PASS_EMPIRICAL,empirical ULMC detected (ulmc_signals=1),PLS_FAIL_SEM_DETECTED,PLS-SEM estimation detected,EXCLUDE_Q1_3_PLS,Q1.1 FAIL (DOMAIN_FAIL_NO_SIGNAL): no management-domain signal; flag for manual review. Q1.2 PASS (ULMC_PASS_EMPIRICAL): empirical ULMC detected (ulmc_signals=1). Q1.3 FAIL (PLS_FAIL_SEM_DETECTED): PLS-SEM estimation detected. Decision: excluded_pls — PLS-SEM detected (Q1.3 fail); not a hard reject of domain/ULMC.,pls,"T. M., Ringle, C. M., and Sarstedt, M. (2021). A Primer on Partial Least Squares Structural Equation Modeling (PLS-SEM). Sage. Hair, J. F.,",EBSCO_M0248_He_2026_Associations_among_impostor_phenomenon_self-comp.txt
M0249,68,Leadership avoidance as a rational choice among women instructors in higher education: cross-cultural parallels.,included,True,True,True,included,medium,Q1.1–Q1.3 all pass,DOMAIN_PASS_KEYWORDS_METADATA,management-domain keywords in metadata (n=1),ULMC_PASS_EMPIRICAL,empirical ULMC detected (ulmc_signals=1),PLS_PASS_NOT_DETECTED,no PLS-SEM detected,INCLUDE_ALL_CRITERIA_PASS,Q1.1 PASS (DOMAIN_PASS_KEYWORDS_METADATA): management-domain keywords in metadata (n=1). Q1.2 PASS (ULMC_PASS_EMPIRICAL): empirical ULMC detected (ulmc_signals=1). Q1.3 PASS (PLS_PASS_NOT_DETECTED): no PLS-SEM detected. Decision: included — all Level 1 criteria pass.,ulmc,CMV diagnostics: a marker variable technique (MVT) and an unmeasured latent method factor (ULMF) approach. Using both is deliberate; MVT (Table 4) e,EBSCO_M0249_Benazir Ayesha_2026_Leadership_avoidance_as_a_rational_choice_among.txt
M0250,69,The pathways to teacher growth: mediating roles of motivation and self-efficacy within the community of inquiry framework.,included,True,True,True,included,medium,Q1.1–Q1.3 all pass,DOMAIN_PASS_KEYWORDS_METADATA,management-domain keywords in metadata (n=1),ULMC_PASS_EMPIRICAL,empirical ULMC detected (ulmc_signals=2),PLS_PASS_NOT_DETECTED,no PLS-SEM detected,INCLUDE_ALL_CRITERIA_PASS,Q1.1 PASS (DOMAIN_PASS_KEYWORDS_METADATA): management-domain keywords in metadata (n=1). Q1.2 PASS (ULMC_PASS_EMPIRICAL): empirical ULMC detected (ulmc_signals=2). Q1.3 PASS (PLS_PASS_NOT_DETECTED): no PLS-SEM detected. Decision: included — all Level 1 criteria pass.,ulmc,"he critical threshold of 40%. For further examination, the unmeasured latent method factor (ULMC) approach was employed. Structural equation model­ in",EBSCO_M0250_Zuo_2026_The_pathways_to_teacher_growth_mediating_roles_o.txt
M0251,70,"Social media addiction and social anxiety among college students: the serial mediating roles of alienation, self-focused attention, and fear of negative evaluation.",level1_fail,True,True,True,excluded,high,Low confidence include — verify manually. Q1.1–Q1.3 all pass,DOMAIN_BORDERLINE_STUDENT_SAMPLE,Student sample — verify workplace/organizational relevance,ULMC_PASS_EMPIRICAL,empirical ULMC detected (ulmc_signals=1),PLS_PASS_NOT_DETECTED,no PLS-SEM detected,EXCLUDE_Q1_1_DOMAIN_USER,Q1.1 PASS (DOMAIN_BORDERLINE_STUDENT_SAMPLE): Student sample — verify workplace/organizational relevance. Q1.2 PASS (ULMC_PASS_EMPIRICAL): empirical ULMC detected (ulmc_signals=1). Q1.3 PASS (PLS_PASS_NOT_DETECTED): no PLS-SEM detected. Decision: manual_review — Student sample — verify workplace/organizational relevance; Q1.1–Q1.3 auto-pass but domain/sample borderline (not excluded). User override: exclude; domain out of scope — student social media/anxiety; no workplace context,ulmc,"chniques to control for common method variance, such as the unmeasured latent method factor approach. Second, while this study focused on the core cogn",EBSCO_M0251_Xu_2026_Social_media_addiction_and_social_anxiety_among.txt
M0252,71,The effect of social capital on infectious disease-specific health literacy among community residents: the chain mediating effect of family health and psychological capital.,level1_fail,True,True,True,excluded,high,Low confidence include — verify manually. Q1.1–Q1.3 all pass,DOMAIN_BORDERLINE_COMMUNITY,Community-resident sample — verify management-domain scope,ULMC_PASS_EMPIRICAL,empirical ULMC detected (ulmc_signals=1),PLS_PASS_NOT_DETECTED,no PLS-SEM detected,EXCLUDE_Q1_1_DOMAIN_USER,Q1.1 PASS (DOMAIN_BORDERLINE_COMMUNITY): Community-resident sample — verify management-domain scope. Q1.2 PASS (ULMC_PASS_EMPIRICAL): empirical ULMC detected (ulmc_signals=1). Q1.3 PASS (PLS_PASS_NOT_DETECTED): no PLS-SEM detected. Decision: manual_review — Community-resident sample — verify management-domain scope; Q1.1–Q1.3 auto-pass but domain/sample borderline (not excluded). User override: exclude; domain out of scope — community public-health literacy; not organizational,ulmc,"ncies and percentages. After the descriptive analysis, the Unmeasured Latent Method Factor (ULMF) approach was used to assess potential common method",EBSCO_M0252_Huan Xu_2025_The_effect_of_social_capital_on_infectious_disea.txt
M0253,72,Sensory processing sensitivity levels in patients with disorders of gut–brain interaction: a propensity score-matched cross-sectional study.,level1_fail,False,True,True,excluded,medium,Q1.1: non-management domain keywords (exclude list),DOMAIN_FAIL_EXCLUDE_KEYWORDS,non-management domain keywords (exclude list),ULMC_PASS_EMPIRICAL,empirical ULMC detected (ulmc_signals=2),PLS_PASS_NOT_DETECTED,no PLS-SEM detected,EXCLUDE_Q1_1_DOMAIN,Q1.1 FAIL (DOMAIN_FAIL_EXCLUDE_KEYWORDS): non-management domain keywords (exclude list). Q1.2 PASS (ULMC_PASS_EMPIRICAL): empirical ULMC detected (ulmc_signals=2). Q1.3 PASS (PLS_PASS_NOT_DETECTED): no PLS-SEM detected. Decision: excluded — Level 1 eligibility fail.,ulmc,Frontiers in Medicine 01 frontiersin.org TYPE Original Research PUBLISHED 24 March 2026 DOI 10.338,EBSCO_M0253_Peng_2026_Sensory_processing_sensitivity_levels_in_patient.txt
M0254,73,The relationship between physical activity and subjective wellbeing in infertile women: the mediating role of positive feedback and self-efficacy.,level1_fail,False,True,True,excluded,low,Q1.1: no management-domain signal; flag for manual review,DOMAIN_FAIL_NO_SIGNAL,no management-domain signal; flag for manual review,ULMC_PASS_EMPIRICAL,empirical ULMC detected (ulmc_signals=1),PLS_PASS_NOT_DETECTED,no PLS-SEM detected,EXCLUDE_Q1_1_DOMAIN,Q1.1 FAIL (DOMAIN_FAIL_NO_SIGNAL): no management-domain signal; flag for manual review. Q1.2 PASS (ULMC_PASS_EMPIRICAL): empirical ULMC detected (ulmc_signals=1). Q1.3 PASS (PLS_PASS_NOT_DETECTED): no PLS-SEM detected. Decision: excluded — Level 1 eligibility fail.,ulmc,"s the globe (1–3). Reports from the World Health Organization (WHO) (4, 5) indicate that global infertility prevalence ranges from approxima",EBSCO_M0254_Liu_2026_The_relationship_between_physical_activity_and_s.txt
M0255,74,"Could AI risk perception, AI learning anxiety and personal growth initiative influence university students' AI usage capability? An empirical investigation based on the control-value theory.",level1_fail,True,True,True,excluded,high,Low confidence include — verify manually. Q1.1–Q1.3 all pass,DOMAIN_BORDERLINE_STUDENT_SAMPLE,Student sample — verify workplace/organizational relevance,ULMC_PASS_EMPIRICAL,empirical ULMC detected (ulmc_signals=1),PLS_PASS_NOT_DETECTED,no PLS-SEM detected,EXCLUDE_Q1_1_DOMAIN_USER,Q1.1 PASS (DOMAIN_BORDERLINE_STUDENT_SAMPLE): Student sample — verify workplace/organizational relevance. Q1.2 PASS (ULMC_PASS_EMPIRICAL): empirical ULMC detected (ulmc_signals=1). Q1.3 PASS (PLS_PASS_NOT_DETECTED): no PLS-SEM detected. Decision: manual_review — Student sample — verify workplace/organizational relevance; Q1.1–Q1.3 auto-pass but domain/sample borderline (not excluded). User override: exclude; domain out of scope — university student AI learning; not workplace context,ulmc,"apprehension and response tenden­ cies. Statistically, the unmeasured latent method factor approach pro­ posed by Podsakoff et al. (2003) was applied.",EBSCO_M0255_Jiang_2026_Could_AI_risk_perception_AI_learning_anxiety_and.txt
M0256,75,Leading Innovation in Tourism and Hospitality: The Mediating Role of Knowledge Sharing and Organizational Agility.,excluded_pls,True,False,False,excluded_pls,medium,PLS-SEM excluded (Q1.3): PLS-SEM estimation detected; domain=True; ulmc=False,DOMAIN_PASS_JOURNAL_OUTLET,management journal/outlet match,ULMC_FAIL_MARKER_ONLY,marker-variable approach; ULMC mention insufficient,PLS_FAIL_SEM_DETECTED,PLS-SEM estimation detected,EXCLUDE_Q1_3_PLS,Q1.1 PASS (DOMAIN_PASS_JOURNAL_OUTLET): management journal/outlet match. Q1.2 FAIL (ULMC_FAIL_MARKER_ONLY): marker-variable approach; ULMC mention insufficient. Q1.3 FAIL (PLS_FAIL_SEM_DETECTED): PLS-SEM estimation detected. Decision: excluded_pls — PLS-SEM detected (Q1.3 fail); not a hard reject of domain/ULMC.,pls,lthough it cannot be entirely ruled out. 3.4. Data Analysis Partial Least Squares Structural Equation Modeling (PLS-SEM) was employed as the,EBSCO_M0256_Ahmed Mohamed Hasanein_2026_Leading_Innovation_in_Tourism_and_Hospitality_Th.txt
M0257,76,Supervisors as Enhancers of Workplace Resilience Training: Promoting Training Transfer at Work and Perceptions of Support.,included,True,True,True,included,high,Q1.1–Q1.3 all pass,DOMAIN_PASS_JOURNAL_OUTLET,management journal/outlet match,ULMC_PASS_EMPIRICAL,empirical ULMC detected (ulmc_signals=1),PLS_PASS_NOT_DETECTED,no PLS-SEM detected,INCLUDE_ALL_CRITERIA_PASS,Q1.1 PASS (DOMAIN_PASS_JOURNAL_OUTLET): management journal/outlet match. Q1.2 PASS (ULMC_PASS_EMPIRICAL): empirical ULMC detected (ulmc_signals=1). Q1.3 PASS (PLS_PASS_NOT_DETECTED): no PLS-SEM detected. Decision: included — all Level 1 criteria pass.,ulmc,"survey methodology, both Harman’s single factor test and an unmeasured latent method factor were used to assess for common method bias among all items",EBSCO_M0257_Kho_2026_Original_Article_Supervisors_as_Enhancers_of_Wor.txt
M0258,77,How Work Autonomy Enhances Adaptive Performance: The Sequential Role of Job Crafting Towards Strengths and Demands–Abilities Fit in Times of Crisis.,excluded_pls,True,False,False,excluded_pls,medium,PLS-SEM excluded (Q1.3): PLS-SEM estimation detected; domain=True; ulmc=False,DOMAIN_PASS_JOURNAL_OUTLET,management journal/outlet match,ULMC_FAIL_HARMAN_ONLY,Harman primary CMV test; ULMC mention insufficient,PLS_FAIL_SEM_DETECTED,PLS-SEM estimation detected,EXCLUDE_Q1_3_PLS,Q1.1 PASS (DOMAIN_PASS_JOURNAL_OUTLET): management journal/outlet match. Q1.2 FAIL (ULMC_FAIL_HARMAN_ONLY): Harman primary CMV test; ULMC mention insufficient. Q1.3 FAIL (PLS_FAIL_SEM_DETECTED): PLS-SEM estimation detected. Decision: excluded_pls — PLS-SEM detected (Q1.3 fail); not a hard reject of domain/ULMC.,pls,"ingle, C. M., Sarstedt, M., Danks, N. P., & Ray, S. (2021). Partial least squares structural equation modeling (PLS-SEM) using R. Springer I",EBSCO_M0258_Lau_2026_How_Work_Autonomy_Enhances_Adaptive_Performance.txt
M0259,78,Accelerating digital transformation: key drivers of cloud computing adoption and firm performance outcomes in Malaysian SMEs.,excluded_pls,True,True,False,excluded_pls,medium,PLS-SEM excluded (Q1.3): PLS-SEM estimation detected; domain=True; ulmc=True,DOMAIN_PASS_KEYWORDS_METADATA,management-domain keywords in metadata (n=4),ULMC_PASS_EMPIRICAL,empirical ULMC detected (ulmc_signals=1),PLS_FAIL_SEM_DETECTED,PLS-SEM estimation detected,EXCLUDE_Q1_3_PLS,Q1.1 PASS (DOMAIN_PASS_KEYWORDS_METADATA): management-domain keywords in metadata (n=4). Q1.2 PASS (ULMC_PASS_EMPIRICAL): empirical ULMC detected (ulmc_signals=1). Q1.3 FAIL (PLS_FAIL_SEM_DETECTED): PLS-SEM estimation detected. Decision: excluded_pls — PLS-SEM detected (Q1.3 fail); not a hard reject of domain/ULMC.,pls,"r JF Jr, Hult GTM, Ringle CM, Sarstedt M (2013) A primer on partial least squares structural equation modeling (PLS-SEM). Sage publications,",EBSCO_M0259_:_2026_Accelerating_digital_transformation_key_drivers.txt
M0260,79,Algorithm aversion among workers in on-demand platforms: an exploration in the context of ride-hailing.,included,True,True,True,included,medium,Q1.1–Q1.3 all pass,DOMAIN_PASS_KEYWORDS_METADATA,management-domain keywords in metadata (n=3),ULMC_PASS_EMPIRICAL,empirical ULMC detected (ulmc_signals=1),PLS_PASS_NOT_DETECTED,no PLS-SEM detected,INCLUDE_ALL_CRITERIA_PASS,Q1.1 PASS (DOMAIN_PASS_KEYWORDS_METADATA): management-domain keywords in metadata (n=3). Q1.2 PASS (ULMC_PASS_EMPIRICAL): empirical ULMC detected (ulmc_signals=1). Q1.3 PASS (PLS_PASS_NOT_DETECTED): no PLS-SEM detected. Decision: included — all Level 1 criteria pass.,ulmc,the approach of “controlling for the effects of a single unmeasured latent method factor” proposed by Podsa- koff et al. (2003). As shown in Table 4,EBSCO_M0260__2026_Algorithm_aversion_among_workers_in_on-demand_pl.txt
M0261,80,When Leader Expectations Inspire and When They Overwhelm: The Role of Growth Mindset and Prior Performance in Employee Emotional and Engagement Responses to Leader High Performance Expectations.,included,True,True,True,included,high,Q1.1–Q1.3 all pass,DOMAIN_PASS_JOURNAL_OUTLET,management journal/outlet match,ULMC_PASS_EMPIRICAL,empirical ULMC detected (ulmc_signals=1),PLS_PASS_NOT_DETECTED,no PLS-SEM detected,INCLUDE_ALL_CRITERIA_PASS,Q1.1 PASS (DOMAIN_PASS_JOURNAL_OUTLET): management journal/outlet match. Q1.2 PASS (ULMC_PASS_EMPIRICAL): empirical ULMC detected (ulmc_signals=1). Q1.3 PASS (PLS_PASS_NOT_DETECTED): no PLS-SEM detected. Decision: included — all Level 1 criteria pass.,ulmc,"multilevel structure of our data, we employed a multilevel unmeasured latent method factor approach (Podsa- koff et al., 2003). Specifically, we added",EBSCO_M0261_Chen_2025_When_Leader_Expectations_Inspire_and_When_They_O.txt
M0262,81,Digitalization and Employee Health and Well-Being During COVID-19.,included,True,True,True,included,medium,Q1.1–Q1.3 all pass,DOMAIN_PASS_KEYWORDS_METADATA,management-domain keywords in metadata (n=5),ULMC_PASS_EMPIRICAL,empirical ULMC detected (ulmc_signals=1),PLS_PASS_NOT_DETECTED,no PLS-SEM detected,INCLUDE_ALL_CRITERIA_PASS,Q1.1 PASS (DOMAIN_PASS_KEYWORDS_METADATA): management-domain keywords in metadata (n=5). Q1.2 PASS (ULMC_PASS_EMPIRICAL): empirical ULMC detected (ulmc_signals=1). Q1.3 PASS (PLS_PASS_NOT_DETECTED): no PLS-SEM detected. Decision: included — all Level 1 criteria pass.,ulmc,"ited by contemporary methodological standards (for example, unmeasured latent method factor (ULMF), Williams & McGonagle, 2016) and does not fully rule",EBSCO_M0262_Ha_2026_Digitalization_and_Employee_Health_and_Well-Bein.txt
M0263,82,Entrepreneurial Intentions: The Role of Gender and Culture in Entrepreneurial Education.,excluded_pls,True,True,False,excluded_pls,high,PLS-SEM excluded (Q1.3): PLS-SEM estimation detected; domain=True; ulmc=True,DOMAIN_BORDERLINE_STUDENT_SAMPLE,Student sample — verify workplace/organizational relevance,ULMC_PASS_EMPIRICAL,empirical ULMC detected (ulmc_signals=1),PLS_FAIL_SEM_DETECTED,PLS-SEM estimation detected,EXCLUDE_Q1_3_PLS,Q1.1 PASS (DOMAIN_BORDERLINE_STUDENT_SAMPLE): Student sample — verify workplace/organizational relevance. Q1.2 PASS (ULMC_PASS_EMPIRICAL): empirical ULMC detected (ulmc_signals=1). Q1.3 FAIL (PLS_FAIL_SEM_DETECTED): PLS-SEM estimation detected. Decision: excluded_pls — PLS-SEM detected (Q1.3 fail); not a hard reject of domain/ULMC.,pls,"C. M. (2019). When to use and how to report the results of PLS-SEM. European Business Review, 31(1), 2–24. [CrossRef] Hayton,",EBSCO_M0263_Shwetha M. Krishna and Somya Agrawal_2025_Entrepreneurial_Intentions_The_Role_of_Gender_an.txt
M0264,83,Antecedents and Consequences of Customized Product Value.,included,True,True,True,included,medium,Q1.1–Q1.3 all pass,DOMAIN_PASS_KEYWORDS_METADATA,management-domain keywords in metadata (n=1),ULMC_PASS_EMPIRICAL,empirical ULMC detected (ulmc_signals=1),PLS_PASS_NOT_DETECTED,no PLS-SEM detected,INCLUDE_ALL_CRITERIA_PASS,Q1.1 PASS (DOMAIN_PASS_KEYWORDS_METADATA): management-domain keywords in metadata (n=1). Q1.2 PASS (ULMC_PASS_EMPIRICAL): empirical ULMC detected (ulmc_signals=1). Q1.3 PASS (PLS_PASS_NOT_DETECTED): no PLS-SEM detected. Decision: included — all Level 1 criteria pass.,ulmc,"s is much below 50 percent [79]. Second, the study added an unmeasured latent method factor to the measurement model [80]. The fit statistics of the me",EBSCO_M0264_Karatepe_2026_Antecedents_and_Consequences_of_Customized_Produ.txt
M0265,84,Hedonic Beats Utilitarian: Differential Effects of AI Chatbots and AR/VR on Consumer Engagement in E-Commerce.,included,True,True,True,included,medium,Q1.1–Q1.3 all pass,DOMAIN_PASS_KEYWORDS_METADATA,management-domain keywords in metadata (n=1),ULMC_PASS_EMPIRICAL,empirical ULMC detected (ulmc_signals=2),PLS_PASS_NOT_DETECTED,no PLS-SEM detected,INCLUDE_ALL_CRITERIA_PASS,Q1.1 PASS (DOMAIN_PASS_KEYWORDS_METADATA): management-domain keywords in metadata (n=1). Q1.2 PASS (ULMC_PASS_EMPIRICAL): empirical ULMC detected (ulmc_signals=2). Q1.3 PASS (PLS_PASS_NOT_DETECTED): no PLS-SEM detected. Decision: included — all Level 1 criteria pass.,ulmc,"either of the study variables (r < 0.10). According to the unmeasured latent method construct (ULMC) approach, the proportion of variance attributable to",EBSCO_M0265_Zhang_2025_Hedonic_Beats_Utilitarian_Differential_Effects_o.txt
M0266,85,'Volunteers are incompetent': how the stereotype of incompetence impacts new volunteer's participation.,included,True,True,True,included,medium,Q1.1–Q1.3 all pass,DOMAIN_PASS_KEYWORDS_METADATA,management-domain keywords in metadata (n=2),ULMC_PASS_EMPIRICAL,empirical ULMC detected (ulmc_signals=1),PLS_PASS_NOT_DETECTED,no PLS-SEM detected,INCLUDE_ALL_CRITERIA_PASS,Q1.1 PASS (DOMAIN_PASS_KEYWORDS_METADATA): management-domain keywords in metadata (n=2). Q1.2 PASS (ULMC_PASS_EMPIRICAL): empirical ULMC detected (ulmc_signals=1). Q1.3 PASS (PLS_PASS_NOT_DETECTED): no PLS-SEM detected. Decision: included — all Level 1 criteria pass.,ulmc,); and (2) the result of controlling for the effects of an unmeasured latent method factor is shown in Table 2. The model’s goodness of fit decreased,EBSCO_M0266_Qing Miaoa_2024_Volunteers_are_incompetent_how_the_stereotype_of.txt
M0267,86,Linking Developmental HRM to Organizational Dehumanization Among Nurses: Work Meaningfulness as a Mediator and Mastery Climate as a Moderator.,included,True,True,True,included,high,Q1.1–Q1.3 all pass,DOMAIN_PASS_JOURNAL_OUTLET,management journal/outlet match,ULMC_PASS_EMPIRICAL,empirical ULMC detected (ulmc_signals=1),PLS_PASS_NOT_DETECTED,no PLS-SEM detected,INCLUDE_ALL_CRITERIA_PASS,Q1.1 PASS (DOMAIN_PASS_JOURNAL_OUTLET): management journal/outlet match. Q1.2 PASS (ULMC_PASS_EMPIRICAL): empirical ULMC detected (ulmc_signals=1). Q1.3 PASS (PLS_PASS_NOT_DETECTED): no PLS-SEM detected. Decision: included — all Level 1 criteria pass.,ulmc,pecifed to load on both its theo- retical construct and the unmeasured latent method factor. By comparing the ft indices of the baseline model with and,EBSCO_M0267_Liu_2025_Linking_Developmental_HRM_to_Organizational_Dehu.txt
M0268,87,FARMERS AS A CONSUMERS: UTAUT WITH DUAL MODERATED MEDIATION MODEL.,excluded_pls,False,True,False,excluded_pls,low,PLS-SEM excluded (Q1.3): PLS-SEM estimation detected; domain=False; ulmc=True,DOMAIN_FAIL_NO_SIGNAL,no management-domain signal; flag for manual review,ULMC_PASS_EMPIRICAL,empirical ULMC detected (ulmc_signals=3),PLS_FAIL_SEM_DETECTED,PLS-SEM estimation detected,EXCLUDE_Q1_3_PLS,Q1.1 FAIL (DOMAIN_FAIL_NO_SIGNAL): no management-domain signal; flag for manual review. Q1.2 PASS (ULMC_PASS_EMPIRICAL): empirical ULMC detected (ulmc_signals=3). Q1.3 FAIL (PLS_FAIL_SEM_DETECTED): PLS-SEM estimation detected. Decision: excluded_pls — PLS-SEM detected (Q1.3 fail); not a hard reject of domain/ULMC.,pls,"y, S. (2021). Evaluation of Reflective Measurement Models. Partial Least Squares Structural Equation Modeling (PLS-SEM) Using R: A Workbook",EBSCO_M0268_.._2025_Uluslararası_İktisadi_ve_İdari_İncelemeler_Dergi.txt
M0269,88,Interplay between Teachers’ Affective Well-Being and Thriving at Work: A Cross-Lagged Study.,level1_fail,True,False,True,excluded,medium,Q1.2: non-empirical study (meta[- ]analy),DOMAIN_PASS_KEYWORDS_METADATA,management-domain keywords in metadata (n=3),ULMC_FAIL_NON_EMPIRICAL,non-empirical study (meta[- ]analy),PLS_PASS_NOT_DETECTED,no PLS-SEM detected,EXCLUDE_Q1_2_ULMC,Q1.1 PASS (DOMAIN_PASS_KEYWORDS_METADATA): management-domain keywords in metadata (n=3). Q1.2 FAIL (ULMC_FAIL_NON_EMPIRICAL): non-empirical study (meta[- ]analy). Q1.3 PASS (PLS_PASS_NOT_DETECTED): no PLS-SEM detected. Decision: excluded — Level 1 eligibility fail.,,,EBSCO_M0269_© The Author(s)_2025_RESEARCH_PAPER_Accepted_8_January_2025.txt
M0721,89,The relationship between teacher–student relationship and chemistry achievement: a chain mediation model.,level1_fail,,,,excluded,high,2026-06-26: exclude; Q1.1 domain out of scope — K-12 chemistry education (teacher–student relationship → chemistry achievement).,,,,,,,EXCLUDE_Q1_1_DOMAIN_USER,User decision 2026-06-26: exclude; Q1.1 domain out of scope — K-12 chemistry education (teacher–student relationship → chemistry achievement). Decision: excluded — metadata/user L1 (no PDF on disk).,metadata,"The teacher–student relationship is a crucial environmental factor influencing students' academic development; however, the specific mechanisms through which it affects chemistry achievement remain unclear. While existing research affirms the importance of the teacher–student re…",
M0270,90,The impact of biodiversity information on willingness to pay.,included,True,True,True,included,medium,Q1.1–Q1.3 all pass,DOMAIN_PASS_KEYWORDS_METADATA,management-domain keywords in metadata (n=1),ULMC_PASS_EMPIRICAL,empirical ULMC detected (ulmc_signals=1),PLS_PASS_NOT_DETECTED,no PLS-SEM detected,INCLUDE_ALL_CRITERIA_PASS,Q1.1 PASS (DOMAIN_PASS_KEYWORDS_METADATA): management-domain keywords in metadata (n=1). Q1.2 PASS (ULMC_PASS_EMPIRICAL): empirical ULMC detected (ulmc_signals=1). Q1.3 PASS (PLS_PASS_NOT_DETECTED): no PLS-SEM detected. Decision: included — all Level 1 criteria pass.,ulmc,"thod bias and to control their effect at the item level, an unmeasured latent method factor was added to the model (see Podsakoff et al., 2003), with e",EBSCO_M0270_Petersen_2024_The_impact_of_biodiversity_information_on_willin.txt
M0271,91,Tasks at hand or more challenges: The roles of regulatory focus and job insecurity in predicting work behaviours.,included,True,True,True,included,medium,Q1.1–Q1.3 all pass,DOMAIN_PASS_KEYWORDS_METADATA,management-domain keywords in metadata (n=6),ULMC_PASS_EMPIRICAL,empirical ULMC detected (ulmc_signals=1),PLS_PASS_NOT_DETECTED,no PLS-SEM detected,INCLUDE_ALL_CRITERIA_PASS,Q1.1 PASS (DOMAIN_PASS_KEYWORDS_METADATA): management-domain keywords in metadata (n=6). Q1.2 PASS (ULMC_PASS_EMPIRICAL): empirical ULMC detected (ulmc_signals=1). Q1.3 PASS (PLS_PASS_NOT_DETECTED): no PLS-SEM detected. Decision: included — all Level 1 criteria pass.,ulmc,"TLI = .24, RMSEA = .17, SRMR = .15). Moreover, we used the unmeasured latent method factor technique to detect common method variance (Podsakoff et a",EBSCO_M0271_Psychol._2023_Tasks_at_Hand_or_More_Challenges_The_Roles_of_Re.txt
M0272,92,"A New Look at Job Demands, Resources, and Volunteers' Intentions to Leave: The Role of Work–Home Interference and Burnout.",included,True,True,True,included,high,Q1.1–Q1.3 all pass,DOMAIN_PASS_JOURNAL_OUTLET,management journal/outlet match,ULMC_PASS_EMPIRICAL,empirical ULMC detected (ulmc_signals=1),PLS_PASS_NOT_DETECTED,no PLS-SEM detected,INCLUDE_ALL_CRITERIA_PASS,Q1.1 PASS (DOMAIN_PASS_JOURNAL_OUTLET): management journal/outlet match. Q1.2 PASS (ULMC_PASS_EMPIRICAL): empirical ULMC detected (ulmc_signals=1). Q1.3 PASS (PLS_PASS_NOT_DETECTED): no PLS-SEM detected. Decision: included — all Level 1 criteria pass.,ulmc,d discriminant validity analyses for our model. We used the unmeasured latent method factor technique to evaluate the potential impact of common method,EBSCO_M0272_Magrone_2024_A_New_Look_at_Job_Demands_Resources_and_Voluntee.txt
M0273,93,Medical Artificial Intelligence Information Disclosure on Healthcare Professional Involvement in Innovation: A Transactional Theory of Stress and Coping Model.,excluded_pls,True,True,False,excluded_pls,low,PLS-SEM excluded (Q1.3): PLS-SEM estimation detected; domain=True; ulmc=True,DOMAIN_PASS_KEYWORDS_INTRO,management-domain keywords in PDF intro (n=4),ULMC_PASS_EMPIRICAL,empirical ULMC detected (ulmc_signals=2),PLS_FAIL_SEM_DETECTED,PLS-SEM estimation detected,EXCLUDE_Q1_3_PLS,Q1.1 PASS (DOMAIN_PASS_KEYWORDS_INTRO): management-domain keywords in PDF intro (n=4). Q1.2 PASS (ULMC_PASS_EMPIRICAL): empirical ULMC detected (ulmc_signals=2). Q1.3 FAIL (PLS_FAIL_SEM_DETECTED): PLS-SEM estimation detected. Decision: excluded_pls — PLS-SEM detected (Q1.3 fail); not a hard reject of domain/ULMC.,pls,for further analyses. 4.4. Hypothesis testing We conducted partial least squares structural equation model- ling to examine our hypotheses v,EBSCO_M0273_Huo_2024_Medical_Artificial_Intelligence_Information_Disc.txt
M0274,94,How does mindful leadership promote employee green behavior? The moderating role of green human resource management.,level1_fail,True,False,True,excluded,medium,Q1.2: Harman primary CMV test; ULMC mention insufficient,DOMAIN_PASS_JOURNAL_OUTLET,management journal/outlet match,ULMC_FAIL_HARMAN_ONLY,Harman primary CMV test; ULMC mention insufficient,PLS_PASS_NOT_DETECTED,no PLS-SEM detected,EXCLUDE_Q1_2_ULMC,Q1.1 PASS (DOMAIN_PASS_JOURNAL_OUTLET): management journal/outlet match. Q1.2 FAIL (ULMC_FAIL_HARMAN_ONLY): Harman primary CMV test; ULMC mention insufficient. Q1.3 PASS (PLS_PASS_NOT_DETECTED): no PLS-SEM detected. Decision: excluded — Level 1 eligibility fail.,ulmc,"sakoff et al. (2003) to test the common method bias. First, Harman's one-factor was calculated, and results indicated that factors accounti",EBSCO_M0274_Yang_2023_How_does_mindful_leadership_promote_employee_gre.txt
M0275,95,Vitality and learning: the impact of mobile technology use across work–nonwork boundaries on job performance.,included,True,True,True,included,medium,Q1.1–Q1.3 all pass,DOMAIN_PASS_KEYWORDS_METADATA,management-domain keywords in metadata (n=2),ULMC_PASS_EMPIRICAL,empirical ULMC detected (ulmc_signals=1),PLS_PASS_NOT_DETECTED,no PLS-SEM detected,INCLUDE_ALL_CRITERIA_PASS,Q1.1 PASS (DOMAIN_PASS_KEYWORDS_METADATA): management-domain keywords in metadata (n=2). Q1.2 PASS (ULMC_PASS_EMPIRICAL): empirical ULMC detected (ulmc_signals=1). Q1.3 PASS (PLS_PASS_NOT_DETECTED): no PLS-SEM detected. Decision: included — all Level 1 criteria pass.,ulmc,"signiﬁcant improvement in the model ﬁt, indicating that the unmeasured latent method factor did not have a signiﬁcant impact on the model. Speciﬁ- call",EBSCO_M0275_Mi Zhoua_2022_untitled.txt
M0276,96,"Sustainable development, environmental innovation and export firms: The moderating roles of external collaboration, creativity enhancement and internal development processes.",level1_fail,True,False,True,excluded,low,Q1.2: Harman primary CMV test; ULMC mention insufficient,DOMAIN_PASS_KEYWORDS_INTRO,management-domain keywords in PDF intro (n=5),ULMC_FAIL_HARMAN_ONLY,Harman primary CMV test; ULMC mention insufficient,PLS_PASS_NOT_DETECTED,no PLS-SEM detected,EXCLUDE_Q1_2_ULMC,Q1.1 PASS (DOMAIN_PASS_KEYWORDS_INTRO): management-domain keywords in PDF intro (n=5). Q1.2 FAIL (ULMC_FAIL_HARMAN_ONLY): Harman primary CMV test; ULMC mention insufficient. Q1.3 PASS (PLS_PASS_NOT_DETECTED): no PLS-SEM detected. Decision: excluded — Level 1 eligibility fail.,ulmc,"the TTIS was our only data source, we conducted a post- hoc Harman's single-factor test (Podsakoff & Organ, 1986). The factor analysis test re",EBSCO_M0276_Galbreath_2023_Sustainable_development_environmental_innovation.txt
M0277,97,From cognitive need to problematic use: a chained mediation path moderated by academic stress and AI literacy.,level1_fail,False,True,True,excluded,low,Q1.1: no management-domain signal; flag for manual review,DOMAIN_FAIL_NO_SIGNAL,no management-domain signal; flag for manual review,ULMC_PASS_EMPIRICAL,empirical ULMC detected (ulmc_signals=1),PLS_PASS_NOT_DETECTED,no PLS-SEM detected,EXCLUDE_Q1_1_DOMAIN,Q1.1 FAIL (DOMAIN_FAIL_NO_SIGNAL): no management-domain signal; flag for manual review. Q1.2 PASS (ULMC_PASS_EMPIRICAL): empirical ULMC detected (ulmc_signals=1). Q1.3 PASS (PLS_PASS_NOT_DETECTED): no PLS-SEM detected. Decision: excluded — Level 1 eligibility fail.,ulmc,n †These authors have contributed equally to this work and share ﬁrst authorship RECEIVED 14 December 2025 REVISED 18 February 2026 AC,EBSCO_M0277_Kong_2026_From_cognitive_need_to_problematic_use_a_chained.txt
M0278,98,Psychological mechanisms underlying employability among Chinese university students: a sequential mediation model and gender invariance analysis.,level1_fail,True,False,True,excluded,low,Q1.2: marker-variable approach; ULMC mention insufficient,DOMAIN_BORDERLINE_STUDENT_SAMPLE,Student sample — verify workplace/organizational relevance,ULMC_FAIL_MARKER_ONLY,marker-variable approach; ULMC mention insufficient,PLS_PASS_NOT_DETECTED,no PLS-SEM detected,EXCLUDE_Q1_2_ULMC,Q1.1 PASS (DOMAIN_BORDERLINE_STUDENT_SAMPLE): Student sample — verify workplace/organizational relevance. Q1.2 FAIL (ULMC_FAIL_MARKER_ONLY): marker-variable approach; ULMC mention insufficient. Q1.3 PASS (PLS_PASS_NOT_DETECTED): no PLS-SEM detected. Decision: excluded — Level 1 eligibility fail.,ulmc,"Hartman, N., and Cavazotte, F. (2010). Method variance and marker variables: a review and comprehensive CFA marker technique. Organ. R",EBSCO_M0278_Chang_2026_Psychological_mechanisms_underlying_employabilit.txt
M0279,99,Flowing toward toughness: serial mediation of flow and mental toughness in gamified XR soccer instruction.,excluded_pls,True,False,False,excluded_pls,low,PLS-SEM excluded (Q1.3): PLS-SEM estimation detected; domain=True; ulmc=False,DOMAIN_PASS_KEYWORDS_INTRO,management-domain keywords in PDF intro (n=2),ULMC_FAIL_NON_EMPIRICAL,non-empirical study (simulation),PLS_FAIL_SEM_DETECTED,PLS-SEM estimation detected,EXCLUDE_Q1_3_PLS,Q1.1 PASS (DOMAIN_PASS_KEYWORDS_INTRO): management-domain keywords in PDF intro (n=2). Q1.2 FAIL (ULMC_FAIL_NON_EMPIRICAL): non-empirical study (simulation). Q1.3 FAIL (PLS_FAIL_SEM_DETECTED): PLS-SEM estimation detected. Decision: excluded_pls — PLS-SEM detected (Q1.3 fail); not a hard reject of domain/ULMC.,pls,eventually consolidates into enduring “mental toughness.” Partial least squares-structural equation modeling (PLS-SEM) was used to analyze,EBSCO_M0279_Li_2026_Flowing_toward_toughness_serial_mediation_of_flo.txt
M0280,100,The mediating role of professional self-concept in how teacher professional development influences rural physical education teachers' work engagement: a moderated mediation analysis.,included,True,True,True,included,medium,Q1.1–Q1.3 all pass,DOMAIN_PASS_KEYWORDS_METADATA,management-domain keywords in metadata (n=1),ULMC_PASS_EMPIRICAL,empirical ULMC detected (ulmc_signals=1),PLS_PASS_NOT_DETECTED,no PLS-SEM detected,INCLUDE_ALL_CRITERIA_PASS,Q1.1 PASS (DOMAIN_PASS_KEYWORDS_METADATA): management-domain keywords in metadata (n=1). Q1.2 PASS (ULMC_PASS_EMPIRICAL): empirical ULMC detected (ulmc_signals=1). Q1.3 PASS (PLS_PASS_NOT_DETECTED): no PLS-SEM detected. Decision: included — all Level 1 criteria pass.,ulmc,"ld of 40%, suggesting CMB was not a predominant concern. 2. Unmeasured Latent Method Factor (ULMF) Technique: Following Podsakoﬀet al. (2003), we emplo",EBSCO_M0280_Yan_2026_The_mediating_role_of_professional_self-concept.txt
M0281,101,How Machiavellian leadership affects employees' happiness at work: the role of psychological contract breach and coworker exchange.,excluded_pls,True,True,False,excluded_pls,high,PLS-SEM excluded (Q1.3): PLS-SEM estimation detected; domain=True; ulmc=True,DOMAIN_PASS_JOURNAL_OUTLET,management journal/outlet match,ULMC_PASS_EMPIRICAL,empirical ULMC detected (ulmc_signals=1),PLS_FAIL_SEM_DETECTED,PLS-SEM estimation detected,EXCLUDE_Q1_3_PLS,Q1.1 PASS (DOMAIN_PASS_JOURNAL_OUTLET): management journal/outlet match. Q1.2 PASS (ULMC_PASS_EMPIRICAL): empirical ULMC detected (ulmc_signals=1). Q1.3 FAIL (PLS_FAIL_SEM_DETECTED): PLS-SEM estimation detected. Decision: excluded_pls — PLS-SEM detected (Q1.3 fail); not a hard reject of domain/ULMC.,pls,"T. M., Ringle, C. M., and Sarstedt, M. (2017). A Primer on Partial Least Squares Structural Equation Modeling (PLS-SEM). Thousand Oaks, CA:",EBSCO_M0281_Wu_2026_How_Machiavellian_leadership_affects_employees_h.txt
M0282,102,Flourishing and its influencing factor in inflammatory bowel disease patients: a latent profile analysis.,level1_fail,True,True,True,excluded,high,Low confidence include — verify manually. Q1.1–Q1.3 all pass,DOMAIN_BORDERLINE_CLINICAL_PATIENTS,Clinical patient sample — verify organizational vs. clinical scope,ULMC_PASS_EMPIRICAL,empirical ULMC detected (ulmc_signals=2),PLS_PASS_NOT_DETECTED,no PLS-SEM detected,EXCLUDE_Q1_1_DOMAIN_USER,Q1.1 PASS (DOMAIN_BORDERLINE_CLINICAL_PATIENTS): Clinical patient sample — verify organizational vs. clinical scope. Q1.2 PASS (ULMC_PASS_EMPIRICAL): empirical ULMC detected (ulmc_signals=2). Q1.3 PASS (PLS_PASS_NOT_DETECTED): no PLS-SEM detected. Decision: manual_review — Clinical patient sample — verify organizational vs. clinical scope; Q1.1–Q1.3 auto-pass but domain/sample borderline (not excluded). User override: exclude; domain out of scope — clinical patient sample,ulmc,"common method bias, the Harman single-factor method and the unmeasured latent method factor analysis (ULMC) were employed to assess such biases within",EBSCO_M0282_Bingyuan Lu †_2025_Flourishing_and_its_influencing_factor_in_inflam.txt
M0283,103,Understanding individual-level absorptive capacity: unpacking the roles of innovative attitude and motivation in perceived academic performance of Chinese international students in South Korea.,excluded_pls,True,True,False,excluded_pls,medium,PLS-SEM excluded (Q1.3): PLS-SEM estimation detected; domain=True; ulmc=True,DOMAIN_PASS_KEYWORDS_METADATA,management-domain keywords in metadata (n=1),ULMC_PASS_EMPIRICAL,empirical ULMC detected (ulmc_signals=1),PLS_FAIL_SEM_DETECTED,PLS-SEM estimation detected,EXCLUDE_Q1_3_PLS,Q1.1 PASS (DOMAIN_PASS_KEYWORDS_METADATA): management-domain keywords in metadata (n=1). Q1.2 PASS (ULMC_PASS_EMPIRICAL): empirical ULMC detected (ulmc_signals=1). Q1.3 FAIL (PLS_FAIL_SEM_DETECTED): PLS-SEM estimation detected. Decision: excluded_pls — PLS-SEM detected (Q1.3 fail); not a hard reject of domain/ULMC.,pls,"2022). First, the measurement model was assessed using the partial least squares structural equation modeling (PLS-SEM). PLS-SEM is useful",EBSCO_M0283_Jeon_2026_Understanding_individual-level_absorptive_capaci.txt
M0284,104,Trust-Mediated adoption of AI Robo-Advisors in inland china: an extended UTAUT perspective.,excluded_pls,True,True,False,excluded_pls,medium,PLS-SEM excluded (Q1.3): PLS-SEM estimation detected; domain=True; ulmc=True,DOMAIN_PASS_KEYWORDS_METADATA,management-domain keywords in metadata (n=1),ULMC_PASS_EMPIRICAL,empirical ULMC detected (ulmc_signals=2),PLS_FAIL_SEM_DETECTED,PLS-SEM estimation detected,EXCLUDE_Q1_3_PLS,Q1.1 PASS (DOMAIN_PASS_KEYWORDS_METADATA): management-domain keywords in metadata (n=1). Q1.2 PASS (ULMC_PASS_EMPIRICAL): empirical ULMC detected (ulmc_signals=2). Q1.3 FAIL (PLS_FAIL_SEM_DETECTED): PLS-SEM estimation detected. Decision: excluded_pls — PLS-SEM detected (Q1.3 fail); not a hard reject of domain/ULMC.,pls,estors across 16 prefecture-level cities in Henan Province. Partial Least Squares Structural Equation Modelling (PLS-SEM) was used to estima,EBSCO_M0284_LexisNexis_2026_About_LexisNexis_Privacy_Policy_Terms_Conditions.txt
M0285,105,Positive emotional cues at work: how customer empowering behavior promotes proactive customer service via psychological safety.,included,True,True,True,included,high,Q1.1–Q1.3 all pass,DOMAIN_PASS_JOURNAL_OUTLET,management journal/outlet match,ULMC_PASS_EMPIRICAL,empirical ULMC detected (ulmc_signals=1),PLS_PASS_NOT_DETECTED,no PLS-SEM detected,INCLUDE_ALL_CRITERIA_PASS,Q1.1 PASS (DOMAIN_PASS_JOURNAL_OUTLET): management journal/outlet match. Q1.2 PASS (ULMC_PASS_EMPIRICAL): empirical ULMC detected (ulmc_signals=1). Q1.3 PASS (PLS_PASS_NOT_DETECTED): no PLS-SEM detected. Decision: included — all Level 1 criteria pass.,ulmc,", a more rigorous test was conducted by controlling for an unmeasured latent method factor, as recom­ mended by Podsakoff et al. (2012). The model com",EBSCO_M0285_Wei Chen_2026_Positive_emotional_cues_at_work_how_customer_emp.txt
M0286,106,"Variations in Dementia Awareness, Contact and Stigma Attitudes Across Generations: A Community-Based Cross-Sectional Study in Shanghai, China.",level1_fail,False,True,True,excluded,medium,Q1.1: non-management domain keywords (exclude list),DOMAIN_FAIL_EXCLUDE_KEYWORDS,non-management domain keywords (exclude list),ULMC_PASS_EMPIRICAL,empirical ULMC detected (ulmc_signals=1),PLS_PASS_NOT_DETECTED,no PLS-SEM detected,EXCLUDE_Q1_1_DOMAIN,Q1.1 FAIL (DOMAIN_FAIL_EXCLUDE_KEYWORDS): non-management domain keywords (exclude list). Q1.2 PASS (ULMC_PASS_EMPIRICAL): empirical ULMC detected (ulmc_signals=1). Q1.3 PASS (PLS_PASS_NOT_DETECTED): no PLS-SEM detected. Decision: excluded — Level 1 eligibility fail.,ulmc,"lic of China; 2Shanghai East Hospital, School of Medicine, Tongji University, Shanghai, 200092, People’s Republic of China *These authors",EBSCO_M0286_Wenjia Li_2026_IJGM_A_577884_114.txt
M0287,107,"A study on the relationship between digital leadership, digital self-efficacy, and work engagement: the moderating role of technostress.",excluded_pls,True,True,False,excluded_pls,medium,PLS-SEM excluded (Q1.3): PLS-SEM estimation detected; domain=True; ulmc=True,DOMAIN_PASS_KEYWORDS_METADATA,management-domain keywords in metadata (n=4),ULMC_PASS_EMPIRICAL,empirical ULMC detected (ulmc_signals=2),PLS_FAIL_SEM_DETECTED,PLS-SEM estimation detected,EXCLUDE_Q1_3_PLS,Q1.1 PASS (DOMAIN_PASS_KEYWORDS_METADATA): management-domain keywords in metadata (n=4). Q1.2 PASS (ULMC_PASS_EMPIRICAL): empirical ULMC detected (ulmc_signals=2). Q1.3 FAIL (PLS_FAIL_SEM_DETECTED): PLS-SEM estimation detected. Decision: excluded_pls — PLS-SEM detected (Q1.3 fail); not a hard reject of domain/ULMC.,pls,"model fit. To examine the hypotheses, this study performed partial least squares structural equation modelling (PLS-SEM) using SmartPLS 4.1",EBSCO_M0287_Li_2026_A_study_on_the_relationship_between_digital_lead.txt
M0288,108,"Exploring the roles of social capital, social interaction and financial literacy in shaping access to finance for Indian SMEs.",excluded_pls,True,True,False,excluded_pls,medium,PLS-SEM excluded (Q1.3): PLS-SEM estimation detected; domain=True; ulmc=True,DOMAIN_PASS_KEYWORDS_METADATA,management-domain keywords in metadata (n=1),ULMC_PASS_EMPIRICAL,empirical ULMC detected (ulmc_signals=1),PLS_FAIL_SEM_DETECTED,PLS-SEM estimation detected,EXCLUDE_Q1_3_PLS,Q1.1 PASS (DOMAIN_PASS_KEYWORDS_METADATA): management-domain keywords in metadata (n=1). Q1.2 PASS (ULMC_PASS_EMPIRICAL): empirical ULMC detected (ulmc_signals=1). Q1.3 FAIL (PLS_FAIL_SEM_DETECTED): PLS-SEM estimation detected. Decision: excluded_pls — PLS-SEM detected (Q1.3 fail); not a hard reject of domain/ULMC.,pls,"G. T. M., Ringle, C. M., & Sarstedt, M. (2019). A Primer on Partial Least Squares Structural Equation Modeling (PLS-SEM). Sage Publications.",EBSCO_M0288_Williams_2026_RESEARCH.txt
M0289,109,Interpersonal satisfaction and classroom silence in Chinese universities: the mediating role of social anxiety.,level1_fail,True,True,True,excluded,high,Low confidence include — verify manually. Q1.1–Q1.3 all pass,DOMAIN_PASS_KEYWORDS_INTRO,management-domain keywords in PDF intro (n=2),ULMC_PASS_EMPIRICAL,empirical ULMC detected (ulmc_signals=2),PLS_PASS_NOT_DETECTED,no PLS-SEM detected,EXCLUDE_Q1_1_DOMAIN_USER,Q1.1 PASS (DOMAIN_PASS_KEYWORDS_INTRO): management-domain keywords in PDF intro (n=2). Q1.2 PASS (ULMC_PASS_EMPIRICAL): empirical ULMC detected (ulmc_signals=2). Q1.3 PASS (PLS_PASS_NOT_DETECTED): no PLS-SEM detected. Decision: manual_review — low-confidence include; all criteria pass in automation but verify domain/sample (not excluded). User override: exclude; domain out of scope — classroom silence in higher ed; not organizational,ulmc,(freshman vs. senior). 4.5.3 Common method variance check A common latent factor accounted for an additional 6.8% of variance; model fit im,EBSCO_M0289_Yuqiang Liu_2025_Interpersonal_satisfaction_and_classroom_silence.txt
M0290,110,How relationship-oriented behavior influences employee voice-silence conversion in cross-cultural virtual teams: the mediating role of psychological safety.,included,True,True,True,included,medium,Q1.1–Q1.3 all pass,DOMAIN_PASS_KEYWORDS_METADATA,management-domain keywords in metadata (n=4),ULMC_PASS_EMPIRICAL,empirical ULMC detected (ulmc_signals=1),PLS_PASS_NOT_DETECTED,no PLS-SEM detected,INCLUDE_ALL_CRITERIA_PASS,Q1.1 PASS (DOMAIN_PASS_KEYWORDS_METADATA): management-domain keywords in metadata (n=4). Q1.2 PASS (ULMC_PASS_EMPIRICAL): empirical ULMC detected (ulmc_signals=1). Q1.3 PASS (PLS_PASS_NOT_DETECTED): no PLS-SEM detected. Decision: included — all Level 1 criteria pass.,ulmc,"stantial common method bias. Additionally, we employed the unmeasured latent method factor approach (Podsakoff et al., 2003) by adding a common metho",EBSCO_M0290_†_2025_How_relationship-oriented_behavior_influences_em.txt
M0291,111,"Resource Endowments, Value Cognition, and Strategic Risk-Taking: Explaining Carbon-Reduction Investments in Port Enterprises.",excluded_pls,True,True,False,excluded_pls,medium,PLS-SEM excluded (Q1.3): PLS-SEM estimation detected; domain=True; ulmc=True,DOMAIN_PASS_KEYWORDS_METADATA,management-domain keywords in metadata (n=2),ULMC_PASS_EMPIRICAL,empirical ULMC detected (ulmc_signals=1),PLS_FAIL_SEM_DETECTED,PLS-SEM estimation detected,EXCLUDE_Q1_3_PLS,Q1.1 PASS (DOMAIN_PASS_KEYWORDS_METADATA): management-domain keywords in metadata (n=2). Q1.2 PASS (ULMC_PASS_EMPIRICAL): empirical ULMC detected (ulmc_signals=1). Q1.3 FAIL (PLS_FAIL_SEM_DETECTED): PLS-SEM estimation detected. Decision: excluded_pls — PLS-SEM detected (Q1.3 fail); not a hard reject of domain/ULMC.,pls,approach integrating SEM and fsQCA. SEM generally comprises partial least squares SEM (PLS-SEM) and CB-SEM [87]. Given that CB- SEM places st,EBSCO_M0291_Tingting Zhao_2026_Resource_Endowments_Value_Cognition_and_Strategi.txt
M0292,112,From retention to turnover: the paradoxical role of career optimism and the moderating effect of psychological safety.,included,True,True,True,included,medium,Q1.1–Q1.3 all pass,DOMAIN_PASS_KEYWORDS_METADATA,management-domain keywords in metadata (n=4),ULMC_PASS_EMPIRICAL,empirical ULMC detected (ulmc_signals=1),PLS_PASS_NOT_DETECTED,no PLS-SEM detected,INCLUDE_ALL_CRITERIA_PASS,Q1.1 PASS (DOMAIN_PASS_KEYWORDS_METADATA): management-domain keywords in metadata (n=4). Q1.2 PASS (ULMC_PASS_EMPIRICAL): empirical ULMC detected (ulmc_signals=1). Q1.3 PASS (PLS_PASS_NOT_DETECTED): no PLS-SEM detected. Decision: included — all Level 1 criteria pass.,ulmc,"ollowing the recommendation of Podsako et al. (2003), the unmeasured latent method factor approach was employed to test for common method bias. The",EBSCO_M0292_Gong_2026_From_retention_to_turnover_the_paradoxical_role.txt
M0293,113,The impact of self-transcendence values on cooperative behaviors: attitude mediation and emotional moderation.,level1_fail,True,True,True,excluded,high,Low confidence include — verify manually. Q1.1–Q1.3 all pass,DOMAIN_PASS_KEYWORDS_INTRO,management-domain keywords in PDF intro (n=4),ULMC_PASS_EMPIRICAL,empirical ULMC detected (ulmc_signals=1),PLS_PASS_NOT_DETECTED,no PLS-SEM detected,EXCLUDE_Q1_1_DOMAIN_USER,Q1.1 PASS (DOMAIN_PASS_KEYWORDS_INTRO): management-domain keywords in PDF intro (n=4). Q1.2 PASS (ULMC_PASS_EMPIRICAL): empirical ULMC detected (ulmc_signals=1). Q1.3 PASS (PLS_PASS_NOT_DETECTED): no PLS-SEM detected. Decision: manual_review — low-confidence include; all criteria pass in automation but verify domain/sample (not excluded). User override: exclude; domain out of scope — language classroom cooperative learning; not organizational,ulmc,"ntial inﬂuence of common method bias (CMB), we employed the unmeasured latent method factor (ULMF) approach for statistical control (Podsakoﬀet al., 20",EBSCO_M0293_Kong_2026_The_impact_of_self-transcendence_values_on_coope.txt
M0294,114,Psychological pathways between leadership behavior and work-family balance: the mediating roles of employee satisfaction and perceived support.,included,True,True,True,included,high,Q1.1–Q1.3 all pass,DOMAIN_PASS_JOURNAL_OUTLET,management journal/outlet match,ULMC_PASS_EMPIRICAL,empirical ULMC detected (ulmc_signals=2),PLS_PASS_NOT_DETECTED,no PLS-SEM detected,INCLUDE_ALL_CRITERIA_PASS,Q1.1 PASS (DOMAIN_PASS_JOURNAL_OUTLET): management journal/outlet match. Q1.2 PASS (ULMC_PASS_EMPIRICAL): empirical ULMC detected (ulmc_signals=2). Q1.3 PASS (PLS_PASS_NOT_DETECTED): no PLS-SEM detected. Decision: included — all Level 1 criteria pass.,ulmc,ent factor (CLF) technique was implemented by including an unmeasured latent method factor in the structural model with all observed indicators loadi,EBSCO_M0294_Lyu_2025_Psychological_pathways_between_leadership_behavi.txt
M0295,115,The influence of sports technology device usage on middle-aged health anxiety: chain mediation effects of health control perception and self-efficacy reconstruction.,level1_fail,True,False,True,excluded,low,Q1.2: Harman primary CMV test; ULMC mention insufficient,DOMAIN_BORDERLINE_PUBLIC_HEALTH,Public health / epidemics framing — verify management-domain scope,ULMC_FAIL_HARMAN_ONLY,Harman primary CMV test; ULMC mention insufficient,PLS_PASS_NOT_DETECTED,no PLS-SEM detected,EXCLUDE_Q1_2_ULMC,Q1.1 PASS (DOMAIN_BORDERLINE_PUBLIC_HEALTH): Public health / epidemics framing — verify management-domain scope. Q1.2 FAIL (ULMC_FAIL_HARMAN_ONLY): Harman primary CMV test; ULMC mention insufficient. Q1.3 PASS (PLS_PASS_NOT_DETECTED): no PLS-SEM detected. Decision: excluded — Level 1 eligibility fail.,ulmc,d SER on HA. 4 Research results 4.1 Common method bias test Exploratory factor analysis (EFA) using Harman’s single-factor test showed that the first unrotated princ,EBSCO_M0295_Feixuan Li_2025_The_influence_of_sports_technology_device_usage.txt
M0296,116,Influencing factors and mediating mechanisms of job crafting in clinical nursing practice.,included,True,True,True,included,medium,Q1.1–Q1.3 all pass,DOMAIN_BORDERLINE_PUBLIC_HEALTH,Public health / epidemics framing — verify management-domain scope,ULMC_PASS_EMPIRICAL,empirical ULMC detected (ulmc_signals=2),PLS_PASS_NOT_DETECTED,no PLS-SEM detected,INCLUDE_ALL_CRITERIA_PASS,Q1.1 PASS (DOMAIN_BORDERLINE_PUBLIC_HEALTH): Public health / epidemics framing — verify management-domain scope. Q1.2 PASS (ULMC_PASS_EMPIRICAL): empirical ULMC detected (ulmc_signals=2). Q1.3 PASS (PLS_PASS_NOT_DETECTED): no PLS-SEM detected. Decision: included — all Level 1 criteria pass.,ulmc,"ias test To assess common method variance, we employed the unmeasured latent method factor approach recommended by Podsakoff et al. (43). We compared",EBSCO_M0296_Jia Wang_2025_Influencing_factors_and_mediating_mechanisms_of.txt
M0297,117,FRAUD DIAMOND ANALYSIS IN REVEALING ASSET MISAPPROPRIATION WITH FRAUD RISK ASSESSMENT AS A MODERATING VARIABLE: A PERSPECTIVE OF THE FRAUD DIAMOND THEORY.,excluded_pls,True,True,False,excluded_pls,medium,PLS-SEM excluded (Q1.3): PLS-SEM estimation detected; domain=True; ulmc=True,DOMAIN_PASS_KEYWORDS_METADATA,management-domain keywords in metadata (n=3),ULMC_PASS_EMPIRICAL,empirical ULMC detected (ulmc_signals=1),PLS_FAIL_SEM_DETECTED,PLS-SEM estimation detected,EXCLUDE_Q1_3_PLS,Q1.1 PASS (DOMAIN_PASS_KEYWORDS_METADATA): management-domain keywords in metadata (n=3). Q1.2 PASS (ULMC_PASS_EMPIRICAL): empirical ULMC detected (ulmc_signals=1). Q1.3 FAIL (PLS_FAIL_SEM_DETECTED): PLS-SEM estimation detected. Decision: excluded_pls — PLS-SEM detected (Q1.3 fail); not a hard reject of domain/ULMC.,pls,from public organizations in Indonesia were analyzed using Partial Least Squares Structural Equation Modeling (PLS- SEM). The findings revea,EBSCO_M0297_Jl. Hayam Wuruk SH No. Semarang_2026_P-ISSN_2302-9315_Vol_14_No_1_Jan_2026_Page_61-71.txt
M0298,118,Digital transformation in SMEs: the impacts of strategic orientations and exploratory search strategies.,excluded_pls,True,True,False,excluded_pls,medium,PLS-SEM excluded (Q1.3): PLS-SEM estimation detected; domain=True; ulmc=True,DOMAIN_PASS_KEYWORDS_METADATA,management-domain keywords in metadata (n=4),ULMC_PASS_EMPIRICAL,empirical ULMC detected (ulmc_signals=1),PLS_FAIL_SEM_DETECTED,PLS-SEM estimation detected,EXCLUDE_Q1_3_PLS,Q1.1 PASS (DOMAIN_PASS_KEYWORDS_METADATA): management-domain keywords in metadata (n=4). Q1.2 PASS (ULMC_PASS_EMPIRICAL): empirical ULMC detected (ulmc_signals=1). Q1.3 FAIL (PLS_FAIL_SEM_DETECTED): PLS-SEM estimation detected. Decision: excluded_pls — PLS-SEM detected (Q1.3 fail); not a hard reject of domain/ULMC.,pls,proach This study analyzes data from 230 Chinese SMEs using partial least squares structural equation modeling to assess the impacts of stra,EBSCO_M0298_LexisNexis_2026_About_LexisNexis_Privacy_Policy_Terms_Conditions.txt
M0299,119,Job crafting towards strengths and interests: how overqualification enhances creativity?,included,True,True,True,included,high,Q1.1–Q1.3 all pass,DOMAIN_PASS_JOURNAL_OUTLET,management journal/outlet match,ULMC_PASS_EMPIRICAL,empirical ULMC detected (ulmc_signals=1),PLS_PASS_NOT_DETECTED,no PLS-SEM detected,INCLUDE_ALL_CRITERIA_PASS,Q1.1 PASS (DOMAIN_PASS_JOURNAL_OUTLET): management journal/outlet match. Q1.2 PASS (ULMC_PASS_EMPIRICAL): empirical ULMC detected (ulmc_signals=1). Q1.3 PASS (PLS_PASS_NOT_DETECTED): no PLS-SEM detected. Decision: included — all Level 1 criteria pass.,ulmc,"= 0.904, RMSEA = 0.054, SRMR = 0.062). Second, we added an unmeasured latent method factor (Podsakoff et al., 2003) when running CFA analysis in Mplu",EBSCO_M0299_Yana Dua_2023_Job_crafting_towards_strengths_and_interests_how.txt
M0300,120,To build a thriving workforce: unpacking the relationship between well-being-oriented human resource management and work outcomes.,included,True,True,True,included,high,Q1.1–Q1.3 all pass,DOMAIN_PASS_JOURNAL_OUTLET,management journal/outlet match,ULMC_PASS_EMPIRICAL,empirical ULMC detected (ulmc_signals=2),PLS_PASS_NOT_DETECTED,no PLS-SEM detected,INCLUDE_ALL_CRITERIA_PASS,Q1.1 PASS (DOMAIN_PASS_JOURNAL_OUTLET): management journal/outlet match. Q1.2 PASS (ULMC_PASS_EMPIRICAL): empirical ULMC detected (ulmc_signals=2). Q1.3 PASS (PLS_PASS_NOT_DETECTED): no PLS-SEM detected. Decision: included — all Level 1 criteria pass.,ulmc,"cedures suggested by Podsakoff et al. (2003), we added an unmeasured latent method factor to the proposed measure­ ment model and examined whether it",EBSCO_M0300_Xiao_2017_The_International_Journal_of_Human_Resource_Mana.txt
M0301,121,"The impact of enterprise–union coupling relationships on gig workers' well-being in China: the roles of basic rights, growth rights and time pressure.",included,True,True,True,included,high,Q1.1–Q1.3 all pass,DOMAIN_PASS_JOURNAL_OUTLET,management journal/outlet match,ULMC_PASS_EMPIRICAL,empirical ULMC detected (ulmc_signals=1),PLS_PASS_NOT_DETECTED,no PLS-SEM detected,INCLUDE_ALL_CRITERIA_PASS,Q1.1 PASS (DOMAIN_PASS_JOURNAL_OUTLET): management journal/outlet match. Q1.2 PASS (ULMC_PASS_EMPIRICAL): empirical ULMC detected (ulmc_signals=1). Q1.3 PASS (PLS_PASS_NOT_DETECTED): no PLS-SEM detected. Decision: included — all Level 1 criteria pass.,ulmc,"f et al. (2012), we conducted a CFA by con­ trolling for an unmeasured latent method factor to address the potential issue of CMV. Results in Table 3",EBSCO_M0301_Xuanqi Zhaa_2025_The_International_Journal_of_Human_Resource_Mana.txt
M0302,122,Relational leadership and work‒life balance: The moderated mediating role of relational energy.,included,True,True,True,included,high,Q1.1–Q1.3 all pass,DOMAIN_PASS_JOURNAL_OUTLET,management journal/outlet match,ULMC_PASS_EMPIRICAL,empirical ULMC detected (ulmc_signals=3),PLS_PASS_NOT_DETECTED,no PLS-SEM detected,INCLUDE_ALL_CRITERIA_PASS,Q1.1 PASS (DOMAIN_PASS_JOURNAL_OUTLET): management journal/outlet match. Q1.2 PASS (ULMC_PASS_EMPIRICAL): empirical ULMC detected (ulmc_signals=3). Q1.3 PASS (PLS_PASS_NOT_DETECTED): no PLS-SEM detected. Decision: included — all Level 1 criteria pass.,ulmc,"us study (Podsakoff & Organ, 1986). We further conducted an unmeasured latent method construct (ULMC) analysis to detect CMV, which is in line with previ",EBSCO_M0302_:–_2024_Asia_Pacific_Journal_of_Management_2025_42237924.txt
M0303,123,The Downside of Ethical Convictions: Why and When Employees Reduce Ethical Voice in Response to Perceived Supervisor Ethical Conviction.,included,True,True,True,included,high,Q1.1–Q1.3 all pass,DOMAIN_PASS_JOURNAL_OUTLET,management journal/outlet match,ULMC_PASS_EMPIRICAL,empirical ULMC detected (ulmc_signals=1),PLS_PASS_NOT_DETECTED,no PLS-SEM detected,INCLUDE_ALL_CRITERIA_PASS,Q1.1 PASS (DOMAIN_PASS_JOURNAL_OUTLET): management journal/outlet match. Q1.2 PASS (ULMC_PASS_EMPIRICAL): empirical ULMC detected (ulmc_signals=1). Q1.3 PASS (PLS_PASS_NOT_DETECTED): no PLS-SEM detected. Decision: included — all Level 1 criteria pass.,ulmc,"than the threshold of 50%. Addi- tionally, we followed the unmeasured latent method factor technique (Podsakoff et al., 2003, 2012) and added a first",EBSCO_M0303_Feng_2024_The_Downside_of_Ethical_Convictions_Why_and_When.txt
M0304,124,How Much Does the Business Development of Circular Eco‐Efficient Practices Improve by Shaking Stakeholders up?,included,True,True,True,included,high,Q1.1–Q1.3 all pass,DOMAIN_PASS_JOURNAL_OUTLET,management journal/outlet match,ULMC_PASS_EMPIRICAL,empirical ULMC detected (ulmc_signals=1),PLS_PASS_NOT_DETECTED,no PLS-SEM detected,INCLUDE_ALL_CRITERIA_PASS,Q1.1 PASS (DOMAIN_PASS_JOURNAL_OUTLET): management journal/outlet match. Q1.2 PASS (ULMC_PASS_EMPIRICAL): empirical ULMC detected (ulmc_signals=1). Q1.3 PASS (PLS_PASS_NOT_DETECTED): no PLS-SEM detected. Decision: included — all Level 1 criteria pass.,ulmc,"n's single-­factor test to evaluate the effect of a single unmeasured latent method factor (Chang, van Witteloostuijn, and Eden 2010). All the observ",EBSCO_M0304_Business Ethics_2023_HOW_MUCH_DOES_THE_BUSINESS_DEVELOPMENT_OF_CIRCUL.txt
M0305,125,Unpacking the Path from Knowledge Heterogeneity to Team Creativity: A Knowledge-Based View and Dynamic Capability Theory Perspective.,included,True,True,True,included,high,Q1.1–Q1.3 all pass,DOMAIN_PASS_JOURNAL_OUTLET,management journal/outlet match,ULMC_PASS_EMPIRICAL,empirical ULMC detected (ulmc_signals=1),PLS_PASS_NOT_DETECTED,no PLS-SEM detected,INCLUDE_ALL_CRITERIA_PASS,Q1.1 PASS (DOMAIN_PASS_JOURNAL_OUTLET): management journal/outlet match. Q1.2 PASS (ULMC_PASS_EMPIRICAL): empirical ULMC detected (ulmc_signals=1). Q1.3 PASS (PLS_PASS_NOT_DETECTED): no PLS-SEM detected. Decision: included — all Level 1 criteria pass.,ulmc,"s not severe. In addition, a five-factor model that adds an unmeasured latent method factor to the hypothesized four-factor model was estimated and com",EBSCO_M0305_Hongyi Cai_2025_Unpacking_the_Path_from_Knowledge_Heterogeneity.txt
M0306,126,"Reading Minds, Sparking Ideas: How Machiavellian Leaders Boost Team Creativity Through Cross-Understanding.",included,True,True,True,included,medium,Q1.1–Q1.3 all pass,DOMAIN_PASS_KEYWORDS_METADATA,management-domain keywords in metadata (n=5),ULMC_PASS_EMPIRICAL,empirical ULMC detected (ulmc_signals=2),PLS_PASS_NOT_DETECTED,no PLS-SEM detected,INCLUDE_ALL_CRITERIA_PASS,Q1.1 PASS (DOMAIN_PASS_KEYWORDS_METADATA): management-domain keywords in metadata (n=5). Q1.2 PASS (ULMC_PASS_EMPIRICAL): empirical ULMC detected (ulmc_signals=2). Q1.3 PASS (PLS_PASS_NOT_DETECTED): no PLS-SEM detected. Decision: included — all Level 1 criteria pass.,ulmc,"un- likely to be a serious concern. Second, we adopted the unmeasured latent method factor control (ULMC) approach, adding a method factor to the four",EBSCO_M0306_Yan_2025_Reading_Minds_Sparking_Ideas_How_Machiavellian_L.txt
M0307,127,"The more you connect, the less you connect: An examination of the role of phubbing at home and job crafting in the crossover and spillover effects of work–family spousal support on employee creativity.",included,True,True,True,included,medium,Q1.1–Q1.3 all pass,DOMAIN_PASS_KEYWORDS_METADATA,management-domain keywords in metadata (n=5),ULMC_PASS_EMPIRICAL,empirical ULMC detected (ulmc_signals=2),PLS_PASS_NOT_DETECTED,no PLS-SEM detected,INCLUDE_ALL_CRITERIA_PASS,Q1.1 PASS (DOMAIN_PASS_KEYWORDS_METADATA): management-domain keywords in metadata (n=5). Q1.2 PASS (ULMC_PASS_EMPIRICAL): empirical ULMC detected (ulmc_signals=2). Q1.3 PASS (PLS_PASS_NOT_DETECTED): no PLS-SEM detected. Decision: included — all Level 1 criteria pass.,ulmc,"V (Beal, 2015). Additionally, we control the effects of the unmeasured latent method factor following the recommendation by Podsakoff et al. (2003). W",EBSCO_M0307_Psychol._2023_The_More_You_Connect_the_Less_You_Connect_An_Exa.txt
M0308,128,The Impact of Empowering Leadership on Taking Charge Behaviors: Mediating Strengths Use and Moderating Ambition.,included,True,True,True,included,medium,Q1.1–Q1.3 all pass,DOMAIN_PASS_KEYWORDS_METADATA,management-domain keywords in metadata (n=3),ULMC_PASS_EMPIRICAL,empirical ULMC detected (ulmc_signals=1),PLS_PASS_NOT_DETECTED,no PLS-SEM detected,INCLUDE_ALL_CRITERIA_PASS,Q1.1 PASS (DOMAIN_PASS_KEYWORDS_METADATA): management-domain keywords in metadata (n=3). Q1.2 PASS (ULMC_PASS_EMPIRICAL): empirical ULMC detected (ulmc_signals=1). Q1.3 PASS (PLS_PASS_NOT_DETECTED): no PLS-SEM detected. Decision: included — all Level 1 criteria pass.,ulmc,"Following Podsakoff et al.’s recommendation [70], a single unmeasured latent method factor approach was employed to assess the presence of common meth",EBSCO_M0308_Kong_2024_The_Impact_of_Empowering_Leadership_on_Taking_Ch.txt
M0309,129,Organizational Benefits of Commuting Support: The Impact of Flexible Working Hours on Employees' OCB through Commuting Control.,included,True,True,True,included,medium,Q1.1–Q1.3 all pass,DOMAIN_PASS_KEYWORDS_METADATA,management-domain keywords in metadata (n=4),ULMC_PASS_EMPIRICAL,empirical ULMC detected (ulmc_signals=1),PLS_PASS_NOT_DETECTED,no PLS-SEM detected,INCLUDE_ALL_CRITERIA_PASS,Q1.1 PASS (DOMAIN_PASS_KEYWORDS_METADATA): management-domain keywords in metadata (n=4). Q1.2 PASS (ULMC_PASS_EMPIRICAL): empirical ULMC detected (ulmc_signals=1). Q1.3 PASS (PLS_PASS_NOT_DETECTED): no PLS-SEM detected. Decision: included — all Level 1 criteria pass.,ulmc,"). In this paper, we controlled for the effects of a single unmeasured latent method factor to test whether there was a common method bias (Xiong et a",EBSCO_M0309_© The Author(s)_2024_ORIGINAL_RESEARCH_Accepted_17_June_2024_Publishe.txt
M0310,130,The dark side of creativity: its connection to work-family conflict.,excluded_pls,True,True,False,excluded_pls,medium,PLS-SEM excluded (Q1.3): PLS-SEM estimation detected; domain=True; ulmc=True,DOMAIN_PASS_KEYWORDS_METADATA,management-domain keywords in metadata (n=2),ULMC_PASS_EMPIRICAL,empirical ULMC detected (ulmc_signals=1),PLS_FAIL_SEM_DETECTED,PLS-SEM estimation detected,EXCLUDE_Q1_3_PLS,Q1.1 PASS (DOMAIN_PASS_KEYWORDS_METADATA): management-domain keywords in metadata (n=2). Q1.2 PASS (ULMC_PASS_EMPIRICAL): empirical ULMC detected (ulmc_signals=1). Q1.3 FAIL (PLS_FAIL_SEM_DETECTED): PLS-SEM estimation detected. Decision: excluded_pls — PLS-SEM detected (Q1.3 fail); not a hard reject of domain/ULMC.,pls,"ons (Vol. 2). Wiley. Kock, N. (2015). Common method bias in PLS-SEM: A full collinearity assessment approach. International Jou",EBSCO_M0310_Xie_2022_The_dark_side_of_creativity_its_connection_to_wo.txt
M0311,131,Unleashing digital superheroes: Unravelling the empathy factor in digital competence and online teacher autonomy support.,included,True,True,True,included,medium,Q1.1–Q1.3 all pass,DOMAIN_PASS_KEYWORDS_METADATA,management-domain keywords in metadata (n=1),ULMC_PASS_EMPIRICAL,empirical ULMC detected (ulmc_signals=1),PLS_PASS_NOT_DETECTED,no PLS-SEM detected,INCLUDE_ALL_CRITERIA_PASS,Q1.1 PASS (DOMAIN_PASS_KEYWORDS_METADATA): management-domain keywords in metadata (n=1). Q1.2 PASS (ULMC_PASS_EMPIRICAL): empirical ULMC detected (ulmc_signals=1). Q1.3 PASS (PLS_PASS_NOT_DETECTED): no PLS-SEM detected. Decision: included — all Level 1 criteria pass.,ulmc,"3). This approach, controlling for the effects of a single unmeasured latent method factor (using Mplus 8.3), is consid- ered a best practice to addre",EBSCO_M0311_Technol._2023_Unleashing_Digital_Superheroes_Unraveling_the_Em.txt
M0312,132,THE ROLES OF PARTNERING AND BOUNDARY ACTIVITIES ON PROJECT RESILIENCE UNDER DISRUPTIONS.,level1_fail,True,False,True,excluded,medium,Q1.2: non-empirical study (systematic review),DOMAIN_PASS_KEYWORDS_METADATA,management-domain keywords in metadata (n=1),ULMC_FAIL_NON_EMPIRICAL,non-empirical study (systematic review),PLS_PASS_NOT_DETECTED,no PLS-SEM detected,EXCLUDE_Q1_2_ULMC,Q1.1 PASS (DOMAIN_PASS_KEYWORDS_METADATA): management-domain keywords in metadata (n=1). Q1.2 FAIL (ULMC_FAIL_NON_EMPIRICAL): non-empirical study (systematic review). Q1.3 PASS (PLS_PASS_NOT_DETECTED): no PLS-SEM detected. Decision: excluded — Level 1 eligibility fail.,,,EBSCO_M0312_SHEN_2023_THE_ROLES_OF_PARTNERING_AND_BOUNDARY_ACTIVITIES.txt
M0313,133,The Buffering Role of Anti‐Violence Human Resource Management Practices in Shaping How Police Officers Cope With Workplace Violence.,level1_fail,True,False,True,excluded,high,Q1.2: non-empirical study (systematic review),DOMAIN_PASS_JOURNAL_OUTLET,management journal/outlet match,ULMC_FAIL_NON_EMPIRICAL,non-empirical study (systematic review),PLS_PASS_NOT_DETECTED,no PLS-SEM detected,EXCLUDE_Q1_2_ULMC,Q1.1 PASS (DOMAIN_PASS_JOURNAL_OUTLET): management journal/outlet match. Q1.2 FAIL (ULMC_FAIL_NON_EMPIRICAL): non-empirical study (systematic review). Q1.3 PASS (PLS_PASS_NOT_DETECTED): no PLS-SEM detected. Decision: excluded — Level 1 eligibility fail.,harman,Dd 1987 (251) 0.717 0.716 0.138 0.108 1381 14*** Model Ee (Harman's single factor test) 2417 (252) 0.647 0.646 0.154 0.124 1811 15*** Note: A,EBSCO_M0313_Human Resource Management_2024_The_buffering_role_of_antiviolence_human_resourc.txt
M0314,134,Technostress and work-family conflict in ICT-user employees during the COVID-19 pandemic: the role of social support and mindfulness.,included,True,True,True,included,medium,Q1.1–Q1.3 all pass,DOMAIN_PASS_KEYWORDS_METADATA,management-domain keywords in metadata (n=3),ULMC_PASS_EMPIRICAL,empirical ULMC detected (ulmc_signals=1),PLS_PASS_NOT_DETECTED,no PLS-SEM detected,INCLUDE_ALL_CRITERIA_PASS,Q1.1 PASS (DOMAIN_PASS_KEYWORDS_METADATA): management-domain keywords in metadata (n=3). Q1.2 PASS (ULMC_PASS_EMPIRICAL): empirical ULMC detected (ulmc_signals=1). Q1.3 PASS (PLS_PASS_NOT_DETECTED): no PLS-SEM detected. Decision: included — all Level 1 criteria pass.,ulmc,"sakoﬀet al. (2003) and Liang et al. (2007), we adopted the Unmeasured Latent Method Factor technique. The results showed that the unstandardised facto",EBSCO_M0314_Carla_Azpíroz-Dorronsoro_2021_untitled.txt
M0315,135,Differences in influencing mechanism of clinicians' adoption behavior for liver cancer screening technology between the leading and subordinate hospitals within medical consortiums.,level1_fail,False,True,True,excluded,low,Q1.1: no management-domain signal; flag for manual review,DOMAIN_FAIL_NO_SIGNAL,no management-domain signal; flag for manual review,ULMC_PASS_EMPIRICAL,empirical ULMC detected (ulmc_signals=2),PLS_PASS_NOT_DETECTED,no PLS-SEM detected,EXCLUDE_Q1_1_DOMAIN,Q1.1 FAIL (DOMAIN_FAIL_NO_SIGNAL): no management-domain signal; flag for manual review. Q1.2 PASS (ULMC_PASS_EMPIRICAL): empirical ULMC detected (ulmc_signals=2). Q1.3 PASS (PLS_PASS_NOT_DETECTED): no PLS-SEM detected. Decision: excluded — Level 1 eligibility fail.,ulmc,investigate clinicians who were aware of CEUS and worked in liver disease-related departments within the sampled medical institutions,EBSCO_M0315_Williams_2024_RESEARCH.txt
M0316,136,How Is Job Insecurity Related to Workers' Work–Family Conflict during the Pandemic? The Mediating Role of Working Excessively and Techno-Overload.,excluded_pls,True,True,False,excluded_pls,high,PLS-SEM excluded (Q1.3): PLS-SEM estimation detected; domain=True; ulmc=True,DOMAIN_PASS_JOURNAL_OUTLET,management journal/outlet match,ULMC_PASS_EMPIRICAL,empirical ULMC detected (ulmc_signals=1),PLS_FAIL_SEM_DETECTED,PLS-SEM estimation detected,EXCLUDE_Q1_3_PLS,Q1.1 PASS (DOMAIN_PASS_JOURNAL_OUTLET): management journal/outlet match. Q1.2 PASS (ULMC_PASS_EMPIRICAL): empirical ULMC detected (ulmc_signals=1). Q1.3 FAIL (PLS_FAIL_SEM_DETECTED): PLS-SEM estimation detected. Decision: excluded_pls — PLS-SEM detected (Q1.3 fail); not a hard reject of domain/ULMC.,pls,"ir, J.F., Jr.; Matthews, L.M.; Matthews, R.L.; Sarstedt, M. PLS-SEM or CB-SEM: Updated Guidelines on Which Method to Use. Int.",EBSCO_M0316_Finstad_2024_How_Is_Job_Insecurity_Related_to_Workers_WorkFam.txt
M0317,137,Why do I (not) trust my employees? Predicting factors for leaders' trust in employees.,included,True,True,True,included,medium,Q1.1–Q1.3 all pass,DOMAIN_PASS_KEYWORDS_METADATA,management-domain keywords in metadata (n=3),ULMC_PASS_EMPIRICAL,empirical ULMC detected (ulmc_signals=2),PLS_PASS_NOT_DETECTED,no PLS-SEM detected,INCLUDE_ALL_CRITERIA_PASS,Q1.1 PASS (DOMAIN_PASS_KEYWORDS_METADATA): management-domain keywords in metadata (n=3). Q1.2 PASS (ULMC_PASS_EMPIRICAL): empirical ULMC detected (ulmc_signals=2). Q1.3 PASS (PLS_PASS_NOT_DETECTED): no PLS-SEM detected. Decision: included — all Level 1 criteria pass.,ulmc,"ing Podsakoff, MacKenzie, and Podsakoff (2012), we used an unmeasured latent method factor to assess the issue. Table 1 shows that the fit of the mod",EBSCO_M0317_Lhaden_2025_Why_do_I_not_trust_my_employees_Predicting_facto.txt
M0318,138,When and Why Negative Supervisor Gossip Yields Functional and Dysfunctional Consequences on Subordinate Interactive Behaviors.,included,True,True,True,included,high,Q1.1–Q1.3 all pass,DOMAIN_PASS_JOURNAL_OUTLET,management journal/outlet match,ULMC_PASS_EMPIRICAL,empirical ULMC detected (ulmc_signals=1),PLS_PASS_NOT_DETECTED,no PLS-SEM detected,INCLUDE_ALL_CRITERIA_PASS,Q1.1 PASS (DOMAIN_PASS_JOURNAL_OUTLET): management journal/outlet match. Q1.2 PASS (ULMC_PASS_EMPIRICAL): empirical ULMC detected (ulmc_signals=1). Q1.3 PASS (PLS_PASS_NOT_DETECTED): no PLS-SEM detected. Decision: included — all Level 1 criteria pass.,ulmc,"d the Harman’s single-fac- tor test using SPSS 26.0 and the unmeasured latent method factor technique using Mplus 7.4 (Podsakoff et al., 2003, 2012).",EBSCO_M0318__2024_When_and_Why_Negative_Supervisor_Gossip_Yields_F.txt
M0319,139,From Deception to Rejection: Unraveling the Impact of Workplace Cheating Behavior on Coworker Ostracism.,included,True,True,True,included,high,Q1.1–Q1.3 all pass,DOMAIN_PASS_JOURNAL_OUTLET,management journal/outlet match,ULMC_PASS_EMPIRICAL,empirical ULMC detected (ulmc_signals=3),PLS_PASS_NOT_DETECTED,no PLS-SEM detected,INCLUDE_ALL_CRITERIA_PASS,Q1.1 PASS (DOMAIN_PASS_JOURNAL_OUTLET): management journal/outlet match. Q1.2 PASS (ULMC_PASS_EMPIRICAL): empirical ULMC detected (ulmc_signals=3). Q1.3 PASS (PLS_PASS_NOT_DETECTED): no PLS-SEM detected. Decision: included — all Level 1 criteria pass.,ulmc,A results for the six-factor measurement model in which an unmeasured latent method factor was added to the five-factor model and all items were spec,EBSCO_M0319__2023_From_Deception_to_Rejection_Unraveling_the_Impac.txt
M0320,140,"""Distinctiveness–Conformity"" Paradox: How to Leverage Digital Platform Capabilities to Enhance SMEs Ecological Niches.",level1_fail,True,False,True,excluded,medium,Q1.2: Harman primary CMV test; ULMC mention insufficient,DOMAIN_PASS_KEYWORDS_METADATA,management-domain keywords in metadata (n=2),ULMC_FAIL_HARMAN_ONLY,Harman primary CMV test; ULMC mention insufficient,PLS_PASS_NOT_DETECTED,no PLS-SEM detected,EXCLUDE_Q1_2_ULMC,Q1.1 PASS (DOMAIN_PASS_KEYWORDS_METADATA): management-domain keywords in metadata (n=2). Q1.2 FAIL (ULMC_FAIL_HARMAN_ONLY): Harman primary CMV test; ULMC mention insufficient. Q1.3 PASS (PLS_PASS_NOT_DETECTED): no PLS-SEM detected. Decision: excluded — Level 1 eligibility fail.,ulmc,"4.3. Non-Response and Common Method Bias First, we used the Harman one-factor test to detect CMB. The total explanation of the five facto",EBSCO_M0320_Kong_2025_DistinctivenessConformity_Paradox_How_to_Leverag.txt
M0321,141,The relationship between college students' legal cognition and maladaptive risk-taking behaviors: the moderating effect of need for cognitive closure.,level1_fail,False,True,True,excluded,low,Q1.1: no management-domain signal; flag for manual review,DOMAIN_FAIL_NO_SIGNAL,no management-domain signal; flag for manual review,ULMC_PASS_EMPIRICAL,empirical ULMC detected (ulmc_signals=1),PLS_PASS_NOT_DETECTED,no PLS-SEM detected,EXCLUDE_Q1_1_DOMAIN,Q1.1 FAIL (DOMAIN_FAIL_NO_SIGNAL): no management-domain signal; flag for manual review. Q1.2 PASS (ULMC_PASS_EMPIRICAL): empirical ULMC detected (ulmc_signals=1). Q1.3 PASS (PLS_PASS_NOT_DETECTED): no PLS-SEM detected. Decision: excluded — Level 1 eligibility fail.,ulmc,"ess driving, and delinquency, which existing frameworks only partially explain (Willoughby et al., 2021; Leather, 2009). Such behavio",EBSCO_M0321_Yu_Hu_2025_The_relationship_between_college_students_legal.txt
M0322,142,The relationship between teacher care and Chinese college students' physical education class learning satisfaction: the chain mediation effect of exercise enjoyment and exercise self-efficacy.,level1_fail,False,True,True,excluded,low,Q1.1: no management-domain signal; flag for manual review,DOMAIN_FAIL_NO_SIGNAL,no management-domain signal; flag for manual review,ULMC_PASS_EMPIRICAL,empirical ULMC detected (ulmc_signals=2),PLS_PASS_NOT_DETECTED,no PLS-SEM detected,EXCLUDE_Q1_1_DOMAIN,Q1.1 FAIL (DOMAIN_FAIL_NO_SIGNAL): no management-domain signal; flag for manual review. Q1.2 PASS (ULMC_PASS_EMPIRICAL): empirical ULMC detected (ulmc_signals=2). Q1.3 PASS (PLS_PASS_NOT_DETECTED): no PLS-SEM detected. Decision: excluded — Level 1 eligibility fail.,ulmc,"icacy Haixiong Chen 1 and Jun Xiang 2* 1Guangdong Vocational Institute of Sport, Guangzhou, China, 2School of Physical Education and Health",EBSCO_M0322_Xiang_2025_The_relationship_between_teacher_care_and_Chines.txt
M0323,143,The role of social support in the association between quality of life and demoralization in patients with inflammatory bowel disease: a cross-sectional study.,level1_fail,True,True,True,excluded,high,Low confidence include — verify manually. Q1.1–Q1.3 all pass,DOMAIN_BORDERLINE_CLINICAL_PATIENTS,Clinical patient sample — verify organizational vs. clinical scope,ULMC_PASS_EMPIRICAL,empirical ULMC detected (ulmc_signals=1),PLS_PASS_NOT_DETECTED,no PLS-SEM detected,EXCLUDE_Q1_1_DOMAIN_USER,Q1.1 PASS (DOMAIN_BORDERLINE_CLINICAL_PATIENTS): Clinical patient sample — verify organizational vs. clinical scope. Q1.2 PASS (ULMC_PASS_EMPIRICAL): empirical ULMC detected (ulmc_signals=1). Q1.3 PASS (PLS_PASS_NOT_DETECTED): no PLS-SEM detected. Decision: manual_review — Clinical patient sample — verify organizational vs. clinical scope; Q1.1–Q1.3 auto-pass but domain/sample borderline (not excluded). User override: exclude; domain out of scope — clinical IBD patients; not organizational,ulmc,"uality control Common method variance was assessed using an unmeasured latent method factor approach, indicating average method variance of 18.3%, bel",EBSCO_M0323_Jingrui_Ji_2024_The_role_of_social_support_in_the_association_be.txt
M0324,144,The threshold moderating effect of self-efficacy: a nonlinear transformation mechanism of work passion on job satisfaction among sports practitioners.,included,True,True,True,included,high,Q1.1–Q1.3 all pass,DOMAIN_PASS_JOURNAL_OUTLET,management journal/outlet match,ULMC_PASS_EMPIRICAL,empirical ULMC detected (ulmc_signals=2),PLS_PASS_NOT_DETECTED,no PLS-SEM detected,INCLUDE_ALL_CRITERIA_PASS,Q1.1 PASS (DOMAIN_PASS_JOURNAL_OUTLET): management journal/outlet match. Q1.2 PASS (ULMC_PASS_EMPIRICAL): empirical ULMC detected (ulmc_signals=2). Q1.3 PASS (PLS_PASS_NOT_DETECTED): no PLS-SEM detected. Decision: included — all Level 1 criteria pass.,ulmc,"Bias (CMB): Statistical control was implemented using the Unmeasured Latent Method Factor (ULMC) approach. After adding the method factor, changes i",EBSCO_M0324_Miao_2025_The_threshold_moderating_effect_of_self-efficacy.txt
M0325,145,Online Fitness Content as a behavioral catalyst: extending the Theory of Planned Behavior to unmask time-dependent effects on resistance training engagement.,included,True,True,True,included,medium,Q1.1–Q1.3 all pass,DOMAIN_BORDERLINE_STUDENT_SAMPLE,Student sample — verify workplace/organizational relevance,ULMC_PASS_EMPIRICAL,empirical ULMC detected (ulmc_signals=1),PLS_PASS_NOT_DETECTED,no PLS-SEM detected,INCLUDE_ALL_CRITERIA_PASS,Q1.1 PASS (DOMAIN_BORDERLINE_STUDENT_SAMPLE): Student sample — verify workplace/organizational relevance. Q1.2 PASS (ULMC_PASS_EMPIRICAL): empirical ULMC detected (ulmc_signals=1). Q1.3 PASS (PLS_PASS_NOT_DETECTED): no PLS-SEM detected. Decision: included — all Level 1 criteria pass.,ulmc,"Considering the limited sensitivity of Harman’s test, the unmeasured latent method factor approach was further employed. This method involved introd",EBSCO_M0325_Wei_Wei_2025_Online_Fitness_Content_as_a_behavioral_catalyst.txt
M0326,146,Protecting work engagement from digital fatigue: the contingent roles of leadership style and network ties.,included,True,True,True,included,medium,Q1.1–Q1.3 all pass,DOMAIN_PASS_KEYWORDS_METADATA,management-domain keywords in metadata (n=5),ULMC_PASS_EMPIRICAL,empirical ULMC detected (ulmc_signals=1),PLS_PASS_NOT_DETECTED,no PLS-SEM detected,INCLUDE_ALL_CRITERIA_PASS,Q1.1 PASS (DOMAIN_PASS_KEYWORDS_METADATA): management-domain keywords in metadata (n=5). Q1.2 PASS (ULMC_PASS_EMPIRICAL): empirical ULMC detected (ulmc_signals=1). Q1.3 PASS (PLS_PASS_NOT_DETECTED): no PLS-SEM detected. Decision: included — all Level 1 criteria pass.,ulmc,"nimal (Hair et al., 2014). To further assess CMB, a single unmeasured latent method factor approach was applied (Podsakoff et al., 2003). This invol",EBSCO_M0326_Deng_2025_Protecting_work_engagement_from_digital_fatigue.txt
M0327,147,"The impact of mission valence on innovative work behavior among civil servants: the roles of harmonious passion, spiritual leadership, and the organization's fault-tolerant climate.",included,True,True,True,included,high,Q1.1–Q1.3 all pass,DOMAIN_PASS_JOURNAL_OUTLET,management journal/outlet match,ULMC_PASS_EMPIRICAL,empirical ULMC detected (ulmc_signals=1),PLS_PASS_NOT_DETECTED,no PLS-SEM detected,INCLUDE_ALL_CRITERIA_PASS,Q1.1 PASS (DOMAIN_PASS_JOURNAL_OUTLET): management journal/outlet match. Q1.2 PASS (ULMC_PASS_EMPIRICAL): empirical ULMC detected (ulmc_signals=1). Q1.3 PASS (PLS_PASS_NOT_DETECTED): no PLS-SEM detected. Decision: included — all Level 1 criteria pass.,ulmc,l. 10.3389/fpsyg.2025.1722923 employed the control of the unmeasured latent method factor approach to test for common method bias in the data. After,EBSCO_M0327_Liu_2025_The_impact_of_mission_valence_on_innovative_work.txt
M0722,148,The impact of social support on the quality of sports participation among individuals with disabilities: the chain mediating effects of psychological capital and self-esteem.,level1_fail,,,,excluded,high,2026-06-26: exclude; Q1.1 domain out of scope — adaptive sports/disability participation (not management or OB).,,,,,,,EXCLUDE_Q1_1_DOMAIN_USER,User decision 2026-06-26: exclude; Q1.1 domain out of scope — adaptive sports/disability participation (not management or OB). Decision: excluded — metadata/user L1 (no PDF on disk).,metadata,"Background: Individuals with disabilities possess the right to equally participate in cultural, recreational, and sporting activities. Enhancing the quality of sports participation among this population is therefore of significant importance for promoting social equity. Grounded…",
M0723,149,Perceived algorithmic control and gig workers' work engagement: assessing the mediating role of psychological empowerment and the moderating effect of deep acting.,excluded_pls,True,True,False,excluded_pls,medium,PLS-SEM excluded (Q1.3): PLS-SEM estimation detected; domain=True; ulmc=True,DOMAIN_PASS_KEYWORDS_METADATA,management-domain keywords in metadata (n=1),ULMC_PASS_EMPIRICAL,empirical ULMC detected (ulmc_signals=1),PLS_FAIL_SEM_DETECTED,PLS-SEM estimation detected,EXCLUDE_Q1_3_PLS,Q1.1 PASS (DOMAIN_PASS_KEYWORDS_METADATA): management-domain keywords in metadata (n=1). Q1.2 PASS (ULMC_PASS_EMPIRICAL): empirical ULMC detected (ulmc_signals=1). Q1.3 FAIL (PLS_FAIL_SEM_DETECTED): PLS-SEM estimation detected. Decision: excluded_pls — PLS-SEM detected (Q1.3 fail); not a hard reject of domain/ULMC.,pls,"sion analysis. It is founded on variance analysis and uses partial least squares method­ ology for model prediction and analysis, enabling s",
M0724,150,The roles of finance opinion and income source in the link between financial literacy and student financial behaviour in Tanzania.,level1_fail,,,,excluded,high,2026-06-26: exclude; Q1.1 domain out of scope — student financial literacy (Tanzania accounting & finance).,,,,,,,EXCLUDE_Q1_1_DOMAIN_USER,User decision 2026-06-26: exclude; Q1.1 domain out of scope — student financial literacy (Tanzania accounting & finance). Decision: excluded — metadata/user L1 (no PDF on disk).,metadata,"It is widely recognised that youth financial literacy and responsible financial behaviour are critical for inclusive economic development, closely aligned with the United Nations Sustainable Development Goals, particularly SDG 4.4. This study examined the influence of financial…",
