pool_id,title,authors,year,journal,publisher_outlet,publisher_outlet_detail,doi,ebsco_an,ebsco_search_position,in_master,master_article_id,pool_status,gap_reason,pdf_status,examination_status,zotero_key,pdf_path,sort_rank,notes
P0001,'Volunteers are incompetent': how the stereotype of incompetence impacts new volunteer's participation.,"Miao, Qing ; Huang, Jinhao ; He, Yuhang ; Pan, Chao",2026,Public Management Review,Taylor & Francis,Public Management Review,10.1080/14719037.2024.2436049,190954360,85,Y,M0266,in_pool,,downloaded,fully_coded,,review/EBSCO/pdfs/EBSCO_M0266_Qing Miaoa_2024_Volunteers_are_incompetent_how_the_stereotype_of.pdf,1,ebsco_search_position=85;ebsco_record_range=51-100
P0002,A Bayesian analysis of determinants of open science utilization among Gen Z students in Vietnamese universities challenges digital native assumptions.,"Thi Tuyet Le, Trinh ; Nguyen, Ho ; Le, Minh-Cuong ; Vo, Mai Xuan ; Pham, Thi-Quynh ; Ho, Manh-Tung ; Nguyen, Hong-Kong T.",2026,Discover Education,Springer,Discover Education,10.1007/s44217-026-01667-8,194006173,57,Y,M0238,in_pool,,downloaded,fully_coded,,review/EBSCO/pdfs/EBSCO_M0238_Williams_2026_RESEARCH.pdf,2,ebsco_search_position=57;ebsco_record_range=51-100
P0003,"A study on the relationship between digital leadership, digital self-efficacy, and work engagement: the moderating role of technostress.","Li, Jingke ; Wang, Yongkang ; Han, Joongoo",2026,Frontiers in Psychology,Frontiers,Frontiers in Psychology,10.3389/fpsyg.2026.1751207,191920997,107,Y,M0287,in_pool,,downloaded,not_read,,review/EBSCO/pdfs/EBSCO_M0287_Li_2026_A_study_on_the_relationship_between_digital_lead.pdf,3,ebsco_search_position=107;ebsco_record_range=101-150
P0004,Accelerating digital transformation: key drivers of cloud computing adoption and firm performance outcomes in Malaysian SMEs.,"Subramaniam, Anusuiya ; Teh, Raymond",2026,Future Business Journal,Springer,Future Business Journal,10.1186/s43093-025-00711-7,191207723,78,Y,M0259,in_pool,,downloaded,not_read,,review/EBSCO/pdfs/EBSCO_M0259_:_2026_Accelerating_digital_transformation_key_drivers.pdf,4,ebsco_search_position=78;ebsco_record_range=51-100
P0005,Algorithm aversion among workers in on-demand platforms: an exploration in the context of ride-hailing.,"Shen, Junjie ; Niu, Yanping ; Guo, Ziqing ; Chai, Yandong",2026,Management System Engineering,Springer,Management System Engineering,10.1007/s44176-026-00060-x,191451710,79,Y,M0260,in_pool,,downloaded,fully_coded,,review/EBSCO/pdfs/EBSCO_M0260__2026_Algorithm_aversion_among_workers_in_on-demand_pl.pdf,5,ebsco_search_position=79;ebsco_record_range=51-100
P0006,"Analysis of hospital resilience in public health emergencies using structural equation modeling: based on risk perception, resource preparedness, and team collaboration.","Chen, Yunpeng ; Wu, Hao",2026,Frontiers in Public Health,Frontiers,Frontiers in Public Health,10.3389/fpubh.2026.1819684,194179492,53,Y,M0234,in_pool,,downloaded,fully_coded,,review/EBSCO/pdfs/EBSCO_M0234_Chen_2026_Analysis_of_hospital_resilience_in_public_health.pdf,6,ebsco_search_position=53;ebsco_record_range=51-100
P0007,Antecedents and Consequences of Customized Product Value.,"Yıldırım, Emre ; Nart, Sima ; Karatepe, Osman M.",2026,Journal of Theoretical & Applied Electronic Commerce Research,MDPI,Journal of Theoretical & Applied Electronic Commerce Research,10.3390/jtaer21030076,192590582,83,Y,M0264,in_pool,,downloaded,fully_coded,,review/EBSCO/pdfs/EBSCO_M0264_Karatepe_2026_Antecedents_and_Consequences_of_Customized_Produ.pdf,7,ebsco_search_position=83;ebsco_record_range=51-100
P0008,"Associations among impostor phenomenon, self-compassion, shame, and social anxiety in college students.","He, Chuanchuan ; Ye, Lin",2026,Frontiers in Psychology,Frontiers,Frontiers in Psychology,10.3389/fpsyg.2026.1777854,193362115,67,Y,M0248,in_pool,,downloaded,not_read,,review/EBSCO/pdfs/EBSCO_M0248_He_2026_Associations_among_impostor_phenomenon_self-comp.pdf,8,ebsco_search_position=67;ebsco_record_range=51-100
P0009,Beyond coexistence: the asymmetric interplay of health risk and promotion pathways driven by communication legacies across emerging and recurring epidemics.,"Wu, Shaolong ; Wan, Haiyan",2026,Frontiers in Public Health,Frontiers,Frontiers in Public Health,10.3389/fpubh.2026.1835961,193620193,63,Y,M0244,in_pool,,downloaded,not_read,,review/EBSCO/pdfs/EBSCO_M0244_Wan_2026_Beyond_coexistence_the_asymmetric_interplay_of_h.pdf,9,ebsco_search_position=63;ebsco_record_range=51-100
P0010,"Beyond prompt engineering: the associations among creative self-efficacy, flow state, learner engagement, and psychological ownership in GenAI-assisted composition.","Tong, Tianyu",2026,Frontiers in Psychology,Frontiers,Frontiers in Psychology,10.3389/fpsyg.2026.1823846,194550564,45,Y,M0226,in_pool,,downloaded,not_read,,review/EBSCO/pdfs/EBSCO_M0226_Tong_2026_Beyond_prompt_engineering_the_associations_among.pdf,10,ebsco_search_position=45;ebsco_record_range=1-50
P0011,Beyond survival: gender and regional dynamics of entrepreneurial success factors in transitional economy.,"Mohamed, Fitouri ; Haj Mohamed, Akram",2026,Future Business Journal,Springer,Future Business Journal,10.1186/s43093-026-00846-1,193653748,25,Y,M0206,in_pool,,downloaded,not_read,,review/EBSCO/pdfs/EBSCO_M0206_:_2026_Beyond_survival_gender_and_regional_dynamics_of.pdf,11,ebsco_search_position=25;ebsco_record_range=1-50
P0012,Beyond words: developing a scale to measure the embodied professional literacy of K-12 physical education teachers.,"Li, Zhi ; Jia, Jingdong ; Jiang, Zijing ; Ding, Kai ; Li, Chenlin ; Zou, Xiang",2026,Frontiers in Psychology,Frontiers,Frontiers in Psychology,10.3389/fpsyg.2026.1789350,194178577,50,Y,M0231,in_pool,,downloaded,not_read,,review/EBSCO/pdfs/EBSCO_M0231_Li_2026_Beyond_words_developing_a_scale_to_measure_the_e.pdf,12,ebsco_search_position=50;ebsco_record_range=1-50
P0013,Core self-evaluation and learning burnout among first-year medical students: a three-wave longitudinal study on the mediating roles of anxiety-related distress and problematic digital media use.,"Yang, Shoukai ; Yang, Xudong ; Li, Xiang ; Chen, Li ; Zheng, Yawen ; Dai, Zheru",2026,Frontiers in Medicine,Frontiers,Frontiers in Medicine,10.3389/fmed.2026.1818069,194296743,47,Y,M0228,in_pool,,downloaded,not_read,,review/EBSCO/pdfs/EBSCO_M0228_Yang_2026_Core_self-evaluation_and_learning_burnout_among.pdf,13,ebsco_search_position=47;ebsco_record_range=1-50
P0014,"Could AI risk perception, AI learning anxiety and personal growth initiative influence university students' AI usage capability? An empirical investigation based on the control-value theory.","Jiang, Yali ; Chen, Haiping",2026,Frontiers in Psychology,Frontiers,Frontiers in Psychology,10.3389/fpsyg.2026.1788475,192691216,74,Y,M0255,in_pool,,downloaded,not_read,,review/EBSCO/pdfs/EBSCO_M0255_Jiang_2026_Could_AI_risk_perception_AI_learning_anxiety_and.pdf,14,ebsco_search_position=74;ebsco_record_range=51-100
P0015,Digital transformation in SMEs: the impacts of strategic orientations and exploratory search strategies.,"Wang, Danping ; Chen, Dongyu ; Ye, Linlin ; Huang, Chris",2026,Management Research Review,NA,Management Research Review,,191219980,118,Y,M0298,in_pool,,downloaded,not_read,,review/EBSCO/pdfs/EBSCO_M0298_LexisNexis_2026_About_LexisNexis_Privacy_Policy_Terms_Conditions.pdf,15,ebsco_search_position=118;ebsco_record_range=101-150
P0016,Digitalization and Employee Health and Well-Being During COVID-19.,"Ha, Hyesong ; Raghavan, Aarthi ; Demircioglu, Mehmet Akif ; Hur, Hyunkang",2026,Administrative Sciences (2076-3387),MDPI,Administrative Sciences (2076-3387),10.3390/admsci16030156,192637594,81,Y,M0262,in_pool,,downloaded,fully_coded,,review/EBSCO/pdfs/EBSCO_M0262_Ha_2026_Digitalization_and_Employee_Health_and_Well-Bein.pdf,16,ebsco_search_position=81;ebsco_record_range=51-100
P0017,Entrepreneurial Intentions: The Role of Gender and Culture in Entrepreneurial Education.,"Krishna, Shwetha M. ; Agrawal, Somya",2026,Administrative Sciences (2076-3387),MDPI,Administrative Sciences (2076-3387),10.3390/admsci16010038,191212862,82,Y,M0263,in_pool,,downloaded,not_read,,review/EBSCO/pdfs/EBSCO_M0263_Shwetha M. Krishna and Somya Agrawal_2025_Entrepreneurial_Intentions_The_Role_of_Gender_an.pdf,17,ebsco_search_position=82;ebsco_record_range=51-100
P0018,"Exploring the roles of social capital, social interaction and financial literacy in shaping access to finance for Indian SMEs.","Shharma, Poojha Chaturvedi ; Bansal, Rohit ; Aziz, Aulia Luqman ; Propheto, Arfendo",2026,Discover Sustainability,Springer,Discover Sustainability,10.1007/s43621-026-02680-5,192414992,108,Y,M0288,in_pool,,downloaded,not_read,,review/EBSCO/pdfs/EBSCO_M0288_Williams_2026_RESEARCH.pdf,18,ebsco_search_position=108;ebsco_record_range=101-150
P0019,Flourishing and its influencing factor in inflammatory bowel disease patients: a latent profile analysis.,"Lu, Bingyuan ; Ma, Linlin ; Xia, Fei ; Zhang, Lu ; Liu, Ying ; Yu, Xiaoyan ; Sun, Renjuan ; Luo, Yanfang",2026,Frontiers in Psychiatry,Frontiers,Frontiers in Psychiatry,10.3389/fpsyt.2026.1751497,192155047,102,Y,M0282,in_pool,,downloaded,not_read,,review/EBSCO/pdfs/EBSCO_M0282_Bingyuan Lu †_2025_Flourishing_and_its_influencing_factor_in_inflam.pdf,19,ebsco_search_position=102;ebsco_record_range=101-150
P0020,Flowing toward toughness: serial mediation of flow and mental toughness in gamified XR soccer instruction.,"Li, Chao ; Memmert, Daniel ; Sang, Guangliang",2026,Frontiers in Psychology,Frontiers,Frontiers in Psychology,10.3389/fpsyg.2026.1731891,192382493,99,Y,M0279,in_pool,,downloaded,not_read,,review/EBSCO/pdfs/EBSCO_M0279_Li_2026_Flowing_toward_toughness_serial_mediation_of_flo.pdf,20,ebsco_search_position=99;ebsco_record_range=51-100
P0021,FRAUD DIAMOND ANALYSIS IN REVEALING ASSET MISAPPROPRIATION WITH FRAUD RISK ASSESSMENT AS A MODERATING VARIABLE: A PERSPECTIVE OF THE FRAUD DIAMOND THEORY.,"FADHILA, ZATI RIZKA ; CHARIRI, ANIS ; HANDAYANI, RR SRI",2026,Keunis,NA,Keunis,10.32497/keunis.v14i1.6832,191564441,117,Y,M0297,in_pool,,downloaded,not_read,,review/EBSCO/pdfs/EBSCO_M0297_Jl. Hayam Wuruk SH No. Semarang_2026_P-ISSN_2302-9315_Vol_14_No_1_Jan_2026_Page_61-71.pdf,21,ebsco_search_position=117;ebsco_record_range=101-150
P0022,From cognitive need to problematic use: a chained mediation path moderated by academic stress and AI literacy.,"Kong, Yong ; Dong, Tongqiang ; Yang, Ziyi ; Fang, Yu ; Chen, Ning",2026,Frontiers in Psychology,Frontiers,Frontiers in Psychology,10.3389/fpsyg.2026.1767454,192618864,97,Y,M0277,in_pool,,downloaded,not_read,,review/EBSCO/pdfs/EBSCO_M0277_Kong_2026_From_cognitive_need_to_problematic_use_a_chained.pdf,22,ebsco_search_position=97;ebsco_record_range=51-100
P0023,From overqualification to job crafting: how illegitimate tasks and moral distress shape physicians' self-regulation.,"Li, Tongyao",2026,Frontiers in Psychology,Frontiers,Frontiers in Psychology,10.3389/fpsyg.2026.1800281,194520296,46,Y,M0227,in_pool,,downloaded,not_read,,review/EBSCO/pdfs/EBSCO_M0227_Li_2026_From_overqualification_to_job_crafting_how_illeg.pdf,23,ebsco_search_position=46;ebsco_record_range=1-50
P0024,From physical workplaces to virtual communities: extending the job embeddedness construct and predicting digital makers' continuance participation.,"Bi, Zhuoying ; Liu, Xiao ; Yang, Jiaoping",2026,Frontiers in Psychology,Frontiers,Frontiers in Psychology,10.3389/fpsyg.2026.1815824,193526872,60,Y,M0241,in_pool,,downloaded,fully_coded,,review/EBSCO/pdfs/EBSCO_M0241_Bi_2026_From_physical_workplaces_to_virtual_communities.pdf,24,ebsco_search_position=60;ebsco_record_range=51-100
P0025,From retention to turnover: the paradoxical role of career optimism and the moderating effect of psychological safety.,"Gong, Zhenxing ; Lu, Yue ; Li, Miaomiao",2026,Frontiers in Psychology,Frontiers,Frontiers in Psychology,10.3389/fpsyg.2025.1706367,191167369,112,Y,M0292,in_pool,,downloaded,fully_coded,,review/EBSCO/pdfs/EBSCO_M0292_Gong_2026_From_retention_to_turnover_the_paradoxical_role.pdf,25,ebsco_search_position=112;ebsco_record_range=101-150
P0026,Green human resource management and green supply chain integration: the mediating role of ambidextrous environmental strategy.,"Chang, Yue ; Feng, Taiwen ; Tan, Jianyu ; Xian, Fenggang",2026,International Journal of Human Resource Management,Taylor & Francis,International Journal of Human Resource Management,10.1080/09585192.2026.2672582,193908288,26,Y,M0207,in_pool,,downloaded,not_read,,review/EBSCO/pdfs/EBSCO_M0207_Yue Changa_2026_The_International_Journal_of_Human_Resource_Mana.pdf,26,ebsco_search_position=26;ebsco_record_range=1-50
P0027,Green Transformational Leadership and Value–Action Barrier on Employees' Pro-Environmental Behavior: The Moderating Role of Green Brand Image in Chinese Food Manufacturing Enterprises.,"Zhong, Liqing ; Hahn, Juhee",2026,Behavioral Sciences (2076-328X),MDPI,Behavioral Sciences (2076-328X),10.3390/bs16010071,191221021,6,Y,M0188,in_pool,,downloaded,fully_coded,,review/EBSCO/pdfs/EBSCO_M0188_Liqing Zhong and Juhee Hahn_2026_Green_Transformational_Leadership_and_ValueActio.pdf,27,ebsco_search_position=6;ebsco_record_range=1-50
P0028,Hedonic Beats Utilitarian: Differential Effects of AI Chatbots and AR/VR on Consumer Engagement in E-Commerce.,"Zhang, Qin ; Abdullah, Firdaus",2026,Journal of Theoretical & Applied Electronic Commerce Research,MDPI,Journal of Theoretical & Applied Electronic Commerce Research,10.3390/jtaer21020060,191972039,84,Y,M0265,in_pool,,downloaded,fully_coded,,review/EBSCO/pdfs/EBSCO_M0265_Zhang_2025_Hedonic_Beats_Utilitarian_Differential_Effects_o.pdf,28,ebsco_search_position=84;ebsco_record_range=51-100
P0029,How Machiavellian leadership affects employees' happiness at work: the role of psychological contract breach and coworker exchange.,"Wu, Hao ; Lu, Shuai ; Liu, Anle",2026,Frontiers in Psychology,Frontiers,Frontiers in Psychology,10.3389/fpsyg.2026.1763335,192155082,101,Y,M0281,in_pool,,downloaded,not_read,,review/EBSCO/pdfs/EBSCO_M0281_Wu_2026_How_Machiavellian_leadership_affects_employees_h.pdf,29,ebsco_search_position=101;ebsco_record_range=101-150
P0030,How relationship-oriented behavior influences employee voice-silence conversion in cross-cultural virtual teams: the mediating role of psychological safety.,"Dong, Xuetong ; Xing, Luling",2026,Frontiers in Psychology,Frontiers,Frontiers in Psychology,10.3389/fpsyg.2025.1662897,191321140,110,Y,M0290,in_pool,,downloaded,fully_coded,,review/EBSCO/pdfs/EBSCO_M0290_†_2025_How_relationship-oriented_behavior_influences_em.pdf,30,ebsco_search_position=110;ebsco_record_range=101-150
P0031,How Work Autonomy Enhances Adaptive Performance: The Sequential Role of Job Crafting Towards Strengths and Demands–Abilities Fit in Times of Crisis.,"Lau, Angelika ; Aguirre Reid, Sophia C.",2026,Journal of Change Management,Taylor & Francis,Journal of Change Management,10.1080/14697017.2026.2631400,191830844,77,Y,M0258,in_pool,,downloaded,not_read,,review/EBSCO/pdfs/EBSCO_M0258_Lau_2026_How_Work_Autonomy_Enhances_Adaptive_Performance.pdf,31,ebsco_search_position=77;ebsco_record_range=51-100
P0032,How Workplace Fun Promotes Employees' Innovative Behavior: A Dual Mediation Model.,"Wang, Wenwei ; Tang, Jie",2026,Behavioral Sciences (2076-328X),MDPI,Behavioral Sciences (2076-328X),10.3390/bs16050750,194142894,1,Y,M0183,in_pool,,downloaded,fully_coded,,review/EBSCO/pdfs/EBSCO_M0183_Wang_2026_How_Workplace_Fun_Promotes_Employees_Innovative.pdf,32,ebsco_search_position=1;ebsco_record_range=1-50
P0033,Influencing factors and mediating mechanisms of job crafting in clinical nursing practice.,"Wang, Jia ; Li, Yaru ; Sun, Jiaxin ; Cui, Yajuan ; Su, Mei ; Tang, Peijuan ; Wang, Yanting ; Hu, Yuchong ; Chang, Wenzhong ; Wang, Yanli",2026,Frontiers in Public Health,Frontiers,Frontiers in Public Health,10.3389/fpubh.2025.1711339,190609304,116,Y,M0296,in_pool,,downloaded,fully_coded,,review/EBSCO/pdfs/EBSCO_M0296_Jia Wang_2025_Influencing_factors_and_mediating_mechanisms_of.pdf,33,ebsco_search_position=116;ebsco_record_range=101-150
P0034,Interpersonal satisfaction and classroom silence in Chinese universities: the mediating role of social anxiety.,"Liu, Yuqiang ; Liu, Mengzhu ; Zhang, Siguang",2026,Frontiers in Psychology,Frontiers,Frontiers in Psychology,10.3389/fpsyg.2026.1676791,191321154,109,Y,M0289,in_pool,,downloaded,not_read,,review/EBSCO/pdfs/EBSCO_M0289_Yuqiang Liu_2025_Interpersonal_satisfaction_and_classroom_silence.pdf,34,ebsco_search_position=109;ebsco_record_range=101-150
P0035,Latent Profile Analysis of Family Resilience and Its Associated Factors in Maintenance Hemodialysis Patients: A Cross-Sectional Study.,"Ma, Linlin ; Su, Zhenzhen ; Luo, Yanfang ; Chen, Xueru ; Liu, Kangping ; Liu, Zhimin ; Xia, Fei ; Sun, Renjuan ; Wang, Jiao",2026,Journal of Multidisciplinary Healthcare,NA,Journal of Multidisciplinary Healthcare,10.2147/jmdh.s608329,194260441,64,Y,M0245,in_pool,,downloaded,fully_coded,,review/EBSCO/pdfs/EBSCO_M0245_Linlin Ma_2025_JMDH_A_608329_115.pdf,35,ebsco_search_position=64;ebsco_record_range=51-100
P0036,Leadership avoidance as a rational choice among women instructors in higher education: cross-cultural parallels.,"Ayesha, Benazir ; Wen, Bo ; Li, Yuan ; Ahmed, Fawad",2026,Frontiers in Psychology,Frontiers,Frontiers in Psychology,10.3389/fpsyg.2026.1767636,193247183,68,Y,M0249,in_pool,,downloaded,fully_coded,,review/EBSCO/pdfs/EBSCO_M0249_Benazir Ayesha_2026_Leadership_avoidance_as_a_rational_choice_among.pdf,36,ebsco_search_position=68;ebsco_record_range=51-100
P0037,Leading Innovation in Tourism and Hospitality: The Mediating Role of Knowledge Sharing and Organizational Agility.,"Hasanein, Ahmed Mohamed ; Alhaidar, Maher Abdullah ; Al-Romeedy, Bassam Samir ; Seraj, Abdullah H.",2026,Systems,MDPI,Systems,10.3390/systems14040369,193461681,75,Y,M0256,in_pool,,downloaded,not_read,,review/EBSCO/pdfs/EBSCO_M0256_Ahmed Mohamed Hasanein_2026_Leading_Innovation_in_Tourism_and_Hospitality_Th.pdf,37,ebsco_search_position=75;ebsco_record_range=51-100
P0038,"Organizational Dehumanization, Perceived Stress, and Patient Depersonalization in French Nurses: A Cross‐Sectional Test of the Spillover Model.","Mollet, Marie Charlotte ; Zerhouni, Oulmann ; Isnard Bagnis, Corinne ; Romo, Lucia ; Fontenot, Justin",2026,Journal of Nursing Management,NA,Journal of Nursing Management,10.1155/jonm/2207579,194783789,21,Y,M0720,in_pool,,downloaded,fully_coded,,review/EBSCO/pdfs/imports/Mollet_2026_jonm_2207579.pdf,38,ebsco_search_position=21;ebsco_record_range=1-50;export_only_added=2026-06-26
P0039,Positive emotional cues at work: how customer empowering behavior promotes proactive customer service via psychological safety.,"Chen, Wei ; Yao, Kai ; Fan, Zhaoying",2026,Frontiers in Psychology,Frontiers,Frontiers in Psychology,10.3389/fpsyg.2026.1734905,192001088,105,Y,M0285,in_pool,,downloaded,fully_coded,,review/EBSCO/pdfs/EBSCO_M0285_Wei Chen_2026_Positive_emotional_cues_at_work_how_customer_emp.pdf,39,ebsco_search_position=105;ebsco_record_range=101-150
P0040,Positive parenting style and academic burnout in physical education teacher education students: a chain mediating model of physical activity and meaning in life.,"Ma, Hui ; Liu, Lijun ; Huang, Shuting ; Yin, Zhonggen ; Liu, Tong",2026,Frontiers in Psychology,Frontiers,Frontiers in Psychology,10.3389/fpsyg.2026.1854548,194575476,44,Y,M0225,in_pool,,downloaded,not_read,,review/EBSCO/pdfs/EBSCO_M0225_Ma_2026_Positive_parenting_style_and_academic_burnout_in.pdf,40,ebsco_search_position=44;ebsco_record_range=1-50
P0041,Proaction or procrastination? The double-edged sword effect of perceived overqualification.,"Sun, Daguang ; Chen, Mengye ; Cheng, Bao ; Huang, Xin",2026,Journal of Personnel Psychology,NA,Journal of Personnel Psychology,10.1027/1866-5888/a000391,2027-66422-001,,Y,M0666,in_pool,,missing,not_read,,,41,ebsco_record_range=501-550
P0042,Provoking or backfiring? A contingent model of how abusive supervision influences learning from failure through fear.,"Wang, Haizhen ; An, Ge ; Xu, Jiajia ; Ding, Lin ; Chen, Jie",2026,Frontiers in Psychology,Frontiers,Frontiers in Psychology,10.3389/fpsyg.2026.1532064,193526843,62,Y,M0243,in_pool,,downloaded,fully_coded,,review/EBSCO/pdfs/EBSCO_M0243_Wang_2024_Provoking_or_backfiring_A_contingent_model_of_ho.pdf,42,ebsco_search_position=62;ebsco_record_range=51-100
P0043,Psychological mechanisms underlying employability among Chinese university students: a sequential mediation model and gender invariance analysis.,"Chang, Hongying ; Yan, Guohua ; Guo, Jichang",2026,Frontiers in Psychology,Frontiers,Frontiers in Psychology,10.3389/fpsyg.2026.1749175,192510947,98,Y,M0278,in_pool,,downloaded,not_read,,review/EBSCO/pdfs/EBSCO_M0278_Chang_2026_Psychological_mechanisms_underlying_employabilit.pdf,43,ebsco_search_position=98;ebsco_record_range=51-100
P0044,Psychological pathways between leadership behavior and work-family balance: the mediating roles of employee satisfaction and perceived support.,"Wang, Pengyuan ; Lyu, Bei ; Yang, Qing ; Wan, Qiang",2026,Frontiers in Psychology,Frontiers,Frontiers in Psychology,10.3389/fpsyg.2025.1626218,191111655,114,Y,M0294,in_pool,,downloaded,fully_coded,,review/EBSCO/pdfs/EBSCO_M0294_Lyu_2025_Psychological_pathways_between_leadership_behavi.pdf,44,ebsco_search_position=114;ebsco_record_range=101-150
P0045,"Relationships Between Organizational Innovation Climate, Creative Self-Efficacy, and Innovation Performance: A Cross-Sectional Study in Public Hospitals.","Wu, Ruizhe ; Feng, Xingmiao ; Zhai, Ziyan ; Sun, Xinyue ; Wang, Zhen ; Wang, Zhaoyang ; Meng, Kai",2026,Inquiry (00469580),SAGE,Inquiry (00469580),10.1177/00469580261433833,192767704,23,Y,M0204,in_pool,,downloaded,fully_coded,,review/EBSCO/pdfs/EBSCO_M0204_Organization_2026_Relationships_Between_Organizational_Innovation.pdf,45,ebsco_search_position=23;ebsco_record_range=1-50
P0046,"Resource Endowments, Value Cognition, and Strategic Risk-Taking: Explaining Carbon-Reduction Investments in Port Enterprises.","Zhao, Tingting ; Ding, Ning ; Gu, Jing ; Chen, Maowei",2026,Systems,MDPI,Systems,10.3390/systems14020203,192048951,111,Y,M0291,in_pool,,downloaded,not_read,,review/EBSCO/pdfs/EBSCO_M0291_Tingting Zhao_2026_Resource_Endowments_Value_Cognition_and_Strategi.pdf,46,ebsco_search_position=111;ebsco_record_range=101-150
P0047,Sensory processing sensitivity levels in patients with disorders of gut–brain interaction: a propensity score-matched cross-sectional study.,"Peng, Dingjiang ; Zhang, Yijun",2026,Frontiers in Medicine,Frontiers,Frontiers in Medicine,10.3389/fmed.2026.1674680,192821546,72,Y,M0253,in_pool,,downloaded,not_read,,review/EBSCO/pdfs/EBSCO_M0253_Peng_2026_Sensory_processing_sensitivity_levels_in_patient.pdf,47,ebsco_search_position=72;ebsco_record_range=51-100
P0048,"Social media addiction and social anxiety among college students: the serial mediating roles of alienation, self-focused attention, and fear of negative evaluation.","Xu, Xiaoyu ; Fang, Hao",2026,Frontiers in Psychology,Frontiers,Frontiers in Psychology,10.3389/fpsyg.2026.1797966,193137196,70,Y,M0251,in_pool,,downloaded,not_read,,review/EBSCO/pdfs/EBSCO_M0251_Xu_2026_Social_media_addiction_and_social_anxiety_among.pdf,48,ebsco_search_position=70;ebsco_record_range=51-100
P0049,Staged and gendered pathways from parenting behaviors to Chinese students’ creative thinking: The roles of autonomous motivation and creative self-efficacy.,"Liu, Guirong ; Zhang, Xiaomei ; Liu, Zhanbo ; Zhang, Jinghuan",2026,"Psychology of Aesthetics, Creativity, and the Arts",APA/PSYC,"Psychology of Aesthetics, Creativity, and the Arts",10.1037/aca0000637,2024-51547-001,,Y,M0667,in_pool,,missing,not_read,,,49,ebsco_record_range=551-570
P0050,Status and influencing factors of spiritual climate among oncology nurses: a cross-sectional study.,"Zhang, Tianyue ; Dong, Chunfeng ; Tang, Jie ; Yu, Ping",2026,Frontiers in Psychology,Frontiers,Frontiers in Psychology,10.3389/fpsyg.2026.1759724,194130727,51,Y,M0232,in_pool,,downloaded,not_read,,review/EBSCO/pdfs/EBSCO_M0232_Zhang_2026_Status_and_influencing_factors_of_spiritual_clim.pdf,50,ebsco_search_position=51;ebsco_record_range=51-100
P0051,Supervisors as Enhancers of Workplace Resilience Training: Promoting Training Transfer at Work and Perceptions of Support.,"Kho, Madison C. ; Crane, Monique F.",2026,Journal of Personnel Psychology,NA,Journal of Personnel Psychology,10.1027/1866-5888/a000384,2027-39003-001,76,Y,M0257,in_pool,,downloaded,fully_coded,,review/EBSCO/pdfs/EBSCO_M0257_Kho_2026_Original_Article_Supervisors_as_Enhancers_of_Wor.pdf,51,ebsco_search_position=76;ebsco_record_range=51-100
P0052,The association between academic self-esteem and college students' positive psychological qualities: the mediating role of general self-efficacy.,"Li, Jing ; Yan, Xianghui",2026,Frontiers in Psychology,Frontiers,Frontiers in Psychology,10.3389/fpsyg.2026.1788167,193526863,61,Y,M0242,in_pool,,downloaded,not_read,,review/EBSCO/pdfs/EBSCO_M0242_Li_2026_The_association_between_academic_self-esteem_and.pdf,52,ebsco_search_position=61;ebsco_record_range=51-100
P0053,The cognitive engine of evaluative threat: socially prescribed perfectionism and Music Performance Anxiety—a moderated mediation analysis of rumination and self-compassion.,"Yan, Haitao ; Liu, Chang",2026,Frontiers in Psychology,Frontiers,Frontiers in Psychology,10.3389/fpsyg.2026.1782906,194130731,52,Y,M0233,in_pool,,downloaded,fully_coded,,review/EBSCO/pdfs/EBSCO_M0233_Yan_2026_The_cognitive_engine_of_evaluative_threat_social.pdf,53,ebsco_search_position=52;ebsco_record_range=51-100
P0054,The effect of social capital on infectious disease-specific health literacy among community residents: the chain mediating effect of family health and psychological capital.,"Xu, Huan ; Zhang, Xixi ; Yang, Qian ; Du, Hanlu ; Lang, Hongjuan",2026,Frontiers in Public Health,Frontiers,Frontiers in Public Health,10.3389/fpubh.2026.1780476,193137439,71,Y,M0252,in_pool,,downloaded,not_read,,review/EBSCO/pdfs/EBSCO_M0252_Huan Xu_2025_The_effect_of_social_capital_on_infectious_disea.pdf,54,ebsco_search_position=71;ebsco_record_range=51-100
P0055,The Green Shield: How Pro-Environmental Advocacy Protects Employees from Supervisor Ostracism.,"Ju, Dong ; Tang, Yan ; Geng, Shu ; Lu, Ruobing ; Wang, Weifeng",2026,Behavioral Sciences (2076-328X),MDPI,Behavioral Sciences (2076-328X),10.3390/bs16020196,192036276,4,Y,M0186,in_pool,,downloaded,fully_coded,,review/EBSCO/pdfs/EBSCO_M0186_Ju_2026_The_Green_Shield_How_Pro-Environmental_Advocacy.pdf,55,ebsco_search_position=4;ebsco_record_range=1-50
P0056,The Impact of Artificial Intelligence Usage on Affective Work Well-Being: A Self-Determination Theory Perspective.,"Zhang, Chi ; Chen, Shuping ; Zhang, Dianru ; Zhang, Qichao",2026,Behavioral Sciences (2076-328X),MDPI,Behavioral Sciences (2076-328X),10.3390/bs16050670,194142814,2,Y,M0184,in_pool,,downloaded,fully_coded,,review/EBSCO/pdfs/EBSCO_M0184_Zhang_2026_The_Impact_of_Artificial_Intelligence_Usage_on_Affective.pdf,56,ebsco_search_position=2;ebsco_record_range=1-50
P0057,The impact of cultural tourism experience on cultural identity: A case study of Mazu culture.,"Wang, Mian ; Lee, Hee Seung ; Chen, Wen Qiang",2026,PLoS ONE,NA,PLoS ONE,10.1371/journal.pone.0346153,192736398,3,Y,M0185,in_pool,,downloaded,not_read,,review/EBSCO/pdfs/EBSCO_M0185_Wang_2026_The_impact_of_cultural_tourism_experience_on_cul.pdf,57,ebsco_search_position=3;ebsco_record_range=1-50
P0058,The Impact of Perceived Usefulness of Wearable Devices on Treatment Adherence in Fracture Patients: The Chain Mediating Roles of Self-Efficacy and Meaning in Life.,"Tan, Xiaoxue ; Cai, Shanshan ; Kan, Yanan ; Xu, Nan ; Chen, Ying ; Xu, Min ; Huang, Donghong",2026,Patient Preference & Adherence,NA,Patient Preference & Adherence,10.2147/ppa.s555791,191299637,7,Y,M0189,in_pool,,downloaded,not_read,,review/EBSCO/pdfs/EBSCO_M0189_Xiaoxue Tan_2026_PPA_A_555791_123.pdf,58,ebsco_search_position=7;ebsco_record_range=1-50
P0059,The impact of self-transcendence values on cooperative behaviors: attitude mediation and emotional moderation.,"Kong, Qian-Qian ; Baharum, Harmi Izzuan Bin",2026,Frontiers in Psychology,Frontiers,Frontiers in Psychology,10.3389/fpsyg.2025.1701352,191111694,113,Y,M0293,in_pool,,downloaded,not_read,,review/EBSCO/pdfs/EBSCO_M0293_Kong_2026_The_impact_of_self-transcendence_values_on_coope.pdf,59,ebsco_search_position=113;ebsco_record_range=101-150
P0060,The impact of shipping practitioners' low-carbon transition cognition on corporate green practices: a moderated mediation model.,"Li, Tianjiao ; Chen, Qiong ; Lau, Yui-Yip",2026,Frontiers in Marine Science,Frontiers,Frontiers in Marine Science,10.3389/fmars.2026.1819880,193526945,59,Y,M0240,in_pool,,downloaded,fully_coded,,review/EBSCO/pdfs/EBSCO_M0240_Tianjiao Li_2026_The_impact_of_shipping_practitioners_low-carbon.pdf,60,ebsco_search_position=59;ebsco_record_range=51-100
P0061,The Impact of Stigma on Autonomous Motivation Among Psychiatric Hospital Staff in China: The Mediating Role of Turnover Intention.,"Yin, Yaning ; Hei, Luping ; Zhao, Miaomiao ; Sun, Siwei ; Yuan, Beibei ; Islam, Talat",2026,Journal of Nursing Management,NA,Journal of Nursing Management,10.1155/jonm/9940890,192373419,36,Y,M0217,in_pool,,downloaded,fully_coded,,review/EBSCO/pdfs/EBSCO_M0217_Yin_2025_The_Impact_of_Stigma_on_Autonomous_Motivation_Am.pdf,61,ebsco_search_position=36;ebsco_record_range=1-50
P0062,The influence of sports technology device usage on middle-aged health anxiety: chain mediation effects of health control perception and self-efficacy reconstruction.,"Li, Feixuan ; Peng, Jiahui ; Cao, Li ; Zhou, Deqiao",2026,Frontiers in Public Health,Frontiers,Frontiers in Public Health,10.3389/fpubh.2025.1687208,191113514,115,Y,M0295,in_pool,,downloaded,not_read,,review/EBSCO/pdfs/EBSCO_M0295_Feixuan Li_2025_The_influence_of_sports_technology_device_usage.pdf,62,ebsco_search_position=115;ebsco_record_range=101-150
P0063,The mechanism of chained psychological resources: the pathway of influence of mood states on executive function in art major candidates.,"Ji, Xiang ; Jin, Peilai ; Zuo, Yu ; Xu, Yiya ; Wang, Miaomiao",2026,Frontiers in Education,Frontiers,Frontiers in Education,10.3389/feduc.2026.1805091,194203939,49,Y,M0230,in_pool,,downloaded,not_read,,review/EBSCO/pdfs/EBSCO_M0230_Ji_2026_The_mechanism_of_chained_psychological_resources.pdf,63,ebsco_search_position=49;ebsco_record_range=1-50
P0064,The mediating role of professional self-concept in how teacher professional development influences rural physical education teachers' work engagement: a moderated mediation analysis.,"Yan, Jihong ; Dai, Xinyu",2026,Frontiers in Psychology,Frontiers,Frontiers in Psychology,10.3389/fpsyg.2026.1767900,192348172,100,Y,M0280,in_pool,,downloaded,fully_coded,,review/EBSCO/pdfs/EBSCO_M0280_Yan_2026_The_mediating_role_of_professional_self-concept.pdf,64,ebsco_search_position=100;ebsco_record_range=51-100
P0065,The Mediating Role of Psychological Capital Between Caring Behaviour and Work Engagement of Nurses: A Cross‐Sectional Study.,"Tian, Wen ; Zhang, Guo‐wen ; Song, Gui‐qi",2026,Nursing Open,Wiley,Nursing Open,10.1002/nop2.70569,194056181,22,Y,M0203,in_pool,,downloaded,fully_coded,,review/EBSCO/pdfs/EBSCO_M0203_Nursing Open_2026_The_Mediating_Role_of_Psychological_Capital_Betw.pdf,65,ebsco_search_position=22;ebsco_record_range=1-50
P0066,The pathways to teacher growth: mediating roles of motivation and self-efficacy within the community of inquiry framework.,"Zuo, Mingzhang ; Yang, Dengfeng ; Xiang, Lei ; Yang, Zhimiao",2026,Frontiers in Psychology,Frontiers,Frontiers in Psychology,10.3389/fpsyg.2026.1755265,193228518,69,Y,M0250,in_pool,,downloaded,fully_coded,,review/EBSCO/pdfs/EBSCO_M0250_Zuo_2026_The_pathways_to_teacher_growth_mediating_roles_o.pdf,66,ebsco_search_position=69;ebsco_record_range=51-100
P0067,The psychological mechanisms and behavioral determinants of academic integrity in the age of artificial intelligence.,"Yilmaz, Adem",2026,Frontiers in Psychology,Frontiers,Frontiers in Psychology,10.3389/fpsyg.2026.1853790,194604959,43,Y,M0224,in_pool,,downloaded,not_read,,review/EBSCO/pdfs/EBSCO_M0224_Yilmaz_2026_The_psychological_mechanisms_and_behavioral_dete.pdf,67,ebsco_search_position=43;ebsco_record_range=1-50
P0068,"The relationship between mindfulness, self-control, and short video addiction among medical students.","Luo, Yuting ; Li, Yulian ; Wu, Quanmin ; Shi, Pengchong",2026,Frontiers in Psychology,Frontiers,Frontiers in Psychology,10.3389/fpsyg.2026.1746374,193802951,58,Y,M0239,in_pool,,downloaded,not_read,,review/EBSCO/pdfs/EBSCO_M0239_Luo_2026_The_relationship_between_mindfulness_self-contro.pdf,68,ebsco_search_position=58;ebsco_record_range=51-100
P0069,The relationship between physical activity and subjective wellbeing in infertile women: the mediating role of positive feedback and self-efficacy.,"Liu, Mengxuan",2026,Frontiers in Public Health,Frontiers,Frontiers in Public Health,10.3389/fpubh.2026.1723969,192772193,73,Y,M0254,in_pool,,downloaded,not_read,,review/EBSCO/pdfs/EBSCO_M0254_Liu_2026_The_relationship_between_physical_activity_and_s.pdf,69,ebsco_search_position=73;ebsco_record_range=51-100
P0070,The Relationship Between School Disconnectedness and Adolescent Internet Addiction: A Moderated Mediation Model.,"Cheng, Gonglu ; Bai, Xuejun ; Fu, Shuying",2026,Behavioral Sciences (2076-328X),MDPI,Behavioral Sciences (2076-328X),10.3390/bs16010101,191221051,5,Y,M0187,in_pool,,downloaded,not_read,,review/EBSCO/pdfs/EBSCO_M0187_Gonglu Cheng_2026_The_Relationship_Between_School_Disconnectedness.pdf,70,ebsco_search_position=5;ebsco_record_range=1-50
P0071,The relationship between shyness and short video addiction among college students: chain mediating role of social support and basic psychological needs.,"Bu, Xiaofei ; Li, Xin ; Li, Bingzhi ; Zhang, Xuan",2026,Frontiers in Psychology,Frontiers,Frontiers in Psychology,10.3389/fpsyg.2026.1773800,193977394,55,Y,M0236,in_pool,,downloaded,not_read,,review/EBSCO/pdfs/EBSCO_M0236_Bu_2026_The_relationship_between_shyness_and_short_video.pdf,71,ebsco_search_position=55;ebsco_record_range=51-100
P0072,The relationship between teacher–student relationship and chemistry achievement: a chain mediation model.,"Yanli, Li ; Dongya, Zhao",2026,Chemistry Education: Research & Practice,NA,Chemistry Education: Research & Practice,10.1039/d5rp00404g,194778322,89,Y,M0721,in_pool,,missing,not_read,,,72,ebsco_search_position=89;ebsco_record_range=51-100;export_only_added=2026-06-26
P0073,"Time-lagged effects of social support on exercise adherence among Korean college students: serial mediation of self-efficacy, athletic identity, and intrinsic motivation.","Zhao, Yang ; Li, Xiangnan ; Zhou, Yubo ; Wang, Du",2026,Frontiers in Psychology,Frontiers,Frontiers in Psychology,10.3389/fpsyg.2026.1795823,193393921,66,Y,M0247,in_pool,,downloaded,not_read,,review/EBSCO/pdfs/EBSCO_M0247_Zhao_2026_Time-lagged_effects_of_social_support_on_exercis.pdf,73,ebsco_search_position=66;ebsco_record_range=51-100
P0074,Trust-Mediated adoption of AI Robo-Advisors in inland china: an extended UTAUT perspective.,"Guo, Yantong ; Waked, Hayyan Nassar",2026,Journal of Financial Services Marketing,NA,Journal of Financial Services Marketing,10.1057/s41264-025-00339-2,192915095,104,Y,M0284,in_pool,,downloaded,not_read,,review/EBSCO/pdfs/EBSCO_M0284_LexisNexis_2026_About_LexisNexis_Privacy_Policy_Terms_Conditions.pdf,74,ebsco_search_position=104;ebsco_record_range=101-150
P0075,Understanding individual-level absorptive capacity: unpacking the roles of innovative attitude and motivation in perceived academic performance of Chinese international students in South Korea.,"Jeon, Mingyeong ; Yin, Meiling",2026,Frontiers in Psychology,Frontiers,Frontiers in Psychology,10.3389/fpsyg.2026.1687241,192045682,103,Y,M0283,in_pool,,downloaded,not_read,,review/EBSCO/pdfs/EBSCO_M0283_Jeon_2026_Understanding_individual-level_absorptive_capaci.pdf,75,ebsco_search_position=103;ebsco_record_range=101-150
P0076,Understanding police officers’ responses to moral injury: the aggravating effect of employee silence.,"Pariona-Cabrera, Patricia ; Alfes, Kerstin ; Bartram, Timothy ; Holland, Peter",2026,International Journal of Human Resource Management,Taylor & Francis,International Journal of Human Resource Management,10.1080/09585192.2026.2682838,194659645,24,Y,M0205,in_pool,,downloaded,fully_coded,,review/EBSCO/pdfs/EBSCO_M0205_Pariona-Cabrera_2026_The_International_Journal_of_Human_Resource_Mana.pdf,76,ebsco_search_position=24;ebsco_record_range=1-50
P0077,Unpacking the impact of teacher support on EAP-related perceived academic achievement in EMI context: the mediating role of self-efficacy and academic engagement.,"Yu, Yanping ; Feng, Yanling ; Liu, Dan ; Liu, Lei",2026,Frontiers in Psychology,Frontiers,Frontiers in Psychology,10.3389/fpsyg.2026.1830742,194001521,54,Y,M0235,in_pool,,downloaded,not_read,,review/EBSCO/pdfs/EBSCO_M0235_Theory_2026_Unpacking_the_impact_of_teacher_support_on_EAP-r.pdf,77,ebsco_search_position=54;ebsco_record_range=51-100
P0078,"Variations in Dementia Awareness, Contact and Stigma Attitudes Across Generations: A Community-Based Cross-Sectional Study in Shanghai, China.","Li, Wenjia ; Gao, Han ; Zhang, Xinni ; Tang, Qinghe",2026,International Journal of General Medicine,NA,International Journal of General Medicine,10.2147/ijgm.s577884,192667194,106,Y,M0286,in_pool,,downloaded,not_read,,review/EBSCO/pdfs/EBSCO_M0286_Wenjia Li_2026_IJGM_A_577884_114.pdf,78,ebsco_search_position=106;ebsco_record_range=101-150
P0079,When artificial intelligence becomes a job resource: how psychological capital fuels innovation in algorithm-driven workplaces.,"Liu, Yanru ; Tian, Qing ; Chen, Jiachun",2026,Frontiers in Psychology,Frontiers,Frontiers in Psychology,10.3389/fpsyg.2026.1740508,193977383,56,Y,M0237,in_pool,,downloaded,fully_coded,,review/EBSCO/pdfs/EBSCO_M0237_Liu_2026_When_artificial_intelligence_becomes_a_job_resou.pdf,79,ebsco_search_position=56;ebsco_record_range=51-100
P0080,When Choice Disappears: Perceived Coercion and Avoidance of Self-Service Technologies Among Older Consumers.,"Lee, Jin-Myong ; Kim, Sowon",2026,Journal of Theoretical & Applied Electronic Commerce Research,MDPI,Journal of Theoretical & Applied Electronic Commerce Research,10.3390/jtaer21040126,193416573,27,Y,M0208,in_pool,,downloaded,fully_coded,,review/EBSCO/pdfs/EBSCO_M0208_Lee_2026_When_Choice_Disappears_Perceived_Coercion_and_Av.pdf,80,ebsco_search_position=27;ebsco_record_range=1-50
P0081,When Leader Expectations Inspire and When They Overwhelm: The Role of Growth Mindset and Prior Performance in Employee Emotional and Engagement Responses to Leader High Performance Expectations.,"Wang, Zhen ; Chen, Huan",2026,Journal of Business & Psychology,Springer,Journal of Business & Psychology,10.1007/s10869-025-10040-9,191499927,80,Y,M0261,in_pool,,downloaded,fully_coded,,review/EBSCO/pdfs/EBSCO_M0261_Chen_2025_When_Leader_Expectations_Inspire_and_When_They_O.pdf,81,ebsco_search_position=80;ebsco_record_range=51-100
P0082,Why perceived organizational virtue matters: a psychological mechanism.,"Ko, Sung-Hoon",2026,Frontiers in Psychology,Frontiers,Frontiers in Psychology,10.3389/fpsyg.2026.1788145,193393918,65,Y,M0246,in_pool,,downloaded,fully_coded,,review/EBSCO/pdfs/EBSCO_M0246_Ko_2026_Why_perceived_organizational_virtue_matters_a_ps.pdf,82,ebsco_search_position=65;ebsco_record_range=51-100
P0083,Workplace ostracism and political behavior: a moderated mediation model of moral disengagement and supervisor-rated job performance.,"Yu, Xuan ; Yang, Maoting ; Zhang, Hantai",2026,Frontiers in Psychology,Frontiers,Frontiers in Psychology,10.3389/fpsyg.2026.1838746,194296488,48,Y,M0229,in_pool,,downloaded,fully_coded,,review/EBSCO/pdfs/EBSCO_M0229_Yu_2026_Workplace_ostracism_and_political_behavior_a_mod.pdf,83,ebsco_search_position=48;ebsco_record_range=1-50
P0084,"""Distinctiveness–Conformity"" Paradox: How to Leverage Digital Platform Capabilities to Enhance SMEs Ecological Niches.","Kong, Weiwei ; Hu, Haiqing ; Wang, Zhaoqun ; Qiao, Jianqi ; Shang, Yanying",2025,Journal of Theoretical & Applied Electronic Commerce Research,MDPI,Journal of Theoretical & Applied Electronic Commerce Research,10.3390/jtaer20030217,188280782,140,Y,M0320,in_pool,,downloaded,not_read,,review/EBSCO/pdfs/EBSCO_M0320_Kong_2025_DistinctivenessConformity_Paradox_How_to_Leverag.pdf,84,ebsco_search_position=140;ebsco_record_range=101-150
P0085,A Paradox of Fit: How Job Complexity Shapes AI Self-Efficacy and AI Adoption Through a Curvilinear Mechanism.,"Akben, Mustafa ; Dong, Su",2025,Behavioral Sciences (2076-328X),MDPI,Behavioral Sciences (2076-328X),10.3390/bs15121659,190530728,15,Y,M0197,in_pool,,downloaded,fully_coded,,review/EBSCO/pdfs/EBSCO_M0197_Mechanism. Behavioral Sciences_2025_A_Paradox_of_Fit_How_Job_Complexity_Shapes_AI_Se.pdf,85,ebsco_search_position=15;ebsco_record_range=1-50
P0086,Abusive supervision: serial and moderated mediation effects.,"Karatepe, Osman M. ; Ampofo, Emmanuel Twumasi ; Asiedu-Appiah, Felicity ; Frempong, Foster",2025,Service Industries Journal,Taylor & Francis,Service Industries Journal,10.1080/02642069.2023.2270924,184193645,191,Y,M0750,in_pool,,missing,pdf_missing,,,86,ebsco_search_position=191;ebsco_record_range=151-200;export_only_added=2026-06-26
P0087,Analysis of the Effects of CSR and Compliance Programs on Organizational Reputation.,"Arredondo-Méndez, Víctor Hugo ; Muñoz-Molina, Yaromir ; Para-González, Lorena ; Mascaraque-Ramírez, Carlos",2025,Systems,MDPI,Systems,10.3390/systems13100905,188986768,154,Y,M0728,in_pool,,downloaded,not_read,,review/EBSCO/pdfs/imports/Arredondo-Mendez_2025_systems-13-00905.pdf,87,ebsco_search_position=154;ebsco_record_range=151-200;export_only_added=2026-06-26
P0088,Approach or Avoidance: How Does Employees' Generative AI Awareness Shape Their Job Crafting Behavior? A Sensemaking Perspective.,"Yan, Yihang ; Qu, Xiaoqian ; Lei, Hongzhen ; Geng, Yao",2025,Behavioral Sciences (2076-328X),MDPI,Behavioral Sciences (2076-328X),10.3390/bs15060789,186207720,198,Y,M0218,in_pool,,downloaded,fully_coded,,review/EBSCO/pdfs/EBSCO_M0218_Yan_2025_Approach_or_Avoidance_How_Does_Employees_Generat.pdf,88,ebsco_search_position=198;ebsco_record_range=151-200
P0089,"Back to Work, Running on Empty? How Recovery Needs and Perceived Organizational Support Shape Employees' Vigor Upon Return to Work.","Wang, Yiting ; Song, Keni ; Guo, Ming ; Ye, Long",2025,Behavioral Sciences (2076-328X),MDPI,Behavioral Sciences (2076-328X),10.3390/bs15070889,186930018,184,Y,M0215,in_pool,,downloaded,fully_coded,,review/EBSCO/pdfs/EBSCO_M0215_to Work. Behavioral Sciences_2025_Back_to_Work_Running_on_Empty_How_Recovery_Needs.pdf,89,ebsco_search_position=184;ebsco_record_range=151-200
P0090,Beyond the cost–benefit trade-off: How trust shapes consumers’ decisions to grant permission for personalized marketing content.,"Haj-Salem, Narjes ; Damra, Yousef ; Hamouche, Salima ; Ishaq, Muhammad Ishtiaq ; Raza, Ali",2025,Journal of Marketing Communications,Taylor & Francis,Journal of Marketing Communications,10.1080/13527266.2025.2518456,185888470,165,Y,M0733,in_pool,,downloaded,not_read,,review/EBSCO/pdfs/imports/Haj-Salem_2025_13527266.2025.2518456.pdf,90,ebsco_search_position=165;ebsco_record_range=151-200;export_only_added=2026-06-26; EBSCO position 166 ingest 2026-06-30; expected M0222 DOI 10.1080/13668803.2025.2486127 (pos 166); PDF DOI 10.1080/13527266.2025.2518456 matches M0733 (pos 165); source EBSCO-FullText-06_30_2026-6.pdf
P0091,Coping in the Face of Verbal Aggression: The Role of Self-Efficacy in Protecting Healthcare Professionals' Well-Being and Job Satisfaction.,"Cavallari, Elena ; Setti, Ilaria ; Curcuruto, Matteo ; Sommovigo, Valentina",2025,Behavioral Sciences (2076-328X),MDPI,Behavioral Sciences (2076-328X),10.3390/bs15040478,184794529,42,Y,M0223,in_pool,,downloaded,fully_coded,,review/EBSCO/pdfs/EBSCO_M0223_Behavioral Sciences_2025_Coping_in_the_Face_of_Verbal_Aggression_The_Role.pdf,91,ebsco_search_position=42;ebsco_record_range=1-50
P0092,Coping Responses to the Stress of Using News Platforms' Recommendation Algorithms.,"Yang, Jie ; Li, Hongxiu ; Zhang, Linzi ; Xu, Guohu",2025,International Journal of Human-Computer Interaction,Taylor & Francis,International Journal of Human-Computer Interaction,10.1080/10447318.2024.2352937,184444587,164,Y,M0221,in_pool,,downloaded,not_read,,review/EBSCO/pdfs/EBSCO_M0221_Yang_2023_Coping_Responses_to_the_Stress_of_Using_News_Pla.pdf,92,ebsco_search_position=164;ebsco_record_range=151-200
P0093,Corporate Social Responsibility and Work Engagement: A Moderated Serial Mediation Model.,"Lv, Mengna ; Luan, Kun",2025,Corporate Social Responsibility & Environmental Management,Wiley,Corporate Social Responsibility & Environmental Management,10.1002/csr.3233,186459641,185,Y,M0216,in_pool,,downloaded,fully_coded,,review/EBSCO/pdfs/EBSCO_M0216_Lv_2023_Corporate_Social_Responsibility_and_Work_Engagem.pdf,93,ebsco_search_position=185;ebsco_record_range=151-200
P0094,Cumulative Family Risk and Migrant Children's School Adjustment: A Moderated Mediation Model of Relative Deprivation and Beliefs About Adversity.,"Fu, Shuying ; Zhang, Zhicao ; Gao, Qinqiu",2025,Behavioral Sciences (2076-328X),MDPI,Behavioral Sciences (2076-328X),10.3390/bs15121690,190530759,13,Y,M0195,in_pool,,downloaded,not_read,,review/EBSCO/pdfs/EBSCO_M0195_Risk_2025_Cumulative_Family_Risk_and_Migrant_Childrens_Sch.pdf,94,ebsco_search_position=13;ebsco_record_range=1-50
P0095,Daily leadership behavior and leader well-being: The role of team identification.,"Wittmers, Anja ; Klasmeier, Kai N. ; Maier, Günter W.",2025,Psychology of Leaders and Leadership,APA/PSYC,Psychology of Leaders and Leadership,10.1037/mgr0000171,2026-05701-001,,Y,M0668,in_pool,,missing,not_read,,,95,ebsco_record_range=551-570
P0096,Decreasing Workplace Unethical Behavior Through Mindfulness: A Study Based on the Dual-System Theory of Ethical Decision-Making: Decreasing Workplace Unethical Behavior Through Mindfulness: A Study Based on the Dual-System: X. Ming et al.,"Ming, Xiaodong ; Bai, Xinwen ; Fu, Jingyu ; Yang, Jianfeng",2025,Journal of Business Ethics,Springer,Journal of Business Ethics,10.1007/s10551-024-05709-9,182410727,194,Y,M0753,in_pool,,missing,pdf_missing,,,96,ebsco_search_position=194;ebsco_record_range=151-200;export_only_added=2026-06-26
P0097,Developing a resilient workforce in the context of organisational change: the role of employee assistance programmes.,"Long, Tianyi ; Cooke, Fang Lee ; Mavondo, Felix",2025,International Journal of Human Resource Management,Taylor & Francis,International Journal of Human Resource Management,10.1080/09585192.2025.2458281,186746075,162,Y,M0731,in_pool,,downloaded,not_read,,review/EBSCO/pdfs/imports/Long_2025_09585192.2025.2458281.pdf,97,ebsco_search_position=162;ebsco_record_range=151-200;export_only_added=2026-06-26
P0098,Development and initial validation of the Urban Restorative Potential Scale: Evidence from the Philippines.,"CORPUZ, Zaldy F.",2025,Urban Challenge / Urbani Izziv,NA,Urban Challenge / Urbani Izziv,10.5379/urbani-izziv-en-2025-36-02-05,190703262,18,Y,M0200,in_pool,,downloaded,not_read,,review/EBSCO/pdfs/EBSCO_M0200_CORPUZ_2025_Development_and_initial_validation_of_the_Urban.pdf,98,ebsco_search_position=18;ebsco_record_range=1-50
P0099,Do Resilience and Performance Goals Mediate the Relationship Between Parental Educational Support and Chinese High School Students' Self‐Regulated Learning? ‐ Based on the Social Cognitive Theory.,"Zhang, Yue ; Ren, Xiaoqiong",2025,Psychology in the Schools,Wiley,Psychology in the Schools,10.1002/pits.23496,186727913,180,Y,M0212,in_pool,,downloaded,not_read,,review/EBSCO/pdfs/EBSCO_M0212_Zhang_2024_Psychology_in_the_Schools_RESEARCH_ARTICLE_Do_Re.pdf,99,ebsco_search_position=180;ebsco_record_range=151-200
P0100,Double-edged sword effect of stretch goal: is stretch goal a burden or boost to employees?,"Zhang, Zhe ; Chen, Chang ; Jia, Ming",2025,Asia Pacific Journal of Management,Springer,Asia Pacific Journal of Management,10.1007/s10490-024-09956-2,187384209,163,Y,M0732,in_pool,,downloaded,not_read,,review/EBSCO/pdfs/imports/Zhang_2025_s10490-024-09956-2.pdf,100,ebsco_search_position=163;ebsco_record_range=151-200;export_only_added=2026-06-26
P0101,Dual pathways of aging stereotype threat at work: impacts on work behaviors of older workers.,"Liu, Lidan ; Wang, Zhongjun ; Guo, Xicheng ; Li, Sulei ; Wu, Xiaodi",2025,Frontiers in Psychology,Frontiers,Frontiers in Psychology,10.3389/fpsyg.2025.1486911,183036501,,Y,M0330,in_pool,,missing,not_read,,,101,ebsco_record_range=151-200
P0102,Exploring psychological pathways between workplace violence and burnout among nurses in Chinese Tertiary Hospitals.,"Zeng, Zhi ; Xie, Guiqiong ; He, Yazhi ; Zhou, Sumei",2025,Scientific Reports,NA,Scientific Reports,10.1038/s41598-025-19671-7,188623533,19,Y,M0201,in_pool,,downloaded,not_read,,review/EBSCO/pdfs/EBSCO_M0201_Zhi Zeng_2025_Exploring_psychological_pathways_between_workpla.pdf,102,ebsco_search_position=19;ebsco_record_range=1-50
P0103,Exploring the impact of cognitive and affective components within the attitude construct on students' deep approach to learning in technology-enhanced learning.,"Guo, Jiawei ; An, Fuhai",2025,Current Psychology,Springer,Current Psychology,10.1007/s12144-025-07925-6,edsgcl.844937060,197,Y,M0608,in_pool,,missing,not_read,,,103,ebsco_search_position=197;ebsco_record_range=151-200
P0104,E‐Skill Self‐Efficacy and Perceived Performance in Remote Work: A Cross‐Lagged Study on the Mediating Role of Technostressors.,"Massa, Nicoletta ; Sommovigo, Valentina ; Rubera, Andrea ; Consiglio, Chiara ; Yang, Tianan",2025,Human Behavior & Emerging Technologies,NA,Human Behavior & Emerging Technologies,10.1155/hbe2/8886180,187347495,176,Y,M0742,in_pool,,missing,pdf_missing,,,104,ebsco_search_position=176;ebsco_record_range=151-200;export_only_added=2026-06-26
P0105,FARMERS AS A CONSUMERS: UTAUT WITH DUAL MODERATED MEDIATION MODEL.,"YILMAZEL, Sefa Emre",2025,International Journal of Economic & Administrative Studies,NA,International Journal of Economic & Administrative Studies,10.18092/ulikidince.1504428,183183376,87,Y,M0268,in_pool,,downloaded,not_read,,review/EBSCO/pdfs/EBSCO_M0268_.._2025_Uluslararası_İktisadi_ve_İdari_İncelemeler_Dergi.pdf,105,ebsco_search_position=87;ebsco_record_range=51-100
P0106,From Deception to Rejection: Unraveling the Impact of Workplace Cheating Behavior on Coworker Ostracism.,"Ye, Yijiao ; Wu, Long-Zeng ; Kwan, Ho Kwong ; Liu, Xinyu",2025,Journal of Business Ethics,Springer,Journal of Business Ethics,10.1007/s10551-024-05881-y,186952057,139,Y,M0319,in_pool,,downloaded,fully_coded,,review/EBSCO/pdfs/EBSCO_M0319__2023_From_Deception_to_Rejection_Unraveling_the_Impac.pdf,106,ebsco_search_position=139;ebsco_record_range=101-150
P0107,From physical self-esteem to sports participation: The mediating role of exercise motivation and social support in adolescents.,"Peng, Bo ; Chen, Weisong ; Wang, Hongshen ; Yu, Ting",2025,PLoS ONE,NA,PLoS ONE,10.1371/journal.pone.0324588,185349375,200,Y,M0219,in_pool,,downloaded,fully_coded,,review/EBSCO/pdfs/EBSCO_M0219_Peng_2025_From_physical_self-esteem_to_sports_participatio.pdf,107,ebsco_search_position=200;ebsco_record_range=151-200
P0108,Green information systems efforts and SMEs' environmental and financial performance: how do eco-management practices shape the story?,"Uzkurt, Cevahir ; Arslan, Safa ; Ekmekcioglu, Emre Burak ; Ceyhan, Semih",2025,Journal of Environmental Planning & Management,Taylor & Francis,Journal of Environmental Planning & Management,10.1080/09640568.2024.2313186,185784236,175,Y,M0210,in_pool,,downloaded,fully_coded,,review/EBSCO/pdfs/EBSCO_M0210_Uzkurt_2023_Green_information_systems_efforts_and_SMEs_envir.pdf,108,ebsco_search_position=175;ebsco_record_range=151-200
P0109,High performance work systems and employee performance: the roles of employee well-being and workplace friendship.,"Han, Mingyan ; Hu, Enhua ; Zhao, Jingyou ; Shan, Hongmei",2025,Human Resource Development International,Taylor & Francis,Human Resource Development International,10.1080/13678868.2023.2268488,182296717,195,Y,M0754,in_pool,,missing,pdf_missing,,,109,ebsco_search_position=195;ebsco_record_range=151-200;export_only_added=2026-06-26
P0110,How Does Human-Robot Collaboration Affect Hotel Employees' Proactive Behavior?,"Li, Jia-Min ; Liu, Ke-Xi ; Xie, Ji-Fei ; Wu, Hao-Yu",2025,International Journal of Human-Computer Interaction,Taylor & Francis,International Journal of Human-Computer Interaction,10.1080/10447318.2024.2431769,187347875,177,Y,M0209,in_pool,,downloaded,not_read,,review/EBSCO/pdfs/EBSCO_M0209_Li_2025_How_Does_Human-Robot_Collaboration_Affect_Hotel.pdf,110,ebsco_search_position=177;ebsco_record_range=151-200
P0111,How does perceived overqualification hinder employees' intention to share knowledge?,"Kong, Yurou ; Chen, Qishan ; Zhou, Xing",2025,International Journal of Human Resource Management,Taylor & Francis,International Journal of Human Resource Management,10.1080/09585192.2025.2492129,184864204,192,Y,M0751,in_pool,,missing,pdf_missing,,,111,ebsco_search_position=192;ebsco_record_range=151-200;export_only_added=2026-06-26
P0112,How Much Does the Business Development of Circular Eco‐Efficient Practices Improve by Shaking Stakeholders up?,"Garces‐Ayerbe, Concepción ; Rivera‐Torres, Pilar ; Darmandieu, Aurore",2025,"Business Ethics, the Environment & Responsibility",Wiley,"Business Ethics, the Environment & Responsibility",10.1111/beer.12768,187392590,124,Y,M0304,in_pool,,downloaded,fully_coded,,review/EBSCO/pdfs/EBSCO_M0304_Business Ethics_2023_HOW_MUCH_DOES_THE_BUSINESS_DEVELOPMENT_OF_CIRCUL.pdf,112,ebsco_search_position=124;ebsco_record_range=101-150
P0113,Insomnia and depression among bariatric surgery patients: the chain mediating effect of resilience and anxiety.,"Si, Jijian ; Zhang, Yixin ; Li, Manyuan ; Liu, Tour",2025,Frontiers in Psychiatry,Frontiers,Frontiers in Psychiatry,10.3389/fpsyt.2025.1554239,185937872,196,Y,M0755,in_pool,,missing,not_read,,,113,ebsco_search_position=196;ebsco_record_range=151-200;export_only_added=2026-06-26
P0114,Interplay between Teachers’ Affective Well-Being and Thriving at Work: A Cross-Lagged Study.,"Wei, Shuhua ; Ding, Hejuan ; Sun, Huihui",2025,Journal of Happiness Studies,Springer,Journal of Happiness Studies,10.1007/s10902-025-00863-x,182599740,88,Y,M0269,in_pool,,downloaded,not_read,,review/EBSCO/pdfs/EBSCO_M0269_© The Author(s)_2025_RESEARCH_PAPER_Accepted_8_January_2025.pdf,114,ebsco_search_position=88;ebsco_record_range=51-100
P0115,"Item level correction: detecting, removing, and reporting common methods variance.","Merkle, Adam C.",2025,Journal of Marketing Analytics,NA,Journal of Marketing Analytics,10.1057/s41270-025-00399-2,186046316,199,Y,M0756,in_pool,,missing,not_read,,,115,ebsco_search_position=199;ebsco_record_range=151-200;export_only_added=2026-06-26
P0116,Job crafting towards strengths and interests: how overqualification enhances creativity?,"Du, Yana ; Luo, Jinlian ; Su, Yaqi",2025,Service Industries Journal,Taylor & Francis,Service Industries Journal,10.1080/02642069.2025.2457548,189730272,119,Y,M0299,in_pool,,downloaded,fully_coded,,review/EBSCO/pdfs/EBSCO_M0299_Yana Dua_2023_Job_crafting_towards_strengths_and_interests_how.pdf,116,ebsco_search_position=119;ebsco_record_range=101-150
P0117,Knowledge Sharing in AI-Enabled Workplaces: A Social Cognitive Perspective on Usefulness Perceptions and Competition.,"Zhong, Chuling ; Wang, Yao",2025,Behavioral Sciences (2076-328X),MDPI,Behavioral Sciences (2076-328X),10.3390/bs15121635,190530704,16,Y,M0198,in_pool,,downloaded,fully_coded,,review/EBSCO/pdfs/EBSCO_M0198_Zhong_2025_Knowledge_Sharing_in_AI-Enabled_Workplaces_A_Soc.pdf,117,ebsco_search_position=16;ebsco_record_range=1-50
P0118,Latent depressive profiles and associated factors among overweight/obese individuals based on the socio-ecological model: a cross-sectional national survey in China.,"Yang, Xiaoping ; Chen, Miaomiao ; Liu, Xiaohui ; Wang, Lijun ; Wang, Yanyun ; Zheng, Yingjie ; Ma, Shailing",2025,Frontiers in Psychology,Frontiers,Frontiers in Psychology,10.3389/fpsyg.2025.1644701,187706034,173,Y,M0740,in_pool,,downloaded,read_snippet_only,,review/EBSCO/pdfs/EBSCO_M0740_Xiaoping_Yang_2025_Latent_depressive_profiles_and_associated_factor.pdf,118,ebsco_search_position=173;ebsco_record_range=151-200;export_only_added=2026-06-26
P0119,Leader empowering and upper echelons decision‐making: How and when does top managers' empowering leadership promote decision‐making speed and comprehensiveness in public organizations?,"Song, Shanghao ; Shi, Yunsheng ; Ge, Xiaolin ; Wang, Wenzhou ; Yu, Haibo ; Tian, Amy Wei",2025,Public Administration,Wiley,Public Administration,10.1111/padm.13011,183922526,193,Y,M0752,in_pool,,missing,pdf_missing,,,119,ebsco_search_position=193;ebsco_record_range=151-200;export_only_added=2026-06-26
P0120,Leader humility and employee proactivity: sequential affective mediation and the moderating effect of role breadth self-efficacy.,"Chen, Yanhong ; Zhao, Jingshi ; Jin, Meifen ; Lan, Xiaoyun",2025,Frontiers in Psychology,Frontiers,Frontiers in Psychology,10.3389/fpsyg.2025.1592148,188172208,172,Y,M0739,in_pool,,downloaded,fully_coded,,review/EBSCO/pdfs/EBSCO_M0739_Yanhong_Chen_2025_Leader_humility_and_employee_proactivity_sequent.pdf,120,ebsco_search_position=172;ebsco_record_range=151-200;export_only_added=2026-06-26
P0121,Linking Developmental HRM to Organizational Dehumanization Among Nurses: Work Meaningfulness as a Mediator and Mastery Climate as a Moderator.,"Song, Yao ; Liu, Yang ; Li, Shanshan ; Colet, Paolo C.",2025,Journal of Nursing Management,NA,Journal of Nursing Management,10.1155/jonm/8009052,189685376,86,Y,M0267,in_pool,,downloaded,fully_coded,,review/EBSCO/pdfs/EBSCO_M0267_Liu_2025_Linking_Developmental_HRM_to_Organizational_Dehu.pdf,121,ebsco_search_position=86;ebsco_record_range=51-100
P0122,Measuring the Impact of Large Language Models on Academic Success and Quality of Life Among Students with Visual Disability: An Assistive Technology Perspective.,"Elshaer, Ibrahim A. ; AlNajdi, Sameer M. ; Salem, Mostafa A.",2025,Bioengineering (Basel),MDPI,Bioengineering (Basel),10.3390/bioengineering12101056,188993020,155,Y,M0729,in_pool,,downloaded,not_read,,review/EBSCO/pdfs/imports/Elshaer_2025_bioengineering-12-01056.pdf,122,ebsco_search_position=155;ebsco_record_range=151-200;export_only_added=2026-06-26
P0123,Men’s experiences of family supportive supervisor behavior through the lens of gender role traditionalism and nation of residence.,"Olson, Kristine J. ; Leiva, Pedro ; Huffman, Ann ; Wolburg Martinez, Fernanda",2025,"Community, Work & Family",Taylor & Francis,"Community, Work & Family",10.1080/13668803.2025.2486127,184289413,166,Y,M0222,in_pool,,downloaded,fully_coded,,review/EBSCO/pdfs/EBSCO_M0222_Kristine J. Olsona_2023_Mens_experiences_of_family_supportive_supervisor.pdf,123,ebsco_search_position=166;ebsco_record_range=151-200
P0124,"Modeling information literacy in Chinese physical education: the roles of technology integration, teaching practices, self-efficacy, and academic performance.","Zhang, Xiangle ; Tian, Hongxia",2025,Scientific Reports,NA,Scientific Reports,10.1038/s41598-025-26990-2,189750102,9,Y,M0191,in_pool,,downloaded,not_read,,review/EBSCO/pdfs/EBSCO_M0191_information use and comprehension. Six hundred fifty undergraduate students from Henan_2025_Modeling_information_literacy_in_Chinese_physica.pdf,124,ebsco_search_position=9;ebsco_record_range=1-50
P0125,Moral licensing effect of work engagement: The role of psychological entitlement and relationship conflict with supervisors.,"Zhang, Lianghua ; Wang, Yongli",2025,"Business Ethics, the Environment & Responsibility",Wiley,"Business Ethics, the Environment & Responsibility",10.1111/beer.12659,183990569,167,Y,M0734,in_pool,,downloaded,not_read,,review/EBSCO/pdfs/EBSCO_M0734_Business_Ethics_2022_The_Moral_Licensing_Effect_of_Work_Engagement_Th.pdf,125,ebsco_search_position=167;ebsco_record_range=151-200;export_only_added=2026-06-26
P0126,Navigating the Digital Landscape: Exploring the Relationship Between Social Media Affordances and Chinese Generation Z's Online Prosocial and Antisocial Behaviors.,Wu Li ; Pengya Ai ; Tian You Guo ; Lianshan Zhang,2025,Cyberpsychology,NA,Cyberpsychology,10.5817/cp2025-4-4,188044824,17,Y,M0199,in_pool,,downloaded,not_read,,review/EBSCO/pdfs/EBSCO_M0199_Journal of Psychosocial Research on Cyberspace_2025_Navigating_the_Digital_Landscape_Exploring_the_R.pdf,126,ebsco_search_position=17;ebsco_record_range=1-50
P0127,Online Fitness Content as a behavioral catalyst: extending the Theory of Planned Behavior to unmask time-dependent effects on resistance training engagement.,"Wei, Wei ; Su, Ronghai ; Lin, Chen ; Meng, Meng ; Zheng, Rongrong",2025,Frontiers in Psychology,Frontiers,Frontiers in Psychology,10.3389/fpsyg.2025.1575832,189788447,145,Y,M0325,in_pool,,downloaded,fully_coded,,review/EBSCO/pdfs/EBSCO_M0325_Wei_Wei_2025_Online_Fitness_Content_as_a_behavioral_catalyst.pdf,127,ebsco_search_position=145;ebsco_record_range=101-150
P0128,Perceived algorithmic control and gig workers' work engagement: assessing the mediating role of psychological empowerment and the moderating effect of deep acting.,"Lin, Qingxiu ; Sun, Rui ; Zhu, Qiuhua",2025,BMC Psychology,Springer,BMC Psychology,10.1186/s40359-025-03570-7,189211694,149,Y,M0723,in_pool,,downloaded,not_read,,review/EBSCO/pdfs/imports/Lin_2025_s40359-025-03570-7.pdf,128,ebsco_search_position=149;ebsco_record_range=101-150;export_only_added=2026-06-26
P0129,Perceived organizational support on compassion fatigue among kindergarten teachers: a chain mediation model analysis of professional identity and emotional intelligence.,"Cai, Ge ; Guo, Liqiang ; Li, Xiaoning",2025,BMC Psychology,Springer,BMC Psychology,10.1186/s40359-025-03299-3,187534190,174,Y,M0741,in_pool,,downloaded,read_snippet_only,,review/EBSCO/pdfs/EBSCO_M0741_Williams_2025_RESEARCH.pdf,129,ebsco_search_position=174;ebsco_record_range=151-200;export_only_added=2026-06-26
P0130,Political climate and workplace cyberbullying perpetration: a multilevel moderated mediation model.,"Malik, Omer Farooq ; Pichler, Shaun ; Shahzad, Asif ; Jawad, Nazish",2025,BMC Psychology,Springer,BMC Psychology,10.1186/s40359-025-03239-1,187377680,178,Y,M0743,in_pool,,downloaded,read_snippet_only,,review/EBSCO/pdfs/EBSCO_M0743_Williams_2025_RESEARCH.pdf,130,ebsco_search_position=178;ebsco_record_range=151-200;export_only_added=2026-06-26
P0131,Predictors of higher education dropout intention in the post-pandemic era: The mediating role of academic exhaustion.,"Gonzalez, Bárbara ; Mendes, Teresa P. ; Pinto, Ricardo ; Correia, Sónia V. ; Albuquerque, Sara ; Paulino, Paula",2025,PLoS ONE,NA,PLoS ONE,10.1371/journal.pone.0327643,186465321,183,Y,M0214,in_pool,,downloaded,fully_coded,,review/EBSCO/pdfs/EBSCO_M0214_Gonzalez_2025_Predictors_of_higher_education_dropout_intention.pdf,131,ebsco_search_position=183;ebsco_record_range=151-200
P0132,Proactive Breakthrough or Passive Exhaustion? A Dual-Path Integrated Model Driven by Perceived Overqualification.,"Fan, Chuanhao ; Shang, Bingbing",2025,Behavioral Sciences (2076-328X),MDPI,Behavioral Sciences (2076-328X),10.3390/bs15050702,185477771,39,Y,M0220,in_pool,,downloaded,fully_coded,,review/EBSCO/pdfs/EBSCO_M0220_Fan_2025_Proactive_Breakthrough_or_Passive_Exhaustion_A_D.pdf,132,ebsco_search_position=39;ebsco_record_range=1-50
P0133,Protecting work engagement from digital fatigue: the contingent roles of leadership style and network ties.,"Zhang, Xiaozhu ; Deng, Guangkuan",2025,Frontiers in Psychology,Frontiers,Frontiers in Psychology,10.3389/fpsyg.2025.1645057,189672339,146,Y,M0326,in_pool,,downloaded,fully_coded,,review/EBSCO/pdfs/EBSCO_M0326_Deng_2025_Protecting_work_engagement_from_digital_fatigue.pdf,133,ebsco_search_position=146;ebsco_record_range=101-150
P0134,"Reading Minds, Sparking Ideas: How Machiavellian Leaders Boost Team Creativity Through Cross-Understanding.","Yan, Yihang ; Lei, Hongzhen ; Xiong, Hui ; Liu, Yuanzhe ; Qu, Xiaoqian",2025,Administrative Sciences (2076-3387),MDPI,Administrative Sciences (2076-3387),10.3390/admsci15100400,188950037,126,Y,M0306,in_pool,,downloaded,fully_coded,,review/EBSCO/pdfs/EBSCO_M0306_Yan_2025_Reading_Minds_Sparking_Ideas_How_Machiavellian_L.pdf,134,ebsco_search_position=126;ebsco_record_range=101-150
P0135,Relational leadership and work‒life balance: The moderated mediating role of relational energy.,"Zhang, Haina ; Sun, Wei ; Tang, Guiyao",2025,Asia Pacific Journal of Management,Springer,Asia Pacific Journal of Management,10.1007/s10490-024-09995-9,190748973,122,Y,M0302,in_pool,,downloaded,fully_coded,,review/EBSCO/pdfs/EBSCO_M0302_:–_2024_Asia_Pacific_Journal_of_Management_2025_42237924.pdf,135,ebsco_search_position=122;ebsco_record_range=101-150
P0136,"Relationship among service accessibility, social norms, herpes zoster vaccination intention of middle-aged and older adults in Chongqing: mediating role of perceived usefulness.","Deng, Yanxi ; Wang, Tianran ; Yu, Li ; Fu, Xin ; Luo, Yaman ; Chen, Fei",2025,Frontiers in Public Health,Frontiers,Frontiers in Public Health,10.3389/fpubh.2025.1649455,188601779,151,Y,M0725,in_pool,,missing,not_read,,,136,ebsco_search_position=151;ebsco_record_range=151-200;export_only_added=2026-06-26
P0137,"Supplier Orientation and Furniture Manufacturing Small and Medium Enterprises' Performance in Dar es Salaam, Tanzania: Customer Loyalty's Role.","Bwemelo, Gordian Stanslaus ; Mmari, Goodluck Aletaulwa ; Mashenene, Robert Galan",2025,"International Journal of Management, Accounting & Economics",NA,"International Journal of Management, Accounting & Economics",10.5281/zenodo.15824866,186618169,168,Y,M0735,in_pool,,downloaded,not_read,,review/EBSCO/pdfs/EBSCO_M0735_Bwemelo_2025_International_Journal_of_Management_Accounting_a.pdf,137,ebsco_search_position=168;ebsco_record_range=151-200;export_only_added=2026-06-26
P0138,Surround yourself with creative people: How employee narcissism connects to creativity.,"Guo, Qiuyun",2025,Frontiers in Psychology,Frontiers,Frontiers in Psychology,10.3389/fpsyg.2025.1646817,188391631,153,Y,M0727,in_pool,,downloaded,not_read,,review/EBSCO/pdfs/imports/Guo_2025_fpsyg-16-1646817.pdf,138,ebsco_search_position=153;ebsco_record_range=151-200;export_only_added=2026-06-26
P0139,The Buffering Role of Anti‐Violence Human Resource Management Practices in Shaping How Police Officers Cope With Workplace Violence.,"Alfes, Kerstin ; Tham, Tse Leng ; Pariona‐Cabrera, Patricia ; Holland, Peter ; Bartram, Timothy",2025,Human Resource Management,Wiley,Human Resource Management,10.1002/hrm.22281,185030511,133,Y,M0313,in_pool,,downloaded,not_read,,review/EBSCO/pdfs/EBSCO_M0313_Human Resource Management_2024_The_buffering_role_of_antiviolence_human_resourc.pdf,139,ebsco_search_position=133;ebsco_record_range=101-150
P0140,The Dark Side of Employee's Leadership Potential: Its Impact on Leader Jealousy and Ostracism.,"Yu, Zhen ; Wang, Feiwen ; Ye, Long ; Liao, Ganli ; Zhang, Qichao",2025,Behavioral Sciences (2076-328X),MDPI,Behavioral Sciences (2076-328X),10.3390/bs15081001,187554733,179,Y,M0211,in_pool,,downloaded,fully_coded,,review/EBSCO/pdfs/EBSCO_M0211_G._2025_The_Dark_Side_of_Employees_Leadership_Potential.pdf,140,ebsco_search_position=179;ebsco_record_range=151-200
P0141,The Double-Edged Sword Effect of Generative AI Adoption on Students' Sustainable Entrepreneurship Intentions.,"Kong, Weiwei ; Hu, Haiqing ; Wang, Zhaoqun ; Qiao, Jianqi ; Liu, Jianjun",2025,Behavioral Sciences (2076-328X),MDPI,Behavioral Sciences (2076-328X),10.3390/bs15121705,190530774,12,Y,M0194,in_pool,,downloaded,not_read,,review/EBSCO/pdfs/EBSCO_M0194_Intentions. Behavioral Sciences_2025_The_Double-Edged_Sword_Effect_of_Generative_AI_A.pdf,141,ebsco_search_position=12;ebsco_record_range=1-50
P0142,The Downside of Ethical Convictions: Why and When Employees Reduce Ethical Voice in Response to Perceived Supervisor Ethical Conviction.,"Xiang, Yilin ; Chen, Lu ; Sun, Xinyu ; Feng, Xin",2025,Journal of Business & Psychology,Springer,Journal of Business & Psychology,10.1007/s10869-024-10003-6,187621844,123,Y,M0303,in_pool,,downloaded,fully_coded,,review/EBSCO/pdfs/EBSCO_M0303_Feng_2024_The_Downside_of_Ethical_Convictions_Why_and_When.pdf,142,ebsco_search_position=123;ebsco_record_range=101-150
P0143,The dual-path impact of role stress on employees' work engagement: based on the cognitive-affective system theory of personality.,"Fan, Chuanhao ; Lu, Jianbo ; Zhang, Long ; Shang, Bingbing ; Gong, Yao",2025,BMC Psychology,Springer,BMC Psychology,10.1186/s40359-025-03077-1,186624221,182,Y,M0744,in_pool,,missing,pdf_missing,,,143,ebsco_search_position=182;ebsco_record_range=151-200;export_only_added=2026-06-26
P0144,The effects of peer overqualification on dualistic work passion through the sequential mediation of perceived competitive climate and job anxiety.,"Wang, Li-Yuan ; Kong, Jia-Yue ; Yao, Chun-Liang ; Wang, Miao-Miao",2025,Scientific Reports,NA,Scientific Reports,10.1038/s41598-025-28658-3,190570738,8,Y,M0190,in_pool,,downloaded,not_read,,review/EBSCO/pdfs/EBSCO_M0190_Li-Yuan Wang_2025_The_effects_of_peer_overqualification_on_dualist.pdf,144,ebsco_search_position=8;ebsco_record_range=1-50
P0145,The impact of corporate social responsibility on employee safety citizenship behavior in Chinese gas sector.,"Miao, Guosen ; Chen, Guoping ; Li, Cui",2025,Scientific Reports,NA,Scientific Reports,10.1038/s41598-025-12083-7,186837587,181,Y,M0213,in_pool,,downloaded,fully_coded,,review/EBSCO/pdfs/EBSCO_M0213_Guosen Miao_2025_The_impact_of_corporate_social_responsibility_on.pdf,145,ebsco_search_position=181;ebsco_record_range=151-200
P0146,"The impact of enterprise–union coupling relationships on gig workers' well-being in China: the roles of basic rights, growth rights and time pressure.","Zha, Xuanqi ; Hu, Enhua ; Yan, Ge ; Shan, Hongmei ; Wang, Ying",2025,International Journal of Human Resource Management,Taylor & Francis,International Journal of Human Resource Management,10.1080/09585192.2025.2602080,190954427,121,Y,M0301,in_pool,,downloaded,fully_coded,,review/EBSCO/pdfs/EBSCO_M0301_Xuanqi Zhaa_2025_The_International_Journal_of_Human_Resource_Mana.pdf,146,ebsco_search_position=121;ebsco_record_range=101-150
P0147,"The impact of mission valence on innovative work behavior among civil servants: the roles of harmonious passion, spiritual leadership, and the organization's fault-tolerant climate.","Liu, Xi ; Zhang, Shaobo ; Huang, Qian",2025,Frontiers in Psychology,Frontiers,Frontiers in Psychology,10.3389/fpsyg.2025.1722923,189672326,147,Y,M0327,in_pool,,downloaded,fully_coded,,review/EBSCO/pdfs/EBSCO_M0327_Liu_2025_The_impact_of_mission_valence_on_innovative_work.pdf,147,ebsco_search_position=147;ebsco_record_range=101-150
P0148,The impact of social support on the quality of sports participation among individuals with disabilities: the chain mediating effects of psychological capital and self-esteem.,"Peng, Jiahui ; Cao, Li ; Li, Feixuan ; Zhou, Deqiao",2025,Frontiers in Psychology,Frontiers,Frontiers in Psychology,10.3389/fpsyg.2025.1662636,189422275,148,Y,M0722,in_pool,,missing,not_read,,,148,ebsco_search_position=148;ebsco_record_range=101-150;export_only_added=2026-06-26
P0149,The impact of work concerns on teaching effectiveness: a structural equation modeling and multiple regression analysis in Chinese private universities.,"Liang, Mingyu ; Abdullah, Mohd Khairuddin ; Wang, Qun",2025,Frontiers in Psychology,Frontiers,Frontiers in Psychology,10.3389/fpsyg.2025.1661379,188391369,152,Y,M0726,in_pool,,downloaded,not_read,,review/EBSCO/pdfs/imports/Liang_2025_fpsyg-16-1661379.pdf,149,ebsco_search_position=152;ebsco_record_range=151-200;export_only_added=2026-06-26
P0150,The Organizational Halo: How Perceived Philanthropy Awareness Curbs Abusive Supervision via Moral Pride.,"Ju, Dong ; Tang, Yan ; Geng, Shu ; Lu, Ruobing ; Wang, Weifeng",2025,Behavioral Sciences (2076-328X),MDPI,Behavioral Sciences (2076-328X),10.3390/bs15121706,190530775,11,Y,M0193,in_pool,,downloaded,fully_coded,,review/EBSCO/pdfs/EBSCO_M0193_Behavioral Sciences_2025_The_Organizational_Halo_How_Perceived_Philanthro.pdf,150,ebsco_search_position=11;ebsco_record_range=1-50
P0151,The Positive Effects of Employee AI Dependence on Voice Behavior—Based on Power Dependence Theory.,"Liu, Jialin ; Huang, Mingpeng ; Cui, Min ; Tian, Guangdi ; Li, Xinyue",2025,Behavioral Sciences (2076-328X),MDPI,Behavioral Sciences (2076-328X),10.3390/bs15121709,190530778,10,Y,M0192,in_pool,,downloaded,fully_coded,,review/EBSCO/pdfs/EBSCO_M0192_Tian_2025_The_Positive_Effects_of_Employee_AI_Dependence_o.pdf,151,ebsco_search_position=10;ebsco_record_range=1-50
P0152,The Relationship Between Career Adaptability and Work Engagement Among Young Chinese Workers: Mediating Role of Job Satisfaction and Moderating Effects of Artificial Intelligence Self-Efficacy and Anxiety.,"Leong, Frederick Theen Lok ; Li, Xuan ; Chen, Emma Mingjing",2025,Behavioral Sciences (2076-328X),MDPI,Behavioral Sciences (2076-328X),10.3390/bs15121682,190530751,14,Y,M0196,in_pool,,downloaded,fully_coded,,review/EBSCO/pdfs/EBSCO_M0196_Relationship_2025_The_Relationship_Between_Career_Adaptability_and.pdf,152,ebsco_search_position=14;ebsco_record_range=1-50
P0153,The relationship between college students' legal cognition and maladaptive risk-taking behaviors: the moderating effect of need for cognitive closure.,"Hu, Yu ; Ding, Qiang ; Liu, Hui ; Xu, Shuhui",2025,Frontiers in Psychology,Frontiers,Frontiers in Psychology,10.3389/fpsyg.2025.1717060,190571979,141,Y,M0321,in_pool,,downloaded,not_read,,review/EBSCO/pdfs/EBSCO_M0321_Yu_Hu_2025_The_relationship_between_college_students_legal.pdf,153,ebsco_search_position=141;ebsco_record_range=101-150
P0154,The relationship between teacher care and Chinese college students' physical education class learning satisfaction: the chain mediation effect of exercise enjoyment and exercise self-efficacy.,"Chen, Haixiong ; Xiang, Jun",2025,Frontiers in Psychology,Frontiers,Frontiers in Psychology,10.3389/fpsyg.2025.1691027,190549142,142,Y,M0322,in_pool,,downloaded,not_read,,review/EBSCO/pdfs/EBSCO_M0322_Xiang_2025_The_relationship_between_teacher_care_and_Chines.pdf,154,ebsco_search_position=142;ebsco_record_range=101-150
P0155,"The Relationships Between Contingent Reward Leadership, Perceived Organizational Support, Knowledge‐Sharing Intention, Innovative Culture, and Kindergarten Teachers' Creative Teaching Performance: A Mediated Moderation Model.","Huang, Maoyong ; Zhang, Jialing ; Ni, Yakun ; Xu, Yanzhen ; Guo, Tengfei",2025,Psychology in the Schools,Wiley,Psychology in the Schools,10.1002/pits.23604,187949526,20,Y,M0202,in_pool,,downloaded,fully_coded,,review/EBSCO/pdfs/EBSCO_M0202_Huang_2025_The_Relationships_Between_Contingent_Reward_Lead.pdf,155,ebsco_search_position=20;ebsco_record_range=1-50
P0156,The Role of Psychological Contract Breach and Leader-Member Exchange in Sadism and Organizational Cynicism Among Chinese Hotel Employees.,"Wu, Hao ; Subramaniam, Anusuiya ; Rahamat, Syafiqah",2025,SAGE Open,SAGE,SAGE Open,10.1177/21582440251376462,188424153,186,Y,M0745,in_pool,,downloaded,partially_coded,,review/EBSCO/pdfs/EBSCO_M0745_Authors_2025_The_Role_of_Psychological_Contract_Breach_and_Le.pdf,156,ebsco_search_position=186;ebsco_record_range=151-200;export_only_added=2026-06-26
P0157,The role of social support in the association between quality of life and demoralization in patients with inflammatory bowel disease: a cross-sectional study.,"Ji, Jingrui ; Gu, Haoran ; Lei, Sifei ; Shen, Pan ; Zheng, Jie ; Zhang, Yinling",2025,Frontiers in Psychology,Frontiers,Frontiers in Psychology,10.3389/fpsyg.2025.1689939,190276158,143,Y,M0323,in_pool,,downloaded,not_read,,review/EBSCO/pdfs/EBSCO_M0323_Jingrui_Ji_2024_The_role_of_social_support_in_the_association_be.pdf,157,ebsco_search_position=143;ebsco_record_range=101-150
P0158,The roles of finance opinion and income source in the link between financial literacy and student financial behaviour in Tanzania.,"Isaga, Nsubili",2025,Discover Sustainability,Springer,Discover Sustainability,10.1007/s43621-025-02087-8,189088816,150,Y,M0724,in_pool,,missing,not_read,,,158,ebsco_search_position=150;ebsco_record_range=101-150;export_only_added=2026-06-26
P0159,The threshold moderating effect of self-efficacy: a nonlinear transformation mechanism of work passion on job satisfaction among sports practitioners.,"Kunyan, Wang ; Miao, Tan",2025,Frontiers in Psychology,Frontiers,Frontiers in Psychology,10.3389/fpsyg.2025.1667520,190276155,144,Y,M0324,in_pool,,downloaded,fully_coded,,review/EBSCO/pdfs/EBSCO_M0324_Miao_2025_The_threshold_moderating_effect_of_self-efficacy.pdf,159,ebsco_search_position=144;ebsco_record_range=101-150
P0160,To build a thriving workforce: unpacking the relationship between well-being-oriented human resource management and work outcomes.,"Xiao, Qijie ; Goh, Zen ; Cai, Yujie",2025,International Journal of Human Resource Management,Taylor & Francis,International Journal of Human Resource Management,10.1080/09585192.2026.2615719,192005768,120,Y,M0300,in_pool,,downloaded,fully_coded,,review/EBSCO/pdfs/EBSCO_M0300_Xiao_2017_The_International_Journal_of_Human_Resource_Mana.pdf,160,ebsco_search_position=120;ebsco_record_range=101-150
P0161,Unpacking the Path from Knowledge Heterogeneity to Team Creativity: A Knowledge-Based View and Dynamic Capability Theory Perspective.,"Cai, Hongyi ; Zhao, Heng ; Huang, Yong",2025,Administrative Sciences (2076-3387),MDPI,Administrative Sciences (2076-3387),10.3390/admsci15110408,189600258,125,Y,M0305,in_pool,,downloaded,fully_coded,,review/EBSCO/pdfs/EBSCO_M0305_Hongyi Cai_2025_Unpacking_the_Path_from_Knowledge_Heterogeneity.pdf,161,ebsco_search_position=125;ebsco_record_range=101-150
P0162,Using the effort–reward imbalance (ERI) model to predict parental burnout.,"Wang, Wei ; Zhang, Manting ; Mikolajczak, Moïra ; Li, Yongxin",2025,Journal of Family Psychology,APA/PSYC,Journal of Family Psychology,10.1037/fam0001305,2025-77094-001,,Y,M0669,in_pool,,missing,not_read,,,162,ebsco_record_range=551-570
P0163,When and Why Negative Supervisor Gossip Yields Functional and Dysfunctional Consequences on Subordinate Interactive Behaviors.,"Ding, Chen ; Su, Mengting ; Pei, Jialiang ; Zhu, Cherrie Jiuhua ; Zhao, Shuming",2025,Journal of Business Ethics,Springer,Journal of Business Ethics,10.1007/s10551-024-05900-y,186952061,138,Y,M0318,in_pool,,downloaded,fully_coded,,review/EBSCO/pdfs/EBSCO_M0318__2024_When_and_Why_Negative_Supervisor_Gossip_Yields_F.pdf,163,ebsco_search_position=138;ebsco_record_range=101-150
P0164,Why do I (not) trust my employees? Predicting factors for leaders' trust in employees.,"Lhaden, Karma ; Dimas, Isabel D.",2025,International Studies of Management & Organization,Taylor & Francis,International Studies of Management & Organization,10.1080/00208825.2024.2441619,186081600,137,Y,M0317,in_pool,,downloaded,fully_coded,,review/EBSCO/pdfs/EBSCO_M0317_Lhaden_2025_Why_do_I_not_trust_my_employees_Predicting_facto.pdf,164,ebsco_search_position=137;ebsco_record_range=101-150
P0165,"A Multilevel Perspective on High-Performance Work System, Mindfulness, Employee Work Well-Being, and Employee Creative Engagement.",Hui-Chun Chan ; Kuo-Ming Chu,2024,SAGE Open,SAGE,SAGE Open,10.1177/21582440241242206,178488413,,Y,M0374,in_pool,,missing,not_read,,,165,ebsco_record_range=151-200
P0166,"A New Look at Job Demands, Resources, and Volunteers' Intentions to Leave: The Role of Work–Home Interference and Burnout.","Magrone, Monica ; Montani, Francesco ; Emili, Silvia ; Bakker, Arnold B. ; Sommovigo, Valentina",2024,Voluntas: International Journal of Voluntary & Nonprofit Organizations,Springer,Voluntas: International Journal of Voluntary & Nonprofit Organizations,10.1007/s11266-024-00679-y,181643817,92,Y,M0272,in_pool,,downloaded,fully_coded,,review/EBSCO/pdfs/EBSCO_M0272_Magrone_2024_A_New_Look_at_Job_Demands_Resources_and_Voluntee.pdf,166,ebsco_search_position=92;ebsco_record_range=51-100
P0167,An interaction–immersion model in live streaming commerce: the moderating role of streamer attractiveness.,"Li, Lifu ; Feng, Yafei ; Zhao, Anqi",2024,Journal of Marketing Analytics,NA,Journal of Marketing Analytics,10.1057/s41270-023-00225-7,180106721,,Y,M0351,in_pool,,missing,not_read,,,167,ebsco_record_range=151-200
P0168,Broken engagement: The role of grit and LMX in enhancing faculty engagement.,"Hanley, Yvonne Downie ; Maykrantz, Sherry A. ; Houghton, Jeffery D.",2024,Higher Education Quarterly,Wiley,Higher Education Quarterly,10.1111/hequ.12450,174912609,158,Y,M0430,in_pool,,downloaded,not_read,,review/EBSCO/pdfs/imports/Hanley_2024_hequ.12450.pdf,168,ebsco_search_position=158;ebsco_record_range=151-200; EBSCO position 158; manual ingest 2026-06-26; source EBSCO-FullText-06_26_2026-4.pdf
P0169,"Celebrity, peer, and personal norms: examining the influences of different norms on fans' online engagement intentions regarding fandom philanthropy.","Li, Wu ; Dong, Yujie ; Tang, Ying",2024,Current Psychology,Springer,Current Psychology,10.1007/s12144-023-05588-9,edsgcl.791659417,,Y,M0370,in_pool,,missing,not_read,,,169,ebsco_record_range=151-200
P0170,Differences in influencing mechanism of clinicians' adoption behavior for liver cancer screening technology between the leading and subordinate hospitals within medical consortiums.,"Wu, Shiyin ; Zheng, Yuhang ; Wang, Lingjie ; Liu, Wenbin",2024,BMC Cancer,Springer,BMC Cancer,10.1186/s12885-024-12281-y,176783319,135,Y,M0315,in_pool,,downloaded,not_read,,review/EBSCO/pdfs/EBSCO_M0315_Williams_2024_RESEARCH.pdf,170,ebsco_search_position=135;ebsco_record_range=101-150
P0171,Ebullient supervision and employee life satisfaction: a moderated mediation model.,"Hassan, Qandeel ; Abid, Ghulam ; Ali, Muhammad ; Rehmat, Maryam ; Zafar, Rabbia",2024,Service Industries Journal,Taylor & Francis,Service Industries Journal,10.1080/02642069.2021.2019221,175643644,,Y,M0359,in_pool,,missing,not_read,,,171,ebsco_record_range=151-200
P0172,Effects of nonwork-related mobile technology active and passive use during working hours on employees' innovative behavior: a conditional process model.,"Zhou, Mi ; Liu, Wei ; Wang, Ning",2024,Current Psychology,Springer,Current Psychology,10.1007/s12144-023-05446-8,edsgcl.790736592,,Y,M0372,in_pool,,missing,not_read,,,172,ebsco_record_range=151-200
P0173,Factors Affecting Cultural Transmission in Museum Tourism: An Empirical Study with Mediation Analysis.,"Chen, Jiyun",2024,SAGE Open,SAGE,SAGE Open,10.1177/21582440241273868,180087769,,Y,M0356,in_pool,,missing,not_read,,,173,ebsco_record_range=151-200
P0174,Friendship leading the darkness? The impact of workplace friendship on the unethical pro-organizational behavior of new generation employees.,"Zhang, Suchuan ; Yang, Pengcheng",2024,Current Psychology,Springer,Current Psychology,10.1007/s12144-024-06406-6,edsgcl.809728235,,Y,M0349,in_pool,,missing,not_read,,,174,ebsco_record_range=151-200
P0175,From top to bottom: unpacking the pathways from leader unethical pro-organizational behavior to team unethical climate through commitment and CWB.,"Saher, Asma ; Zhang, Zhe ; Azhar, Saleem",2024,Current Psychology,Springer,Current Psychology,10.1007/s12144-024-06958-7,edsgcl.819567104,,Y,M0333,in_pool,,missing,not_read,,,175,ebsco_record_range=151-200
P0176,Fueling employee proactive behavior: The distinctive role of Chinese enterprise union practices from a conservation of resources perspective.,"Han, Mingyan ; Zhang, Maolong ; Hu, Enhua ; Shan, Hongmei",2024,Human Resource Management Journal,Wiley,Human Resource Management Journal,10.1111/1748-8583.12519,174913926,,Y,M0363,in_pool,,missing,not_read,,,176,ebsco_record_range=151-200
P0177,How and when does boundary spanning behavior influence employees' creative performance? The roles of meaning of work and team Chaxu climate.,"Zhang, Zheng ; Xie, Jia",2024,Current Psychology,Springer,Current Psychology,10.1007/s12144-024-05911-y,edsgcl.799040913,,Y,M0367,in_pool,,missing,not_read,,,177,ebsco_record_range=151-200
P0178,How does mindful leadership promote employee green behavior? The moderating role of green human resource management.,"Yang, Jin ; Yu, Ting ; Li, Anya",2024,Corporate Social Responsibility & Environmental Management,Wiley,Corporate Social Responsibility & Environmental Management,10.1002/csr.2870,180680710,94,Y,M0274,in_pool,,downloaded,not_read,,review/EBSCO/pdfs/EBSCO_M0274_Yang_2023_How_does_mindful_leadership_promote_employee_gre.pdf,178,ebsco_search_position=94;ebsco_record_range=51-100
P0179,How Is Job Insecurity Related to Workers' Work–Family Conflict during the Pandemic? The Mediating Role of Working Excessively and Techno-Overload.,"Finstad, Georgia Libera ; Bernuzzi, Chiara ; Setti, Ilaria ; Fiabane, Elena ; Giorgi, Gabriele ; Sommovigo, Valentina",2024,Behavioral Sciences (2076-328X),MDPI,Behavioral Sciences (2076-328X),10.3390/bs14040288,176875682,136,Y,M0316,in_pool,,downloaded,not_read,,review/EBSCO/pdfs/EBSCO_M0316_Finstad_2024_How_Is_Job_Insecurity_Related_to_Workers_WorkFam.pdf,179,ebsco_search_position=136;ebsco_record_range=101-150
P0180,Identity work support perceptions (IWSP): Development of a construct and measure.,"Jean, Esther L. ; Taylor, Nicolina ; Crawford, Wayne S. ; Hall, Alison V. ; Vaziri, Hoda ; Casper, Wendy J. ; Johnson, Lars U.",2024,Journal of Applied Psychology,APA/PSYC,Journal of Applied Psychology,10.1037/apl0001177,2024-49671-001,,Y,M0671,in_pool,,missing,not_read,,,180,ebsco_record_range=551-570
P0181,Insider versus outsider workplace mistreatment and their impact on affective ill‐being in healthcare professionals: Can personal resources act as buffers?,"Yaranon, Paolo ; O'Shea, Deirdre ; Bosak, Janine ; Sommovigo, Valentina",2024,"Journal of Advanced Nursing (John Wiley & Sons, Inc.)",Wiley,"Journal of Advanced Nursing (John Wiley & Sons, Inc.)",10.1111/jan.16120,178945528,189,Y,M0748,in_pool,,missing,pdf_missing,,,181,ebsco_search_position=189;ebsco_record_range=151-200;export_only_added=2026-06-26
P0182,Intergenerational Transmission of Mental Health Literacy and Its Mechanism: The Mediating Effect of Parent-Child Relationship and the Moderating Effect of School Mental Health Service.,"Wang, Xinxin ; Wang, Shengnan ; Song, Tingting ; Feng, Kai ; Li, Yongxin",2024,Psychology Research & Behavior Management,NA,Psychology Research & Behavior Management,10.2147/prbm.s453122,177967737,,Y,M0388,in_pool,,missing,not_read,,,182,ebsco_record_range=201-250
P0183,Investigating the disruptiveness of the sharing economy at the individual consumer level: How consumer reflexivity drives re-engagement in sharing.,"Li, Stella Yiyan ; Graul, Antje R. H. ; Zhu, John Jianjun",2024,Journal of the Academy of Marketing Science,Springer,Journal of the Academy of Marketing Science,10.1007/s11747-023-00926-6,174819016,,Y,M0361,in_pool,,missing,not_read,,,183,ebsco_record_range=151-200
P0184,"It's Not You, It's Me: Investigating the Consequences of Abusive Supervision and the Moderating Role of Impostorism.","Xiaochuan Song ; Whitman, Marilyn",2024,International Trade Journal,Taylor & Francis,International Trade Journal,10.1080/08853908.2023.2273881,174569287,,Y,M0364,in_pool,,missing,not_read,,,184,ebsco_record_range=151-200
P0185,Leader-member exchange differentiation and followers' psychological strain: exploring relations on the individual and on the team-level.,"Diebig, Mathias ; Gritzka, Susan ; Angerer, Peter ; Erschens, Rebecca ; Gast, Michael ; Gündel, Harald ; Hofmann, Sophie ; Junne, Florian ; Schröpel, Carla ; Klasmeier, Kai Niclas",2024,Current Psychology,Springer,Current Psychology,10.1007/s12144-024-05960-3,edsgcl.803658183,,Y,M0354,in_pool,,missing,not_read,,,185,ebsco_record_range=151-200
P0186,"Linking New Ways of Working to Employee Performance in Emerging Countries: The Interplay of Technostress, and Meaningful Work.","Nguyen, Phuong Ngoc-Duy ; Nguyen, Huan Hong ; Giang, Trang Thi ; Duong, Hiep Cong ; Nguyen, Linh Duy-Yen",2024,SAGE Open,SAGE,SAGE Open,10.1177/21582440241289988,181917461,,Y,M0337,in_pool,,missing,not_read,,,186,ebsco_record_range=151-200
P0187,Linking perceived supervisor support for strengths use to employee strengths use: the perspective of theory of planned behavior.,"Liu, Feng ; Liu, Jun ; Ding, He",2024,Current Psychology,Springer,Current Psychology,10.1007/s12144-023-04921-6,edsgcl.787520381,,Y,M0389,in_pool,,missing,not_read,,,187,ebsco_record_range=201-250
P0188,Managerial coaching and subordinates' psychological distress: a cross-level moderated mediation study.,"Song, Jian ; Li, Yingwu",2024,Current Psychology,Springer,Current Psychology,10.1007/s12144-023-05530-z,edsgcl.791409845,,Y,M0371,in_pool,,missing,not_read,,,188,ebsco_record_range=151-200
P0189,Measuring consumer‐based brand equity of prestigious mass brands using masstige mean score scale.,"Singh, Balgopal",2024,International Journal of Consumer Studies,Wiley,International Journal of Consumer Studies,10.1111/ijcs.12839,175055716,,Y,M0358,in_pool,,missing,not_read,,,189,ebsco_record_range=151-200
P0190,Medical Artificial Intelligence Information Disclosure on Healthcare Professional Involvement in Innovation: A Transactional Theory of Stress and Coping Model.,"Huo, Weiwei ; Luo, Wenhao ; Yan, Jiaqi ; Wang, Yixin ; Deng, Yehui",2024,International Journal of Human-Computer Interaction,Taylor & Francis,International Journal of Human-Computer Interaction,10.1080/10447318.2023.2266797,180919806,93,Y,M0273,in_pool,,downloaded,not_read,,review/EBSCO/pdfs/EBSCO_M0273_Huo_2024_Medical_Artificial_Intelligence_Information_Disc.pdf,190,ebsco_search_position=93;ebsco_record_range=51-100
P0191,Mothers' parental burnout and adolescents' social adaptation and security: the mediating role of parenting style.,"Song, Tingting ; Wang, Wei ; Chen, Shen ; Li, Yongxin",2024,Current Psychology,Springer,Current Psychology,10.1007/s12144-024-06045-x,edsgcl.803658170,,Y,M0353,in_pool,,downloaded,not_read,,review/EBSCO/pdfs/EBSCO_M0353_:–_2024_Current_Psychology_2024_432314423155.pdf,191,ebsco_record_range=151-200
P0192,Organizational Benefits of Commuting Support: The Impact of Flexible Working Hours on Employees' OCB through Commuting Control.,"Gan, Zhiyi ; Gan, Jinhua ; Zhou, Zhiqing E. ; Tang, Hanying",2024,Social Indicators Research,Springer,Social Indicators Research,10.1007/s11205-024-03378-9,179144718,129,Y,M0309,in_pool,,downloaded,fully_coded,,review/EBSCO/pdfs/EBSCO_M0309_© The Author(s)_2024_ORIGINAL_RESEARCH_Accepted_17_June_2024_Publishe.pdf,192,ebsco_search_position=129;ebsco_record_range=101-150
P0193,Organizational Learning Culture and Firm Performance: The Mediating Role of Learning Agility.,"Tripathi, Aastha",2024,Vikalpa: The Journal for Decision Makers,SAGE,Vikalpa: The Journal for Decision Makers,10.1177/02560909241254996,177994311,,Y,M0346,in_pool,,missing,not_read,,,193,ebsco_record_range=151-200
P0194,"Organizational politics, anger and workplace cyberbullying perpetration: a multigroup analysis of gender.","Malik, Omer Farooq ; Pichler, Shaun",2024,Management Research Review,Emerald,Management Research Review,10.1108/mrr-08-2023-0622,179391088,,Y,M0350,in_pool,,missing,not_read,,,194,ebsco_record_range=151-200
P0195,"Parental Burnout, Negative Parenting Style, and Adolescents' Development.","Guo, Xingchen ; Hao, Chenyu ; Wang, Wei ; Li, Yongxin",2024,Behavioral Sciences (2076-328X),MDPI,Behavioral Sciences (2076-328X),10.3390/bs14030161,176272149,156,Y,M0428,in_pool,,downloaded,not_read,,review/EBSCO/pdfs/imports/Guo_2024_bs14030161.pdf,195,ebsco_search_position=156;ebsco_record_range=151-200
P0196,"Sustainable development, environmental innovation and export firms: The moderating roles of external collaboration, creativity enhancement and internal development processes.","Galbreath, Jeremy ; Chang, Chia‐Yang ; Tisch, Daniel",2024,Sustainable Development,Wiley,Sustainable Development,10.1002/sd.2903,180045253,96,Y,M0276,in_pool,,downloaded,not_read,,review/EBSCO/pdfs/EBSCO_M0276_Galbreath_2023_Sustainable_development_environmental_innovation.pdf,196,ebsco_search_position=96;ebsco_record_range=51-100
P0197,Tasks at hand or more challenges: The roles of regulatory focus and job insecurity in predicting work behaviours.,"Tu, Yan ; Wang, Hai‐Jiang ; Jiang, Lixin ; De Witte, Hans ; Long, Lirong",2024,Journal of Occupational & Organizational Psychology,Wiley,Journal of Occupational & Organizational Psychology,10.1111/joop.12533,180656809,91,Y,M0271,in_pool,,downloaded,fully_coded,,review/EBSCO/pdfs/EBSCO_M0271_Psychol._2023_Tasks_at_Hand_or_More_Challenges_The_Roles_of_Re.pdf,197,ebsco_search_position=91;ebsco_record_range=51-100
P0198,Technostress and work-family conflict in ICT-user employees during the COVID-19 pandemic: the role of social support and mindfulness.,"Azpíroz-Dorronsoro, Carla ; Fernández-Muñiz, Beatriz ; Montes-Peón, José Manuel ; Vázquez-Ordás, Camilo José",2024,Behaviour & Information Technology,Taylor & Francis,Behaviour & Information Technology,10.1080/0144929x.2023.2220051,177655983,134,Y,M0314,in_pool,,downloaded,fully_coded,,review/EBSCO/pdfs/EBSCO_M0314_Carla_Azpíroz-Dorronsoro_2021_untitled.pdf,198,ebsco_search_position=134;ebsco_record_range=101-150
P0199,"The Benefit-Cost Balance of Chinese Adults' Social Interaction Behaviors on Social Media: Social Capital, Privacy Concerns and Attachment Anxiety.","Hu, Hongchao ; Shi, Lin ; Xie, Xinzhou",2024,SAGE Open,SAGE,SAGE Open,10.1177/21582440241300826,181917685,,Y,M0336,in_pool,,missing,not_read,,,199,ebsco_record_range=151-200
P0200,The cost of guilt: unpacking the emotional mechanism between work-to-family conflict and unethical pro-family behavior.,"Chen, Lu ; Chen, Ning ; Qu, Yuanmei ; Hussain, Muhammad Ali ; Qin, Yan",2024,International Journal of Human Resource Management,Taylor & Francis,International Journal of Human Resource Management,10.1080/09585192.2023.2227769,174160351,,Y,M0362,in_pool,,missing,not_read,,,200,ebsco_record_range=151-200
P0201,The dark side of creativity: its connection to work-family conflict.,"Xie, Lei ; Li, Guangping",2024,"Community, Work & Family",Taylor & Francis,"Community, Work & Family",10.1080/13668803.2022.2095256,178212940,130,Y,M0310,in_pool,,downloaded,not_read,,review/EBSCO/pdfs/EBSCO_M0310_Xie_2022_The_dark_side_of_creativity_its_connection_to_wo.pdf,201,ebsco_search_position=130;ebsco_record_range=101-150
P0202,The effect of promotion regulatory focus on service performance.,"Yan, Jiaqi ; Ali, Muhammad ; Khan, Mubbsher Munawar ; Shah, Syed Hamad Hassan ; Butt, Atif Saleem",2024,Service Industries Journal,Taylor & Francis,Service Industries Journal,10.1080/02642069.2021.2003340,174276976,,Y,M0360,in_pool,,missing,not_read,,,202,ebsco_record_range=151-200
P0203,The effect of strengths-based leadership on knowledge sharing behavior: the mediating role of leader-member exchange and the moderating of age.,"Liu, Yang ; Yu, Shunkun ; Ding, He",2024,Current Psychology,Springer,Current Psychology,10.1007/s12144-024-06417-3,edsgcl.809728229,,Y,M0348,in_pool,,missing,not_read,,,203,ebsco_record_range=151-200
P0204,The effects of demand-resource relationship on work-family conflict under Chinese culture: a cross-sectional study.,Tianjiao Li ; Zhiwei Helian ; Ling Hu ; Mengyuan Ma,2024,Frontiers in Psychology,Frontiers,Frontiers in Psychology,10.3389/fpsyg.2024.1334538,177313695,,Y,M0369,in_pool,,missing,not_read,,,204,ebsco_record_range=151-200
P0205,The impact of biodiversity information on willingness to pay.,"Hörisch, Jacob ; Petersen, Lars ; Jacobs, Kathleen",2024,Journal of Industrial Ecology,Wiley,Journal of Industrial Ecology,10.1111/jiec.13552,181847477,90,Y,M0270,in_pool,,downloaded,fully_coded,,review/EBSCO/pdfs/EBSCO_M0270_Petersen_2024_The_impact_of_biodiversity_information_on_willin.pdf,205,ebsco_search_position=90;ebsco_record_range=51-100
P0206,The Impact of Empowering Leadership on Taking Charge Behaviors: Mediating Strengths Use and Moderating Ambition.,"Kong, Lingnan ; Liu, Yang ; Ding, He ; Liu, Sha ; Yu, Shunkun",2024,Behavioral Sciences (2076-328X),MDPI,Behavioral Sciences (2076-328X),10.3390/bs14080633,179353226,128,Y,M0308,in_pool,,downloaded,fully_coded,,review/EBSCO/pdfs/EBSCO_M0308_Kong_2024_The_Impact_of_Empowering_Leadership_on_Taking_Ch.pdf,206,ebsco_search_position=128;ebsco_record_range=101-150
P0207,The impact of family-like employee-organization relationship on unethical pro-family behavior.,"Yao, Zhu ; Xiong, Zhengde",2024,Service Industries Journal,Taylor & Francis,Service Industries Journal,10.1080/02642069.2024.2362831,178419741,,Y,M0344,in_pool,,missing,not_read,,,207,ebsco_record_range=151-200
P0208,"The more you connect, the less you connect: An examination of the role of phubbing at home and job crafting in the crossover and spillover effects of work–family spousal support on employee creativity.","Wang, Siqi ; Rofcanin, Yasin ; Las Heras, Mireia ; Yalabik, Zeynep",2024,Journal of Occupational & Organizational Psychology,Wiley,Journal of Occupational & Organizational Psychology,10.1111/joop.12503,178835459,127,Y,M0307,in_pool,,downloaded,fully_coded,,review/EBSCO/pdfs/EBSCO_M0307_Psychol._2023_The_More_You_Connect_the_Less_You_Connect_An_Exa.pdf,208,ebsco_search_position=127;ebsco_record_range=101-150
P0209,The role of affective states in the process of goal setting.,"Permzadian, Vahe ; Zhao, Teng",2024,Current Psychology,Springer,Current Psychology,10.1007/s12144-024-06130-1,edsgcl.810294317,,Y,M0352,in_pool,,missing,not_read,,,209,ebsco_record_range=151-200
P0210,THE ROLES OF PARTNERING AND BOUNDARY ACTIVITIES ON PROJECT RESILIENCE UNDER DISRUPTIONS.,"SHEN, Wenxin ; Wen LIM, Huey ; FANG, Dongping",2024,Journal of Civil Engineering & Management,NA,Journal of Civil Engineering & Management,10.3846/jcem.2024.21354,177691594,132,Y,M0312,in_pool,,downloaded,not_read,,review/EBSCO/pdfs/EBSCO_M0312_SHEN_2023_THE_ROLES_OF_PARTNERING_AND_BOUNDARY_ACTIVITIES.pdf,210,ebsco_search_position=132;ebsco_record_range=101-150
P0211,"The virtue of a controlling leadership style: Authoritarian leadership, work stressors, and leader power distance orientation.","Chen, Leni ; Huang, Xu ; Sun, Jian-min ; Zheng, Yuyan ; Graham, Les ; Jiang, Judy",2024,Asia Pacific Journal of Management,Springer,Asia Pacific Journal of Management,10.1007/s10490-022-09860-7,178230766,,Y,M0345,in_pool,,missing,not_read,,,211,ebsco_record_range=151-200
P0212,Understanding employee branding capability and country-of-origin image impacts for internationalised firms.,"Bassi Suter, Mariana ; Borini, Felipe Mendes ; dos Santos-Costa, Lucas ; Glaister, Alison J. ; Meneses, Raquel ; Johnston, Nathalie Georgia Carina",2024,Management international / International Management / Gestiòn Internacional,NA,Management international / International Management / Gestiòn Internacional,10.59876/a-4h0j-acx4,183556440,,Y,M0334,in_pool,,missing,not_read,,,212,ebsco_record_range=151-200
P0213,"Understanding how to ignite teacher enthusiasm: The role of school climate, teacher efficacy, and teacher leadership.","Zhang, Enming ; Ye, Yinghua",2024,Current Psychology,Springer,Current Psychology,10.1007/s12144-023-05387-2,176689735,,Y,M0373,in_pool,,missing,not_read,,,213,ebsco_record_range=151-200
P0214,Unleashing digital superheroes: Unravelling the empathy factor in digital competence and online teacher autonomy support.,"Chen, Anni ; Li, Wei ; Fu, Weidong",2024,British Journal of Educational Technology,Wiley,British Journal of Educational Technology,10.1111/bjet.13433,177678287,131,Y,M0311,in_pool,,downloaded,fully_coded,,review/EBSCO/pdfs/EBSCO_M0311_Technol._2023_Unleashing_Digital_Superheroes_Unraveling_the_Em.pdf,214,ebsco_search_position=131;ebsco_record_range=101-150
P0215,Unpacking the relationship between cultural diversity and workgroup creativity.,"Onyeneke, Gechinti Bede ; Abe, Tomokazu",2024,Cross Cultural & Strategic Management,Emerald,Cross Cultural & Strategic Management,10.1108/ccsm-09-2023-0196,181070789,,Y,M0335,in_pool,,missing,not_read,,,215,ebsco_record_range=151-200
P0216,Validation of a German version of the caregiver strain questionnaire-short form 11 (CGSQ-SF11).,"Göldel, Julia M. ; Warschburger, Petra",2024,BMC Psychology,Springer,BMC Psychology,10.1186/s40359-024-01875-7,178402998,,Y,M0355,in_pool,,missing,not_read,,,216,ebsco_record_range=151-200
P0217,Vitality and learning: the impact of mobile technology use across work–nonwork boundaries on job performance.,"Zhou, Mi ; Liu, Wei ; Fan, Weiguo",2024,Behaviour & Information Technology,Taylor & Francis,Behaviour & Information Technology,10.1080/0144929x.2023.2262605,179805623,95,Y,M0275,in_pool,,downloaded,fully_coded,,review/EBSCO/pdfs/EBSCO_M0275_Mi Zhoua_2022_untitled.pdf,217,ebsco_search_position=95;ebsco_record_range=51-100
P0218,When employee voice backfires: examining how and when employee voice induces workplace deviance.,"Zhao, Puchu ; Guan, Jian",2024,Current Psychology,Springer,Current Psychology,10.1007/s12144-023-05587-w,edsgcl.791875529,,Y,M0368,in_pool,,missing,not_read,,,218,ebsco_record_range=151-200
P0219,Why Do Nurses Work While Sick? An Exploratory Study of Nurse Leaders' Cognitive Preferences Toward Presenteeism.,"Li, Wenzhen ; Wang, Wei ; Shan, Geyan ; Wang, Hongxia ; Guo, Shujie ; Li, Yongxin ; Xu, Haibo",2024,Journal of Nursing Management,NA,Journal of Nursing Management,10.1155/2024/5522654,180776801,187,Y,M0746,in_pool,,downloaded,partially_coded,,review/EBSCO/pdfs/EBSCO_M0746_Wang_2023_Why_Do_Nurses_Work_While_Sick_An_Exploratory_Stu.pdf,219,ebsco_search_position=187;ebsco_record_range=151-200;export_only_added=2026-06-26
P0220,Youth materialism and consumer ethics: do Gen Z adolescents' self-concepts (power and self-esteem) vary across cultures (China vs. France)?,"Gentina, Elodie ; Tang, Thomas Li-Ping",2024,Ethics & Behavior,Taylor & Francis,Ethics & Behavior,10.1080/10508422.2022.2151012,175141394,157,Y,M0429,in_pool,,downloaded,not_read,,review/EBSCO/pdfs/imports/Gentina_2024_10508422.2022.2151012.pdf,220,ebsco_search_position=157;ebsco_record_range=151-200; EBSCO position 157; manual ingest 2026-06-26; source EBSCO-FullText-06_26_2026-3.pdf
P0221,"""Who Knows Me Understands My Needs"": The Effect of Home-Based Telework on Work Engagement.","Wang, Hui ; Xiao, Yuting ; Zhang, Han ; Chen, Xueshuang",2023,Psychology Research & Behavior Management,NA,Psychology Research & Behavior Management,10.2147/prbm.s402159,163100632,,Y,M0449,in_pool,,missing,not_read,,,221,ebsco_record_range=301-350
P0222,A Mixed-Method Study on Job Satisfaction Among Air Traffic Controllers During the Pandemic: The Roles of Work-Family Interface and Resilience.,"Bernuzzi, Chiara ; Sommovigo, Valentina ; O'Shea, Deirdre ; Setti, Ilaria",2023,International Journal of Aerospace Psychology,Taylor & Francis,International Journal of Aerospace Psychology,10.1080/24721840.2023.2242391,172309725,160,Y,M0730,in_pool,,downloaded,not_read,,review/EBSCO/pdfs/imports/Bernuzzi_2023_24721840.2023.2242391.pdf,222,ebsco_search_position=160;ebsco_record_range=151-200;export_only_added=2026-06-26
P0223,A Mixed-method Study on the Bright Side of Organizational Change: Role Clarity and Supervisor Support as Resources for Employees' Resilience.,"Bernuzzi, Chiara ; Sommovigo, Valentina ; Maffoni, Marina ; Setti, Ilaria ; Argentero, Piergiorgio",2023,Journal of Change Management,Taylor & Francis,Journal of Change Management,10.1080/14697017.2023.2172057,163554487,,Y,M0405,in_pool,,missing,not_read,,,223,ebsco_record_range=201-250
P0224,A Virtual Net Locks Me In: How and When Information and Communication Technology Use Intensity Leads to Knowledge Hiding.,"Zhang, Zhe ; Ji, Xintong",2023,Journal of Business Ethics,Springer,Journal of Business Ethics,10.1007/s10551-022-05245-4,172754271,,Y,M0380,in_pool,,missing,not_read,,,224,ebsco_record_range=201-250
P0225,Be constantly different! How to manage influencer authenticity.,"Zniva, Robert ; Weitzl, Wolfgang J. ; Lindmoser, Christina",2023,Electronic Commerce Research,Springer,Electronic Commerce Research,10.1007/s10660-022-09653-6,172313572,,Y,M0395,in_pool,,missing,not_read,,,225,ebsco_record_range=201-250
P0226,Can a familiar gender stereotype create a not‐so‐familiar benefit for women? Evidence of gendered differences in ascribed stereotypes and effects of team member adaptivity on performance evaluations.,"Carpini, Joseph A. ; Luksyte, Aleksandra ; Parker, Sharon K. ; Collins, Catherine G.",2023,"Journal of Organizational Behavior (John Wiley & Sons, Inc.)",Wiley,"Journal of Organizational Behavior (John Wiley & Sons, Inc.)",10.1002/job.2702,163704995,,Y,M0432,in_pool,,missing,not_read,,,226,ebsco_record_range=301-350
P0227,Can adopting lean startup strategy promote the sustainable development of new ventures? The mediating role of organizational iterative learning.,"Zhuge, Kai ; He, Huitao ; Yuan, Yongzhi ; Sun, Peiting",2023,PLoS ONE,NA,PLoS ONE,10.1371/journal.pone.0290849,171105153,169,Y,M0736,in_pool,,downloaded,read_snippet_only,,review/EBSCO/pdfs/EBSCO_M0736_Kai_ZhugeID_2023_Can_adopting_lean_startup_strategy_promote_the_s.pdf,227,ebsco_search_position=169;ebsco_record_range=151-200;export_only_added=2026-06-26
P0228,Can leader self-sacrificial behavior inhibit unethical pro-family behavior? A personal identification perspective.,Changchang Hou ; Ken Cheng ; Jiaying He ; Panpan Hu ; Yinghui Lin,2023,Frontiers in Psychology,Frontiers,Frontiers in Psychology,10.3389/fpsyg.2022.1078122,161540213,,Y,M0450,in_pool,,missing,not_read,,,228,ebsco_record_range=301-350
P0229,Crossing the line: The violating effects of illegitimate interruptions from work and the differential impact on work‐to‐family conflict by gender.,"Grotto, Angela R. ; Mills, Maura J.",2023,"Journal of Organizational Behavior (John Wiley & Sons, Inc.)",Wiley,"Journal of Organizational Behavior (John Wiley & Sons, Inc.)",10.1002/job.2689,163704991,,Y,M0433,in_pool,,missing,not_read,,,229,ebsco_record_range=301-350
P0230,Customer journey management capability in business-to-business markets: Its bright and dark sides and overall impact on firm performance.,"Homburg, Christian ; Tischer, Moritz",2023,Journal of the Academy of Marketing Science,Springer,Journal of the Academy of Marketing Science,10.1007/s11747-023-00923-9,170003424,,Y,M0392,in_pool,,missing,not_read,,,230,ebsco_record_range=201-250
P0231,Does green inclusive leadership promote hospitality employees' pro-environmental behaviors? The mediating role of climate for green initiative.,"Thabet, Wael Mohammed ; Badar, Kamal ; Aboramadan, Mohammed ; Abualigah, Ahmad",2023,Service Industries Journal,Taylor & Francis,Service Industries Journal,10.1080/02642069.2022.2120982,161245525,,Y,M0419,in_pool,,missing,not_read,,,231,ebsco_record_range=201-250
P0232,Does Leader Humility Foster Employee Bootlegging? Examining the Mediating Role of Relational Energy and the Moderating Role of Work Unit Structure.,"Qu, Jinzhao ; Khapova, Svetlana N. ; Xu, Shiyong ; Cai, Wenjing ; Zhang, Ying ; Zhang, Lihua ; Jiang, Xinling",2023,Journal of Business & Psychology,Springer,Journal of Business & Psychology,10.1007/s10869-023-09884-w,173517286,,Y,M0379,in_pool,,missing,not_read,,,232,ebsco_record_range=201-250
P0233,Engaging with intelligent voice assistants for wellbeing and brand attachment.,"Prentice, Catherine ; Loureiro, Sandra Maria Correia ; Guerreiro, João",2023,Journal of Brand Management,NA,Journal of Brand Management,10.1057/s41262-023-00321-0,170899684,,Y,M0413,in_pool,,missing,not_read,,,233,ebsco_record_range=201-250
P0234,Enhancing Employee Job Satisfaction Responding to COVID-19: The Role of Organizational Adaptive Practices and Psychological Resilience.,"Han, Zhiyong ; Wang, Dan ; Jiang, Chuanyun ; Zhang, Yuliang",2023,Psychology Research & Behavior Management,NA,Psychology Research & Behavior Management,10.2147/prbm.s432982,174449446,,Y,M0407,in_pool,,missing,not_read,,,234,ebsco_record_range=201-250
P0235,"Ethical judgments in the sharing economy: When consumers misbehave, providers complain.","Culiberg, Barbara ; Čater, Barbara ; Abosag, Ibrahim ; Gidaković, Petar",2023,"Business Ethics, the Environment & Responsibility",Wiley,"Business Ethics, the Environment & Responsibility",10.1111/beer.12520,162569915,,Y,M0404,in_pool,,missing,not_read,,,235,ebsco_record_range=201-250
P0236,Ethical leadership and employee unethical behavior: a dual-processing model.,"Gan, Chenjing ; Cheng, Chi-Ying ; Chai, Yandong ; Yang, Linbo",2023,Management Decision,Emerald,Management Decision,10.1108/md-05-2022-0694,163820932,,Y,M0426,in_pool,,missing,not_read,,,236,ebsco_record_range=201-250
P0237,Explaining the Insufficient Relationship between Affective Empathy and Physical Aggression Based on a Double-edged Sword Model.,"Wang, Yang ; Li, Wei ; Yang, Juanhua ; Fu, Yuanshu ; Xiao, Wanting",2023,Journal of Interpersonal Violence,SAGE,Journal of Interpersonal Violence,10.1177/08862605231189513,173346223,,Y,M0331,in_pool,,missing,not_read,,,237,ebsco_record_range=151-200
P0238,"Gig worker's perceived algorithmic management, stress appraisal, and destructive deviant behavior.","Zhang, Linzi ; Yang, Jie ; Zhang, Yiming ; Xu, Guohu",2023,PLoS ONE,NA,PLoS ONE,10.1371/journal.pone.0294074,173494906,159,Y,M0431,in_pool,,downloaded,not_read,,review/EBSCO/pdfs/imports/Zhang_2023_journal.pone.0294074.pdf,238,ebsco_search_position=159;ebsco_record_range=151-200
P0239,"High‐commitment HRM, organizational engagement, and deviant workplace behaviors: The moderating role of person‐organization fit.","Mostafa, Ahmed Mohammed Sayed ; Boon, Corine ; Abouarghoub, Wessam ; Cai, Ziming",2023,European Management Review,Wiley,European Management Review,10.1111/emre.12542,171998762,,Y,M0396,in_pool,,missing,not_read,,,239,ebsco_record_range=201-250
P0240,How artificiality and intelligence affect voice assistant evaluations.,"Guha, Abhijit ; Bressgott, Timna ; Grewal, Dhruv ; Mahr, Dominik ; Wetzels, Martin ; Schweiger, Elisa",2023,Journal of the Academy of Marketing Science,Springer,Journal of the Academy of Marketing Science,10.1007/s11747-022-00874-7,164474704,,Y,M0391,in_pool,,missing,not_read,,,240,ebsco_record_range=201-250
P0241,How attributions of coproduction motives shape customer relationships over time.,"Güntürkün, Pascal ; Haumann, Till ; Edinger-Schons, Laura Marie ; Wieseke, Jan",2023,Journal of the Academy of Marketing Science,Springer,Journal of the Academy of Marketing Science,10.1007/s11747-022-00910-6,170003418,,Y,M0393,in_pool,,missing,not_read,,,241,ebsco_record_range=201-250
P0242,How do followership behaviors encourage job performance? A longitudinal study.,"Shen, Li ; Abe, Tomokazu",2023,Current Psychology,Springer,Current Psychology,10.1007/s12144-021-02545-2,164970633,,Y,M0424,in_pool,,missing,not_read,,,242,ebsco_record_range=201-250
P0243,How Does Authentic Leadership Boost Work Engagement? Exploring the Mediating Role of Work Meaningfulness and Work–Family Enrichment.,"Silva, Vítor Hugo ; Duarte, Ana Patrícia ; Oliveira, Joana Palmeira",2023,Administrative Sciences (2076-3387),MDPI,Administrative Sciences (2076-3387),10.3390/admsci13100219,173268629,,Y,M0383,in_pool,,missing,not_read,,,243,ebsco_record_range=201-250
P0244,Lovable fools and creativity in teams.,"Ma, Jun ; Zhao, Bin ; Yan, Jiani ; Zatzick, Christopher D.",2023,Creativity & Innovation Management,Wiley,Creativity & Innovation Management,10.1111/caim.12575,173400821,,Y,M0377,in_pool,,missing,not_read,,,244,ebsco_record_range=201-250
P0245,"Managers' compassionate goals, innovation, and firm performance: an examination of mediating processes, and boundary conditions in small‐ and medium‐sized enterprises.","Montani, Francesco ; Staglianò, Raffaele ; Sommovigo, Valentina ; Setti, Ilaria ; Giorgi, Gabriele",2023,R&D Management,Wiley,R&D Management,10.1111/radm.12549,160719074,,Y,M0417,in_pool,,missing,not_read,,,245,ebsco_record_range=201-250
P0246,Paths to Team Success: A Configurational Analysis of Team Effectiveness.,"Dimas, Isabel Dórdio ; Torres, Pedro ; Rebelo, Teresa ; Lourenço, Paulo Renato",2023,Human Performance,Taylor & Francis,Human Performance,10.1080/08959285.2023.2222272,170022693,170,Y,M0737,in_pool,,downloaded,partially_coded,,review/EBSCO/pdfs/EBSCO_M0737_Dimas_2023_Paths_to_Team_Success_A_Configurational_Analysis.pdf,246,ebsco_search_position=170;ebsco_record_range=151-200;export_only_added=2026-06-26
P0247,Personality traits and meat consumption: The mediating role of animal-related ethical concerns.,"Haefner, Gonzalo ; Schobin, Janosch ; Risius, Antje",2023,Frontiers in Psychology,Frontiers,Frontiers in Psychology,10.3389/fpsyg.2022.995482,161387036,,Y,M0451,in_pool,,missing,not_read,,,247,ebsco_record_range=301-350
P0248,"Psychological empowerment, work addiction, and burnout among mental health professionals.","Sun, Ruimei ; Yang, Hong Mian ; Chau, Cornelia T. J. ; Cheong, Im Sin ; Wu, Anise M. S.",2023,Current Psychology,Springer,Current Psychology,10.1007/s12144-022-03663-1,172440776,,Y,M0408,in_pool,,missing,not_read,,,248,ebsco_record_range=201-250
P0249,Reducing technology-mediated service exclusion by providing human assistant support for senior citizens: evidence from China.,Yu Zhang ; Hongquan Ao ; Weibin Deng ; Yafen Yuan,2023,Information Technology for Development,Taylor & Francis,Information Technology for Development,10.1080/02681102.2023.2175768,174554261,161,Y,M0427,in_pool,,downloaded,not_read,,review/EBSCO/pdfs/imports/Zhang_2023_02681102.2023.2175768.pdf,249,ebsco_search_position=161;ebsco_record_range=151-200
P0250,"Regulatory focus climate, organizational structure, and employee ambidexterity: An interactive multilevel model.","Boemelburg, Raphael ; Berger, Stefan ; Jansen, Justin J. P. ; Bruch, Heike",2023,Human Resource Management,Wiley,Human Resource Management,10.1002/hrm.22155,171902911,,Y,M0338,in_pool,,missing,not_read,,,250,ebsco_record_range=151-200
P0251,Relationship Between Student-Perceived Reading Strategy Instruction and Students' Reading Comprehension: A Serial Multiple Mediation Model.,"Qian, Quan ; Zheng, Guomin ; Huang, Xianhan ; Liao, Xian",2023,Reading & Writing Quarterly,Taylor & Francis,Reading & Writing Quarterly,10.1080/10573569.2023.2165464,173437409,,Y,M0406,in_pool,,missing,not_read,,,251,ebsco_record_range=201-250
P0252,Satisfaction with Internal Communication and Hospitality Employees' Turnover Intention: Exploring the Mediating Role of Organizational Support and Job Satisfaction.,"Duarte, Ana Patrícia ; Silva, Vítor Hugo",2023,Administrative Sciences (2076-3387),MDPI,Administrative Sciences (2076-3387),10.3390/admsci13100216,173268626,,Y,M0382,in_pool,,missing,not_read,,,252,ebsco_record_range=201-250
P0253,Social Undermining at the Workplace: How Religious Faith Encourages Employees Who are Aware of Their Social Undermining Behaviors to Express More Guilt and Perform Better.,"Dar, Nasib ; Usman, Muhammad ; Cheng, Jin ; Ghani, Usman",2023,Journal of Business Ethics,Springer,Journal of Business Ethics,10.1007/s10551-022-05284-x,171994977,,Y,M0381,in_pool,,missing,not_read,,,253,ebsco_record_range=201-250
P0254,Strengthening the Accountability Mechanisms as a Strategy to Counter the Risk of Corruption in the Public Sector of the Maldives.,"Rasheed, Fathimath ; Said, Jamaliah ; Khan, Norziaton Ismail",2023,Asia-Pacific Management Accounting Journal,NA,Asia-Pacific Management Accounting Journal,10.24191/apmaj.v18i3-08,175536338,,Y,M0378,in_pool,,missing,not_read,,,254,ebsco_record_range=201-250
P0255,Team personality composition and team innovation implementation: The mediating role of team climate for innovation.,"Chatzi, Sofia ; Nikolaou, Ioannis ; Anderson, Neil",2023,Applied Psychology: An International Review,Wiley,Applied Psychology: An International Review,10.1111/apps.12408,162295559,188,Y,M0747,in_pool,,downloaded,read_snippet_only,,review/EBSCO/pdfs/EBSCO_M0747_Chatzi_2020_Team_personality_composition_and_team_innovation.pdf,255,ebsco_search_position=188;ebsco_record_range=151-200;export_only_added=2026-06-26
P0256,Test of a sequential mediation model of green management innovation.,"Karatepe, Osman M. ; Dahleez, Khalid ; Jaffal, Tahani ; Aboramadan, Mohammed",2023,Service Industries Journal,Taylor & Francis,Service Industries Journal,10.1080/02642069.2022.2164274,162900296,,Y,M0418,in_pool,,missing,not_read,,,256,ebsco_record_range=201-250
P0257,The association between physical activity and subjective well-being among adolescents in southwest China by parental absence: a moderated mediation model.,"Zhang, Ming ; Xu, Xiaohe ; Jiang, Jianjun ; Ji, Yuanyi ; Yang, Ruixi ; Liu, Qijiao ; Li, Shiying ; Li, Yuchen ; Liu, Qiaolan",2023,BMC Psychiatry,Springer,BMC Psychiatry,10.1186/s12888-023-04982-8,164799514,171,Y,M0738,in_pool,,downloaded,not_read,,review/EBSCO/pdfs/EBSCO_M0738_The_Authors_Open_Access_2023_The_association_between_physical_activity_and_su.pdf,257,ebsco_search_position=171;ebsco_record_range=151-200;export_only_added=2026-06-26
P0258,"The association between social support provision, psychological capital, subjective well-being and sense of indebtedness among undergraduates with low socioeconomic status.","Xin, Zhongyi",2023,BMC Psychology,Springer,BMC Psychology,10.1186/s40359-023-01325-w,172360870,,Y,M0412,in_pool,,missing,not_read,,,258,ebsco_record_range=201-250
P0259,The effect of CEO entrepreneurial passion on family firm entrepreneurial orientation: does generational stage matter?,"Vanhees, Rik ; Schepers, Jelle ; Vandekerkhof, Pieter ; Michiels, Anneleen",2023,Management Decision,Emerald,Management Decision,10.1108/md-07-2022-0944,164681512,,Y,M0415,in_pool,,missing,not_read,,,259,ebsco_record_range=201-250
P0260,The Effect of Perceived Discrimination on Social Alienation of Probationers: Evidence from China.,"Xu, Tun ; Tang, Ling ; Lin, Xifen",2023,Prison Journal,SAGE,Prison Journal,10.1177/00328855231173148,163955926,,Y,M0425,in_pool,,missing,not_read,,,260,ebsco_record_range=201-250
P0261,The effect of product touch information and sale proneness on consumers' responses to price discounts.,"Yazdanparast, Atefeh ; Kukar‐Kinney, Monika",2023,Psychology & Marketing,Wiley,Psychology & Marketing,10.1002/mar.21755,160591071,,Y,M0420,in_pool,,missing,not_read,,,261,ebsco_record_range=201-250
P0262,The Effects of Brand Community Identification on Consumer Behavior in Online Brand Communities.,"Valmohammadi, Changiz ; Taraz, Roghayeh ; Mehdikhani, Rasoul",2023,Journal of Internet Commerce,Taylor & Francis,Journal of Internet Commerce,10.1080/15332861.2021.2011597,161226503,,Y,M0357,in_pool,,missing,not_read,,,262,ebsco_record_range=151-200
P0263,"The Effects of Privacy and Data Breaches on Consumers' Online Self-Disclosure, Protection Behavior, and Message Valence.","Foo Nin Ho ; Nga Ho-Dac ; Huang, J. Sonia",2023,SAGE Open,SAGE,SAGE Open,10.1177/21582440231181395,174482560,,Y,M0416,in_pool,,missing,not_read,,,263,ebsco_record_range=201-250
P0264,The Impact of Penalty on Residents' Waste Separation Behavior: A Moderated Mediation Model.,Mengge Hao ; Shichun Xu,2023,Polish Journal of Environmental Studies,NA,Polish Journal of Environmental Studies,10.15244/pjoes/156789,162525064,190,Y,M0749,in_pool,,missing,not_read,,,264,ebsco_search_position=190;ebsco_record_range=151-200;export_only_added=2026-06-26
P0265,The Influence of Authoritarian-Benevolent Leadership on Subordinates' Work Engagement: A Social Information Processing Perspective.,"Zhou, Chengxu ; Yu, Guilan ; Meng, Ying ; Li, Ang",2023,Psychology Research & Behavior Management,NA,Psychology Research & Behavior Management,10.2147/prbm.s422961,172772245,,Y,M0414,in_pool,,missing,not_read,,,265,ebsco_record_range=201-250
P0266,Thinking outside Pandora's box: Revealing differential effects of coping with physical and psychological menopause symptoms at work.,"Steffan, Belinda ; Potočnik, Kristina",2023,Human Relations,SAGE,Human Relations,10.1177/00187267221089469,164656928,,Y,M0339,in_pool,,missing,not_read,,,266,ebsco_record_range=151-200
P0267,Too smart to work hard? Investigating why overqualified employees engage in time theft behaviors.,"Zhao, Sijia ; Ma, Chao",2023,Human Resource Management,Wiley,Human Resource Management,10.1002/hrm.22182,173469711,,Y,M0332,in_pool,,missing,not_read,,,267,ebsco_record_range=151-200
P0268,Understanding the sense‐making process of visitor experience in the integrated resort setting: Investigating the role of experience‐centric attributes.,"Li, Kefang ; Ji, Chunli ; He, Qiuyue ; Rastegar, Raymond",2023,International Journal of Tourism Research,Wiley,International Journal of Tourism Research,10.1002/jtr.2584,171350240,,Y,M0394,in_pool,,missing,not_read,,,268,ebsco_record_range=201-250
P0269,A deontic perspective on organizational citizenship behavior toward the environment: The contribution of anticipated guilt.,"Raineri, Nicolas ; Hericher, Corentin ; Mejía‐Morelos, Jorge Humberto ; Paillé, Pascal",2022,"Business Ethics, the Environment & Responsibility",Wiley,"Business Ethics, the Environment & Responsibility",10.1111/beer.12464,159232373,,Y,M0438,in_pool,,missing,not_read,,,269,ebsco_record_range=301-350
P0270,A Multilevel Model of Entrepreneurship Education and Entrepreneurial Intention: Opportunity Recognition as a Mediator and Entrepreneurial Learning as a Moderator.,"Hou, Fei ; Su, Yu ; Qi, Mingde ; Chen, Jun ; Tang, Jiayun",2022,Frontiers in Psychology,Frontiers,Frontiers in Psychology,10.3389/fpsyg.2022.837388,155205515,,Y,M0496,in_pool,,missing,not_read,,,270,ebsco_record_range=351-400
P0271,A Protection-Motivation Perspective to Explain Intention to Use and Continue to Use Mobile Warning Systems.,"Fischer-Preßler, Diana ; Bonaretti, Dario ; Fischbach, Kai",2022,Business & Information Systems Engineering,Springer,Business & Information Systems Engineering,10.1007/s12599-021-00704-0,156444803,,Y,M0494,in_pool,,missing,not_read,,,271,ebsco_record_range=351-400
P0272,"Authentic leadership, perceived insider status, error management climate, and employee resilience: A cross-level study.",Xu Li ; Jianyu Zhang,2022,Frontiers in Psychology,Frontiers,Frontiers in Psychology,10.3389/fpsyg.2022.938878,159337048,,Y,M0480,in_pool,,missing,not_read,,,272,ebsco_record_range=301-350
P0273,Can entrepreneurial orientation improve R&D alliance performance? An absorptive capacity perspective.,"Seo, Ribin ; Edler, Jakob ; Massini, Silvia",2022,R&D Management,Wiley,R&D Management,10.1111/radm.12473,154274737,,Y,M0452,in_pool,,missing,not_read,,,273,ebsco_record_range=301-350
P0274,Consumers' identity signaling towards social groups: The effects of dissociative desire on brand prominence preferences.,"Raimondo, Maria Antonietta ; Cardamone, Ernesto ; Miceli, Gaetano ""Nino"" ; Bagozzi, Richard P.",2022,Psychology & Marketing,Wiley,Psychology & Marketing,10.1002/mar.21711,158868180,,Y,M0437,in_pool,,missing,not_read,,,274,ebsco_record_range=301-350
P0275,"Core self-evaluation, perceived organizational support for strengths use and job performance: Testing a mediation model.","Ding, He ; Yu, Enhai ; Li, Yanbin",2022,Current Psychology,Springer,Current Psychology,10.1007/s12144-020-01029-z,158431025,,Y,M0481,in_pool,,missing,not_read,,,275,ebsco_record_range=301-350
P0276,Customer-oriented salespeople's value creation and claiming in price negotiations.,"Kassemeier, Roland ; Alavi, Sascha ; Habel, Johannes ; Schmitz, Christian",2022,Journal of the Academy of Marketing Science,Springer,Journal of the Academy of Marketing Science,10.1007/s11747-022-00846-x,157506244,,Y,M0445,in_pool,,missing,not_read,,,276,ebsco_record_range=301-350
P0277,Digital Leadership and Employee Creativity: The Role of Employee Job Crafting and Person-Organization Fit.,"Zhu, Jian ; Zhang, Bin ; Xie, Mingxing ; Cao, Qiuju",2022,Frontiers in Psychology,Frontiers,Frontiers in Psychology,10.3389/fpsyg.2022.827057,156767594,,Y,M0492,in_pool,,missing,not_read,,,277,ebsco_record_range=351-400
P0278,Do bad apples do good deeds? The role of morality.,"Zhu, Jinqiang ; Xu, Shiyong",2022,"Business Ethics, the Environment & Responsibility",Wiley,"Business Ethics, the Environment & Responsibility",10.1111/beer.12419,155659956,,Y,M0462,in_pool,,missing,not_read,,,278,ebsco_record_range=301-350
P0279,Does pay for individual performance truly undermine employee creativity? The different moderating roles of vertical and horizontal collectivist orientations.,"Zhang, Yong ; He, Wei ; Long, Lirong ; Zhang, Junwei",2022,Human Resource Management,Wiley,Human Resource Management,10.1002/hrm.22075,154497931,,Y,M0398,in_pool,,missing,not_read,,,279,ebsco_record_range=201-250
P0280,Does politicization influence senior public officials' work attitudes? Different forms and effects of politicization in the civil service.,"Kim, Hyunjung ; Jung, Haeil ; Kim, Sun Young",2022,Public Management Review,Taylor & Francis,Public Management Review,10.1080/14719037.2021.1883099,157843857,,Y,M0448,in_pool,,missing,not_read,,,280,ebsco_record_range=301-350
P0281,Effect of restaurant consumers' anticipated emotions on perceived value and behavioral intention in the COVID-19 context.,"Yanmei Jiang ; Lau, Antonio K. W.",2022,Frontiers in Psychology,Frontiers,Frontiers in Psychology,10.3389/fpsyg.2022.1013209,161168633,,Y,M0464,in_pool,,missing,not_read,,,281,ebsco_record_range=301-350
P0282,"Enhancing expatriates' assignments success: the relationships between cultural intelligence, cross-cultural adaptation and performance.","Setti, Ilaria ; Sommovigo, Valentina ; Argentero, Piergiorgio",2022,Current Psychology,Springer,Current Psychology,10.1007/s12144-020-00931-w,157545509,,Y,M0484,in_pool,,missing,not_read,,,282,ebsco_record_range=351-400
P0283,How and when does follower's strengths-based leadership contribute to follower work engagement? The roles of strengths use and core self-evaluation.,"Ding, He ; Yu, Enhai",2022,German Journal of Human Resource Management / Zeitschrift für Personalforschung,SAGE,German Journal of Human Resource Management / Zeitschrift für Personalforschung,10.1177/23970022211053284,155997291,,Y,M0493,in_pool,,missing,not_read,,,283,ebsco_record_range=351-400
P0284,How does cognitive detachment from work influence employee creativity? A curvilinear relationship based on the cognitive perspective.,"He, Wenxin ; Liu, Xinmei",2022,Creativity & Innovation Management,Wiley,Creativity & Innovation Management,10.1111/caim.12493,157233741,,Y,M0459,in_pool,,missing,not_read,,,284,ebsco_record_range=301-350
P0285,"Human resource professionals' human and social capital in SMEs: small firm, big impact.","Guerrero, Sylvie ; Cayrat, Charles ; Cossette, Michel",2022,International Journal of Human Resource Management,Taylor & Francis,International Journal of Human Resource Management,10.1080/09585192.2021.1919739,158962662,,Y,M0446,in_pool,,missing,not_read,,,285,ebsco_record_range=301-350
P0286,Influence Factors on Consumers' Instant Cross-buying under Supermarkets' Cross-border Integration: From the Perspective of the Elaboration Likelihood Model.,"Wu, Jingjing ; Chen, Yiwei ; Hu, Lin ; Xu, Anxin",2022,SAGE Open,SAGE,SAGE Open,10.1177/21582440221123502,159438690,,Y,M0485,in_pool,,missing,not_read,,,286,ebsco_record_range=351-400
P0287,Investigating the association between patient verbal aggression and emotional exhaustion among Italian health care professionals during the COVID‐19 pandemic.,"Sommovigo, Valentina ; Bernuzzi, Chiara ; Setti, Ilaria",2022,Journal of Nursing Management,Wiley,Journal of Nursing Management,10.1111/jonm.13578,159455036,,Y,M0386,in_pool,,missing,not_read,,,287,ebsco_record_range=201-250
P0288,Is Job Insecurity Harmful to All Types of Proactivity? The Moderating Role of Future Work Self Salience and Socioeconomic Status.,"He, Kaiyuan ; Wang, Jigan ; Sun, Muyun",2022,Frontiers in Psychology,Frontiers,Frontiers in Psychology,10.3389/fpsyg.2022.839497,155462758,,Y,M0495,in_pool,,missing,not_read,,,288,ebsco_record_range=351-400
P0289,Justice change matters: Approach and avoidance mechanisms underlying the regulation of justice over time.,"Xu, Xiao-min ; Du, Danyang ; Johnson, Russell E. ; Lu, Chang-qin",2022,Journal of Applied Psychology,APA/PSYC,Journal of Applied Psychology,10.1037/apl0000973,2022-15367-001,,Y,M0672,in_pool,,missing,not_read,,,289,ebsco_record_range=551-570
P0290,Making things happen: How employees' paradox mindset influences innovative performance.,Yanjun Liu ; Hui Zhang,2022,Frontiers in Psychology,Frontiers,Frontiers in Psychology,10.3389/fpsyg.2022.1009209,160995366,,Y,M0465,in_pool,,missing,not_read,,,290,ebsco_record_range=301-350
P0291,Materialism Predicts College Students' Entrepreneurial Intention: A Serial Mediation Model.,"Li, Yanbin ; Zhang, Yue ; Zhang, Feng",2022,Frontiers in Psychology,Frontiers,Frontiers in Psychology,10.3389/fpsyg.2022.864069,157257392,,Y,M0491,in_pool,,missing,not_read,,,291,ebsco_record_range=351-400
P0292,"Observing Leadership as and in Networks: A Multilevel Investigation of Shared Leadership, Discrete Emotions, and Knowledge Behaviors.","Chen, Lifang ; Yu, Guilan ; Fu, Bo",2022,Psychology Research & Behavior Management,NA,Psychology Research & Behavior Management,10.2147/prbm.s376432,159498098,,Y,M0483,in_pool,,missing,not_read,,,292,ebsco_record_range=351-400
P0293,Organizational antecedents to bootlegging and consequences for the newness of the innovation portfolio.,"Globocnik, Dietfried ; Peña Häufler, Birgit ; Salomo, Søren",2022,Journal of Product Innovation Management,Wiley,Journal of Product Innovation Management,10.1111/jpim.12626,158722981,,Y,M0447,in_pool,,missing,not_read,,,293,ebsco_record_range=301-350
P0294,Parents' Education Anxiety and Children's Academic Burnout: The Role of Parental Burnout and Family Function.,"Wu, Kai ; Wang, Feng ; Wang, Wei ; Li, Yongxin",2022,Frontiers in Psychology,Frontiers,Frontiers in Psychology,10.3389/fpsyg.2021.764824,155088095,,Y,M0497,in_pool,,missing,not_read,,,294,ebsco_record_range=351-400
P0295,Perceptions of Resource Scarcity in Factor Markets: The Effect on Managerial Attention and Collaboration.,"Wiedmer, Robert ; Whipple, Judith M.",2022,Journal of Business Logistics,Wiley,Journal of Business Logistics,10.1111/jbl.12295,160065565,,Y,M0436,in_pool,,missing,not_read,,,295,ebsco_record_range=301-350
P0296,Personal and social resources in coping with long hours of the Chinese work condition: the dual roles of detachment and social motivation.,"Lu, Luo ; Chou, Chun Yi ; Cooper, Cary L.",2022,International Journal of Human Resource Management,Taylor & Francis,International Journal of Human Resource Management,10.1080/09585192.2020.1779778,155930006,,Y,M0453,in_pool,,missing,not_read,,,296,ebsco_record_range=301-350
P0297,Pre-crisis commitment human resource management and employees' attitudes in a global pandemic: The role of trust in the government.,Eunmi Chang ; Hyun Chin ; Jeong Won Lee,2022,Human Resource Management,Wiley,Human Resource Management,10.1002/hrm.22097,158329367,,Y,M0397,in_pool,,missing,not_read,,,297,ebsco_record_range=201-250
P0298,Psychosocial safety climate as a mediator between high-performance work practices and service recovery performance: an international study in the airline industry.,"Mansour, Sari ; Nogues, Sarah ; Tremblay, Diane-Gabrielle",2022,International Journal of Human Resource Management,Taylor & Francis,International Journal of Human Resource Management,10.1080/09585192.2021.1949373,160375086,,Y,M0435,in_pool,,missing,not_read,,,298,ebsco_record_range=301-350
P0299,Standing in customers' shoes: How responsible leadership inhibits unethical pro-organizational behavior.,Ken Cheng ; Limin Guo ; Yinghui Lin ; Panpan Hu ; Changchang Hou ; Jiaying He,2022,Frontiers in Psychology,Frontiers,Frontiers in Psychology,10.3389/fpsyg.2022.1019734,160750387,,Y,M0466,in_pool,,missing,not_read,,,299,ebsco_record_range=301-350
P0300,Structural Equation Modeling of Common Cognitive Abilities in Preschool-Aged Children Using WPPSI-IV and BRIEF-P.,"Fiedler, Sören ; Krüger, Nina ; Daseking, Monika",2022,Children,MDPI,Children,10.3390/children9071089,158213024,,Y,M0387,in_pool,,missing,not_read,,,300,ebsco_record_range=201-250
P0301,Switching Gears: A Self-Regulatory Approach and Measure of Nonwork Role Re-Engagement Following After-Hours Work Intrusions.,"Grotto, Angela R. ; Mills, Maura J. ; Eatough, Erin M.",2022,Journal of Business & Psychology,Springer,Journal of Business & Psychology,10.1007/s10869-021-09754-3,156859642,,Y,M0460,in_pool,,missing,not_read,,,301,ebsco_record_range=301-350
P0302,The Content of the Threat Matters: the Differential Effects of Quantitative and Qualitative Job Insecurity on Different Types of Employee Motivation.,"Long, Li-Rong ; Tu, Yan ; Wang, Hai-Jiang ; Jiang, Lixin",2022,Journal of Business & Psychology,Springer,Journal of Business & Psychology,10.1007/s10869-021-09746-3,155871799,,Y,M0461,in_pool,,missing,not_read,,,302,ebsco_record_range=301-350
P0303,The influence of empowering leadership on repatriate knowledge transfer: understanding mechanisms and boundary conditions.,"Bucher, Jana ; Burmeister, Anne ; Osland, Joyce S. ; Deller, Jürgen",2022,International Journal of Human Resource Management,Taylor & Francis,International Journal of Human Resource Management,10.1080/09585192.2020.1771400,155892764,,Y,M0454,in_pool,,missing,not_read,,,303,ebsco_record_range=301-350
P0304,The Influence of Taoism on Employee Low-Carbon Behavior in China: The Mediating Role of Perceived Value and Guanxi.,"Zhang, Chunyu ; Liu, Liping ; Xiao, Qijie",2022,Psychology Research & Behavior Management,NA,Psychology Research & Behavior Management,10.2147/prbm.s371945,159498112,,Y,M0482,in_pool,,missing,not_read,,,304,ebsco_record_range=351-400
P0305,The Measurement and Preliminary Application of the Concept of Family Centrality.,"Wan, Xinran ; Wang, Wei ; Wang, Shengnan ; Shan, Geyan ; Li, Yongxin",2022,Frontiers in Psychology,Frontiers,Frontiers in Psychology,10.3389/fpsyg.2022.911292,157392052,,Y,M0490,in_pool,,missing,not_read,,,305,ebsco_record_range=351-400
P0306,The Mediating Role of Patients' Trust Between Web-Based Health Information Seeking and Patients' Uncertainty in China: Cross-sectional Web-Based Survey.,"Dong, Wei ; Lei, Xiangxi ; Liu, Yongmei",2022,Journal of Medical Internet Research,NA,Journal of Medical Internet Research,10.2196/25275,156232185,,Y,M0565,in_pool,,missing,not_read,,,306,ebsco_record_range=401-450
P0307,The moderating role of self-efficacy in the relationship between control systems and sales performance.,"Vieira, Valter Afonso ; Jones, Eli ; Faia, Valter da Silva ; Silva, Juliano Domingues da ; Negreiros, Leticia Fernandes de",2022,Journal of Personal Selling & Sales Management,Taylor & Francis,Journal of Personal Selling & Sales Management,10.1080/08853134.2022.2037435,158598047,,Y,M0458,in_pool,,missing,not_read,,,307,ebsco_record_range=301-350
P0308,The relationship between exercise intention and behavior of Chinese college students: A moderated mediation model.,Lianghao Zhu ; Junli Hou ; Bojun Zhou ; Xi Xiao ; Jingqiang Wang,2022,Frontiers in Psychology,Frontiers,Frontiers in Psychology,10.3389/fpsyg.2022.1006007,160378362,,Y,M0468,in_pool,,missing,not_read,,,308,ebsco_record_range=301-350
P0309,The stimulation mechanism of students’ entrepreneurial intention in entrepreneurship course: A trait activation theory perspective.,Jun Wu ; Wenhao Pan ; Shuqiu Chen ; Baijun Deng,2022,Frontiers in Psychology,Frontiers,Frontiers in Psychology,10.3389/fpsyg.2022.1031435,160722709,,Y,M0467,in_pool,,missing,not_read,,,309,ebsco_record_range=301-350
P0310,Utilizing social media in a supply chain B2B setting: A knowledge perspective.,"Agnihotri, Raj ; Kalra, Ashish ; Chen, Haozhe ; Daugherty, Patricia J.",2022,Journal of Business Logistics,Wiley,Journal of Business Logistics,10.1111/jbl.12289,156901327,,Y,M0455,in_pool,,missing,not_read,,,310,ebsco_record_range=301-350
P0311,When and How Workplace Helping Promotes Deviance? An Actor-Centric Perspective.,"Zhang, Hao ; Lin, Chunpei ; Lai, Xiumei ; Liu, Xiayi",2022,Frontiers in Psychology,Frontiers,Frontiers in Psychology,10.3389/fpsyg.2021.795610,154509641,,Y,M0498,in_pool,,missing,not_read,,,311,ebsco_record_range=351-400
P0312,A cross‐level analysis of organizational knowledge creation: How do transformational leaders interact with their subordinates' expertise and interpersonal relationships?,"Jeong, Shinhee",2021,Human Resource Development Quarterly,Wiley,Human Resource Development Quarterly,10.1002/hrdq.21416,150670274,,Y,M0525,in_pool,,missing,not_read,,,312,ebsco_record_range=351-400
P0313,"A cross‐level model of shared leadership, meaning, and individual creativity.","Liang, Bingqian ; Knippenberg, Daan ; Gu, Qinxuan",2021,"Journal of Organizational Behavior (John Wiley & Sons, Inc.)",Wiley,"Journal of Organizational Behavior (John Wiley & Sons, Inc.)",10.1002/job.2494,147905946,,Y,M0538,in_pool,,missing,not_read,,,313,ebsco_record_range=401-450
P0314,A new look at the relationships between transformational leadership and employee attitudes—Does a high‐performance work system substitute and/or enhance these relationships?,"Ehrnrooth, Mats; Barner‐Rasmussen, Wilhelm; Koveshnikov, Alexei;",2021,Human Resource Management,Wiley,Human Resource Management,10.1002/hrm.22024,150206510,,Y,M0691,in_pool,,missing,not_read,,,314,
P0315,An Examination of the Links Between Organizational Social Capital and Employee Well-Being: Focusing on the Mediating Role of Quality of Work Life.,"Ko, Myeong Chul",2021,Review of Public Personnel Administration,SAGE,Review of Public Personnel Administration,10.1177/0734371x19865996,148367374,,Y,M0533,in_pool,,missing,not_read,,,315,ebsco_record_range=401-450
P0316,An updated paradigm for evaluating measurement invariance incorporating common method variance and its assessment.,"Steenkamp, Jan-Benedict E.M. ; Maydeu-Olivares, Alberto",2021,Journal of the Academy of Marketing Science,Springer,Journal of the Academy of Marketing Science,10.1007/s11747-020-00745-z,147949243,,Y,M0520,in_pool,,missing,not_read,,,316,ebsco_record_range=351-400
P0317,Can abusive supervision motivate customer-oriented service sabotage? A multilevel research.,"Ma, Jianfeng ; Zhou, Xing ; Mu, Zhirong",2021,Service Industries Journal,Taylor & Francis,Service Industries Journal,10.1080/02642069.2020.1715949,150938622,,Y,M0519,in_pool,,missing,not_read,,,317,ebsco_record_range=351-400
P0318,Challenging or hindering? The roles of goal orientation and cognitive appraisal in stressor‐performance relationships.,"Ma, Jie ; Peng, Yisheng ; Wu, Bo",2021,"Journal of Organizational Behavior (John Wiley & Sons, Inc.)",Wiley,"Journal of Organizational Behavior (John Wiley & Sons, Inc.)",10.1002/job.2503,149077867,,Y,M0534,in_pool,,missing,not_read,,,318,ebsco_record_range=401-450
P0319,"Chen et al. (2021) - Moral disengagement and moral judgment: the roles of moral endorsement, shareholder-value orientation, and intensity of moral issues","Chen, Nancy Yi-Feng; Li, Fuan; Feng, Shan; Zhang, Sixue;",2021,Ethics & Behavior,Taylor & Francis,Ethics & Behavior,10.1080/10508422.2020.1744149,150608361,,Y,M0687,in_pool,,missing,fully_coded,,,319,
P0320,Childhood maltreatment on young adult depression: A moderated mediation model of negative automatic thoughts and self-compassion.,"Hou, Xiang-Ling ; Bian, Xiao-Hua ; Zuo, Zhi-Hong ; Xi, Ju-Zhe ; Ma, Wei-Jun ; Owens, Laurence D",2021,Journal of Health Psychology,SAGE,Journal of Health Psychology,10.1177/1359105320918351,152609308,,Y,M0399,in_pool,,missing,not_read,,,320,ebsco_record_range=201-250
P0321,Distributed Leadership and New Generation Employees' Proactive Behavior: Roles of Idiosyncratic Deals and Meaningfulness of Work.,"Xu, Shuhui ; Zhang, Haomin ; Dai, Yi ; Ma, Jun ; Lyu, Ledi",2021,Frontiers in Psychology,Frontiers,Frontiers in Psychology,10.3389/fpsyg.2021.755513,153503672,,Y,M0500,in_pool,,missing,not_read,,,321,ebsco_record_range=351-400
P0322,Do high-performance work systems harm employees' health? An investigation of service-oriented HPWS in the Chinese healthcare sector.,"Wang, Zhen ; Xing, Lu ; Zhang, Yuqi",2021,International Journal of Human Resource Management,Taylor & Francis,International Journal of Human Resource Management,10.1080/09585192.2019.1579254,150470711,,Y,M0523,in_pool,,missing,not_read,,,322,ebsco_record_range=351-400
P0323,Does legal registration help or hurt? The effect of government corruption on resource acquisition by nascent ventures in an emerging economy.,"Tian, Li ; Yang, Jing Yu ; Li, Jiatao",2021,Asia Pacific Journal of Management,Springer,Asia Pacific Journal of Management,10.1007/s10490-019-09673-1,150167173,,Y,M0526,in_pool,,missing,not_read,,,323,ebsco_record_range=351-400
P0324,"Employee Entitlement, Engagement, and Performance: The Moderating Effect of Ethical Leadership.","Joplin, Toby ; Greenbaum, Rebecca L. ; Wallace, J. Craig ; Edwards, Bryan D.",2021,Journal of Business Ethics,Springer,Journal of Business Ethics,10.1007/s10551-019-04246-0,148565526,,Y,M0530,in_pool,,missing,not_read,,,324,ebsco_record_range=351-400
P0325,Empowering to Reduce Intentions to Resist Future Change: Organization-Based Self-esteem as a Boundary Condition.,"Neves, Pedro ; Pires, Daniela ; Costa, Sandra",2021,British Journal of Management,Wiley,British Journal of Management,10.1111/1467-8551.12436,151766334,,Y,M0457,in_pool,,missing,not_read,,,325,ebsco_record_range=301-350
P0326,Entrepreneurial intention-action gap in family firms: bifurcation bias and the board of directors as an economizing mechanism.,"Schepers, Jelle ; Voordeckers, Wim ; Steijvers, Tensie ; Laveren, Eddy",2021,Eurasian Business Review,Springer,Eurasian Business Review,10.1007/s40821-021-00183-z,151665357,,Y,M0456,in_pool,,missing,not_read,,,326,ebsco_record_range=301-350
P0327,Examining Job Satisfaction and Organizational Commitment as Motivators of Unethical Pro-Organizational Behavior.,"Fulmore, Julia A. ; Sr., Anthony L. Fulmore",2021,Business & Professional Ethics Journal,NA,Business & Professional Ethics Journal,10.5840/bpej2020129102,148229436,,Y,M0535,in_pool,,missing,not_read,,,327,ebsco_record_range=401-450
P0328,Give a Man a Fish or Teach a Man to Fish: A Cross-Level Moderated Mediation Model of Cognitive and Performance Responses of Team Members to Help of Team Leaders.,"Zhu, Yanting ; Zhang, Lihua ; Guo, Yungui",2021,Frontiers in Psychology,Frontiers,Frontiers in Psychology,10.3389/fpsyg.2021.618834,151551957,,Y,M0508,in_pool,,missing,fully_coded,,,328,ebsco_record_range=351-400
P0329,"Heavy-Work Investment: Its dimensionality, Invariance across 9 Countries and Levels before and during the COVID-19's Pandemic.","Shkoler, Or; Rabenu, Edna; Iqbal, Muhammad Zahid; Ferrari, Filippo;",2021,Revista de Psicologia del Trabajo y de Las Organizaciones,NA,Revista de Psicologia del Trabajo y de Las Organizaciones,10.5093/jwop2021a8,151717956,,Y,M0688,in_pool,,missing,not_read,,,329,
P0330,Improving Patient Preparedness and Confidence in Discussing Advance Directives for End-of-Life Care with Health Care Providers in the United States and Japan.,"Friend, John M. ; Alden, Dana L.",2021,Medical Decision Making,SAGE,Medical Decision Making,10.1177/0272989x20969683,147841473,,Y,M0423,in_pool,,missing,not_read,,,330,ebsco_record_range=201-250
P0331,In the Eye of the Beholder: Challenge and Hindrance Appraisals of Work Characteristics and Their Implications for Employee's Well-Being.,"Li, Peikai ; Peeters, Maria C. W. ; Taris, Toon W. ; Zhang, Yejun",2021,Frontiers in Psychology,Frontiers,Frontiers in Psychology,10.3389/fpsyg.2021.708309,152315061,,Y,M0504,in_pool,,missing,not_read,,,331,ebsco_record_range=351-400
P0332,Influence of Leader Mindfulness on the Emotional Exhaustion of University Teachers: Resources Crossover Effect.,"Liu, Beini ; Zhang, Zehui ; Lu, Qiang",2021,Frontiers in Psychology,Frontiers,Frontiers in Psychology,10.3389/fpsyg.2021.597208,148929523,,Y,M0537,in_pool,,missing,not_read,,,332,ebsco_record_range=401-450
P0333,Investigating factors that affect the adoption of COVID-19 contact-tracing apps: A privacy calculus perspective.,"Meier, Yannic ; Meinert, Judith ; Krämer, Nicole C.",2021,"Technology, Mind, and Behavior",APA/PSYC,"Technology, Mind, and Behavior",10.1037/tmb0000040,2021-80639-001,,Y,M0673,in_pool,,missing,not_read,,,333,ebsco_record_range=551-570
P0334,Job insecurity and innovative work behaviour: A moderated mediation model of intrinsic motivation and trait mindfulness.,"Montani, Francesco ; Courcy, François ; Battistelli, Adalgisa ; de Witte, Hans",2021,Stress & Health: Journal of the International Society for the Investigation of Stress,Wiley,Stress & Health: Journal of the International Society for the Investigation of Stress,10.1002/smi.3034,152763048,,Y,M0328,in_pool,,missing,not_read,,,334,ebsco_record_range=151-200
P0335,Moderating Multiple Mediation Model of the Impact of Inclusive Leadership on Employee Innovative Behavior.,"Wang, Hui ; Chen, Min ; Li, Xiangqing",2021,Frontiers in Psychology,Frontiers,Frontiers in Psychology,10.3389/fpsyg.2021.666477,151883306,,Y,M0506,in_pool,,missing,not_read,,,335,ebsco_record_range=351-400
P0336,Municipal Employees' Performance and Neglect: The Effects of Mission Valence.,"Guerrero, Sylvie ; Chênevert, Denis",2021,Review of Public Personnel Administration,SAGE,Review of Public Personnel Administration,10.1177/0734371x19896013,151104730,,Y,M0505,in_pool,,missing,not_read,,,336,ebsco_record_range=351-400
P0337,Paradoxical Leader Behaviors and Followers Overall Justice and Citizenship Behaviors: The Role of Renqing Perception and Trait Agreeableness.,"Ren, Han ; Yang, Rui",2021,Psychology Research & Behavior Management,NA,Psychology Research & Behavior Management,10.2147/prbm.s324460,152495209,,Y,M0507,in_pool,,missing,not_read,,,337,ebsco_record_range=351-400
P0338,Perceived justice and service recovery satisfaction in a posttransition economy.,"Gidaković, Petar ; Čater, Barbara",2021,Journal for East European Management Studies,NA,Journal for East European Management Studies,10.5771/0949-6181-2021-1-10,149484660,,Y,M0527,in_pool,,missing,not_read,,,338,ebsco_record_range=351-400
P0339,Pleasant hostility: Disidentified consumers' emotional and behavioral reactions to a brand crisis.,"Ruppel, Christopher ; Einwiller, Sabine",2021,Journal of Consumer Behaviour,Wiley,Journal of Consumer Behaviour,10.1002/cb.1866,148204790,,Y,M0340,in_pool,,missing,not_read,,,339,ebsco_record_range=151-200
P0340,PRIVACY CONCERNS AND DATA SHARING IN THE INTERNET OF THINGS: MIXED METHODS EVIDENCE FROM CONNECTED CARS.,"Cichy, Patrick; Salge, Torsten Oliver; Kohli, Rajiv;",2021,MIS Quarterly,NA,MIS Quarterly,10.25300/misq/2021/14165,153886347,,Y,M0692,in_pool,,missing,not_read,,,340,
P0341,Technostress and Employee Performance Nexus During COVID-19: Training and Creative Self-Efficacy as Moderators.,"Saleem, Farida ; Malik, Muhammad Imran ; Qureshi, Saiqa Saddiqa ; Farid, Muhammad Faisal ; Qamar, Sabeen",2021,Frontiers in Psychology,Frontiers,Frontiers in Psychology,10.3389/fpsyg.2021.595119,153013362,,Y,M0502,in_pool,,missing,not_read,,,341,ebsco_record_range=351-400
P0342,Temporal Leadership and Bootlegging Behavior of Employees: The Mediating Effect of Self-Efficacy.,"Li, Mingze ; Ye, Huili",2021,Frontiers in Psychology,Frontiers,Frontiers in Psychology,10.3389/fpsyg.2021.633261,152650720,,Y,M0503,in_pool,,missing,not_read,,,342,ebsco_record_range=351-400
P0343,The Adoption of e-SCM Adoption in Improving the Performance of the Firm.,"Pandey, Dinesh Kumar ; Giri, Sunil ; Srivastava, Saurabh ; Sharma, Rooplal",2021,Turkish Online Journal of Qualitative Inquiry,NA,Turkish Online Journal of Qualitative Inquiry,,160413578,,Y,M0536,in_pool,,missing,not_read,,,343,ebsco_record_range=401-450
P0344,The Buffering Effects of Subordinates' Forgiveness and Communication Openness on Abusive Supervision and Voice Behavior.,"Liu, Chenlin ; Sun, Siwei ; Dube, Francisca N. Mapiye",2021,SAGE Open,SAGE,SAGE Open,10.1177/21582440211041081,152768609,,Y,M0509,in_pool,,missing,not_read,,,344,ebsco_record_range=351-400
P0345,The effect of formalism on unethical decision making: The mediating effect of moral disengagement and moderating effect of moral attentiveness.,"Dong, Rui ; Lu, Ting ; Hu, Qiaolong ; Ni, Shiguang",2021,"Business Ethics, the Environment & Responsibility",Wiley,"Business Ethics, the Environment & Responsibility",10.1111/beer.12315,147826077,,Y,M0532,in_pool,,missing,not_read,,,345,ebsco_record_range=401-450
P0346,The Influence of Self-Regulation on Learner's Behavioral Intention to Reuse E-Learning Systems: A Moderated Mediation Model.,"Xu, Jia ; Qiu, Xiaoyan",2021,Frontiers in Psychology,Frontiers,Frontiers in Psychology,10.3389/fpsyg.2021.763889,153127338,,Y,M0501,in_pool,,missing,not_read,,,346,ebsco_record_range=351-400
P0347,The Migration of Viewers in Gaming Streaming: The Perspective of a Push-Pull-Mooring Model.,"Xu, Xiao-Yu; Wang, Lu-Yao; Zhao, Kai; Chang, Fang-Kai;",2021,International Journal of Human-Computer Interaction,Taylor & Francis,International Journal of Human-Computer Interaction,10.1080/10447318.2021.1886480,151468465,,Y,M0689,in_pool,,missing,not_read,,,347,
P0348,The Relationship Between Perceived Leader Busyness and Perspective Taking and Interaction Behavior of Followers.,"Huang, Qiufeng ; Zhang, Kaili",2021,Frontiers in Psychology,Frontiers,Frontiers in Psychology,10.3389/fpsyg.2021.676810,153582349,,Y,M0499,in_pool,,missing,not_read,,,348,ebsco_record_range=351-400
P0349,"To Be (Creative), or not to Be (Creative)? A Sensemaking Perspective to Creative Role Expectations.","Liu, Ye ; Vriend, Tim ; Janssen, Onne",2021,Journal of Business and Psychology,Springer,Journal of Business and Psychology,10.1007/s10869-019-09669-0,148041419,,Y,M0528,in_pool,,missing,fully_coded,,,349,ebsco_record_range=351-400
P0350,"Understanding the Perception of Information System Niche: Conceptualization, Measurement, and Validation.","Darban, Mehdi",2021,Australasian Journal of Information Systems,NA,Australasian Journal of Information Systems,10.3127/ajis.v25i0.2951,154626907,,Y,M0539,in_pool,,missing,not_read,,,350,ebsco_record_range=401-450
P0351,When and why employees of non‐profits promote their organizations: Determinants of positive staff‐word‐of‐mouth.,"Ruge, Christian O. ; Le, Nhat Q. ; Supphellen, Magne",2021,Journal of Philanthropy & Marketing,Wiley,Journal of Philanthropy & Marketing,10.1002/nvsm.1704,153631671,,Y,M0463,in_pool,,missing,not_read,,,351,ebsco_record_range=301-350
P0352,When the technology abandonment intentions remitted: the case of herd behavior.,"Darban, Mehdi ; Kim, Minsun ; Koksal, Ahmet",2021,Information Technology & Management,Springer,Information Technology & Management,10.1007/s10799-021-00329-5,151861031,,Y,M0329,in_pool,,missing,not_read,,,352,ebsco_record_range=151-200
P0353,A Latent State‐Trait analysis of global self‐esteem: A reconsideration of its state‐like component in an organizational setting.,"Perinelli, Enrico; Alessandri, Guido;",2020,International Journal of Selection & Assessment,Wiley,International Journal of Selection & Assessment,10.1111/ijsa.12308,146948219,,Y,M0686,in_pool,,missing,not_read,,,353,
P0354,A study of organizational cynicism and how it is affected by social exchange relationships at work.,"Pfrombeck, Julian; Doden, Wiebke; Grote, Gudela; Feierabend, Anja;",2020,Journal of Occupational & Organizational Psychology,Wiley,Journal of Occupational & Organizational Psychology,10.1111/joop.12306,144949960,,Y,M0684,in_pool,,missing,not_read,,,354,
P0355,"Algılanan Sosyal Mübadele, İşe Yabancılaşma ve Sanal Kaytarma Davranışlarını Etkiler Mi? Mübadele İdeolojisinin Düzenleyici Rolü.","SEÇKİN, Şeyda Nur;",2020,Ataturk University Journal of Economics & Administrative Sciences,MDPI,Ataturk University Journal of Economics & Administrative Sciences,10.16951/atauniiibd.541310,147088039,,Y,M0342,in_pool,,missing,not_read,,,355,ebsco_record_range=151-200
P0356,An empirical investigation of determinants of effectual and causal decision logics in online and high-tech start-up firms.,"Frese, Tobias ; Geiger, Ingmar ; Dost, Florian",2020,Small Business Economics,Springer,Small Business Economics,10.1007/s11187-019-00147-8,142611327,,Y,M0563,in_pool,,missing,not_read,,,356,ebsco_record_range=401-450
P0357,"Appraisal of economic crisis, psychological distress, and work-unit absenteeism: a 1-1-2 model.","Montani, Francesco ; Leon-Perez, Jose M. ; Giorgi, Gabriele ; Shoss, Mindy K.",2020,Journal of Business & Psychology,Springer,Journal of Business & Psychology,10.1007/s10869-019-09643-w,145372473,,Y,M0529,in_pool,,missing,not_read,,,357,ebsco_record_range=351-400
P0358,Can Secure Behaviors Be Contagious? A Two-Stage Investigation of the Influence of Herd Behavior on Security Decisions.,"Vedadi, Ali ; Warkentin, Merrill",2020,Journal of the Association for Information Systems,NA,Journal of the Association for Information Systems,10.17705/1jais.00607,142589559,,Y,M0554,in_pool,,missing,not_read,,,358,ebsco_record_range=401-450
P0359,"Challenge Stressors, Work Engagement, and Affective Commitment Among Chinese Public Servants.","Jiang, Qingzhi ; Lee, Hyeongkwon ; Xu, Dapeng",2020,Public Personnel Management,SAGE,Public Personnel Management,10.1177/0091026020912525,146205961,,Y,M0434,in_pool,,missing,not_read,,,359,ebsco_record_range=301-350
P0360,Customer-to-customer value co-creation and co-destruction in sporting events.,"Kim, Kyungyeol (Anthony) ; Byon, Kevin K. ; Baek, Wooyeul",2020,Service Industries Journal,Taylor & Francis,Service Industries Journal,10.1080/02642069.2019.1586887,144637645,,Y,M0549,in_pool,,missing,not_read,,,360,ebsco_record_range=401-450
P0361,Does employees' spirituality enhance job performance? The mediating roles of intrinsic motivation and job crafting.,"Moon, Tae-Won ; Youn, Nara ; Hur, Won-Moo ; Kim, Kyeong-Mi",2020,Current Psychology,Springer,Current Psychology,10.1007/s12144-018-9864-0,145733335,,Y,M0543,in_pool,,missing,not_read,,,361,ebsco_record_range=401-450
P0362,Does Inconsistent Social Support Matter? The Effects of Social Support on Work Absorption Through Relaxation at Work.,"Xu, Shan ; Zhang, Youxin ; Zhang, Bingran ; Qing, Tao ; Jin, Jiafei",2020,Frontiers in Psychology,Frontiers,Frontiers in Psychology,10.3389/fpsyg.2020.555501,147378376,,Y,M0540,in_pool,,missing,not_read,,,362,ebsco_record_range=401-450
P0363,"Editorial: How to Prevent, Detect and Control Common Method Variance in Electronic Commerce Research.","Rodríguez-Ardura, Inma ; Meseguer-Artola, Antoni",2020,Journal of Theoretical & Applied Electronic Commerce Research,MDPI,Journal of Theoretical & Applied Electronic Commerce Research,10.4067/s0718-18762020000200101,139379411,,Y,M0390,in_pool,,missing,not_read,,,363,ebsco_record_range=201-250
P0364,"Emotional labour, collectivism and strain: a comparison of Turkish and U.S. service employees.","Nixon, Ashley E. ; Ceylan, Savas ; Nelson, Carnot E. ; Alabak, Merve",2020,Work & Stress,Taylor & Francis,Work & Stress,10.1080/02678373.2019.1598515,142533135,,Y,M0365,in_pool,,missing,not_read,,,364,ebsco_record_range=151-200
P0365,"Employee recognition, meaningfulness and behavioural involvement: test of a moderated mediation model.","Montani, Francesco ; Boudrias, Jean-Sébastien ; Pigeon, Marilyne",2020,International Journal of Human Resource Management,Taylor & Francis,International Journal of Human Resource Management,10.1080/09585192.2017.1288153,141337613,,Y,M0550,in_pool,,missing,not_read,,,365,ebsco_record_range=401-450
P0366,"Ethical Leadership, Work Meaningfulness, and Work Engagement in the Public Sector.","Mostafa, Ahmed Mohammed Sayed ; Abed El-Motalib, Eman Aly",2020,Review of Public Personnel Administration,SAGE,Review of Public Personnel Administration,10.1177/0734371x18790628,141341154,,Y,M0568,in_pool,,missing,not_read,,,366,ebsco_record_range=401-450
P0367,Examining the job demands-resources model in a sample of Korean correctional officers.,"Cho, Soohyun ; Noh, Hyunkyung ; Yang, Eunjoo ; Lee, Jayoung ; Lee, Narae ; Schaufeli, Wilmar B. ; Lee, Sang Min",2020,Current Psychology,Springer,Current Psychology,10.1007/s12144-020-00620-8,145733360,,Y,M0542,in_pool,,missing,not_read,,,367,ebsco_record_range=401-450
P0368,Follower Strengths-based Leadership and Follower Innovative Behavior: The Roles of Core Self-evaluations and Psychological Well- being.,"Ding, He ; Yu, Enhai",2020,Revista de Psicologia del Trabajo y de Las Organizaciones,NA,Revista de Psicologia del Trabajo y de Las Organizaciones,10.5093/jwop2020a8,144580244,,Y,M0343,in_pool,,missing,not_read,,,368,ebsco_record_range=151-200
P0369,"Good is Not Good, When Better is Expected: Discrepancies between Ideal and Actual Collectivism and their Effect on Organizational Commitment.","Galanaki, Eleanna ; Papagiannakis, Giorgos ; Rapti, Andriana",2020,European Management Review,Wiley,European Management Review,10.1111/emre.12347,142811092,,Y,M0557,in_pool,,missing,not_read,,,369,ebsco_record_range=401-450
P0370,How to enhance solvers' continuance intention in crowdsourcing contest: The role of interactivity and fairness perception.,"Wang, Meng-Meng ; Wang, Jian-Jun ; Zhang, Wan-Ning",2020,Online Information Review,Emerald,Online Information Review,10.1108/oir-11-2017-0324,141197804,,Y,M0570,in_pool,,missing,not_read,,,370,ebsco_record_range=401-450
P0371,Humble Leadership Affects Organizational Citizenship Behavior: The Sequential Mediating Effect of Strengths Use and Job Crafting.,"Ding, He ; Yu, Enhai ; Chu, Xixi ; Li, Yanbin ; Amin, Kashif",2020,Frontiers in Psychology,Frontiers,Frontiers in Psychology,10.3389/fpsyg.2020.00065,141723601,,Y,M0569,in_pool,,missing,not_read,,,371,ebsco_record_range=401-450
P0372,Ladders for Learning: Is Scaffolding the Key to Teaching Problem- Solving in Technology-Mediated Learning Contexts?,"Janson, Andreas; Sӧllner, Matthias; Leimeister, Jan Marco;",2020,Academy of Management Learning & Education,NA,Academy of Management Learning & Education,10.5465/amle.2018.0078,147750854,,Y,M0690,in_pool,,missing,not_read,,,372,
P0373,Linking perceived organizational support for strengths use to task performance.,"Ding, He ; Yu, Enhai ; Li, Yanbin",2020,Social Behavior & Personality: an international journal,NA,Social Behavior & Personality: an international journal,10.2224/sbp.8906,142085525,,Y,M0366,in_pool,,missing,not_read,,,373,ebsco_record_range=151-200
P0374,Managerial coaching and subordinates' workplace well‐being: A moderated mediation study.,"Zhao, Hongdan ; Liu, Weiwei",2020,Human Resource Management Journal,Wiley,Human Resource Management Journal,10.1111/1748-8583.12280,142601229,,Y,M0548,in_pool,,missing,not_read,,,374,ebsco_record_range=401-450
P0375,Multi-Level Effects of Humble Leadership on Employees' Work Well-Being: The Roles of Psychological Safety and Error Management Climate.,"Zhang, Zheng ; Song, Peng",2020,Frontiers in Psychology,Frontiers,Frontiers in Psychology,10.3389/fpsyg.2020.571840,146949227,,Y,M0541,in_pool,,missing,not_read,,,375,ebsco_record_range=401-450
P0376,Peers matter: The moderating role of social influence on information security policy compliance.,"Yazdanmehr, Adel ; Wang, Jingguo ; Yang, Zhiyong",2020,Information Systems Journal,Wiley,Information Systems Journal,10.1111/isj.12271,145043104,,Y,M0522,in_pool,,missing,not_read,,,376,ebsco_record_range=351-400
P0377,Revisiting trainee reactions: A multilevel analysis of the nomological network.,"Kim, Sehoon ; Park, Soyoun ; Lavelle, John ; Kim, Minjung ; Chaudhuri, Sanghamitra",2020,Human Resource Development Quarterly,Wiley,Human Resource Development Quarterly,10.1002/hrdq.21383,143634046,,Y,M0551,in_pool,,missing,not_read,,,377,ebsco_record_range=401-450
P0378,"Social support and turnover among entry‐level service employees: Differentiating type, source, and basis of attachment.","Tews, Michael J.; Michel, John W.; Stafford, Kathryn;",2020,Human Resource Management,Wiley,Human Resource Management,10.1002/hrm.21989,142736380,,Y,M0685,in_pool,,missing,not_read,,,378,
P0379,"Social support, work-family balance and satisfaction among Chinese middle- and upper-level managers: testing cross-domain and within-domain effects.","Zhang, Mian ; Foley, Sharon ; Li, Hai ; Zhu, Jinqiang",2020,International Journal of Human Resource Management,Taylor & Francis,International Journal of Human Resource Management,10.1080/09585192.2018.1464490,147264100,,Y,M0524,in_pool,,missing,not_read,,,379,ebsco_record_range=351-400
P0380,Status Threat and Ethical Leadership: A Power-Dependence Perspective.,"Zhang, Guangxi ; Zhong, Jianan ; Ozer, Muammer",2020,Journal of Business Ethics,Springer,Journal of Business Ethics,10.1007/s10551-018-3972-5,141234488,,Y,M0558,in_pool,,missing,not_read,,,380,ebsco_record_range=401-450
P0381,Street-Level Bureaucrats' Attitude toward Clients: A Study of Work Group Influence in the Dutch and Belgian Tax Administration.,"Keulemans, Shelena ; Van de Walle, Steven",2020,Public Performance & Management Review,Taylor & Francis,Public Performance & Management Review,10.1080/15309576.2019.1697303,142124565,,Y,M0567,in_pool,,missing,not_read,,,381,ebsco_record_range=401-450
P0382,Testing the Integration Hypothesis in the Republic of Dagestan: The Role of Social Capital.,"Tatarko, Alexander;",2020,Applied Psychology: An International Review,Wiley,Applied Psychology: An International Review,10.1111/apps.12262,146025925,,Y,M0683,in_pool,,missing,not_read,,,382,
P0383,The empowering potential of intergroup leadership: How intergroup leadership predicts psychological empowerment through intergroup relational identification and resources.,"Stoep, Joost ; Sleebos, Ed ; Knippenberg, Daan ; Bunt, Gerhard",2020,Journal of Applied Social Psychology,Wiley,Journal of Applied Social Psychology,10.1111/jasp.12707,147379690,,Y,M0341,in_pool,,missing,not_read,,,383,ebsco_record_range=151-200
P0384,"The Impact of Entrepreneurial Orientation on Foreign Market Entry: the Roles of Marketing Program Adaptation, Cultural Distance, and Unanticipated Events.","Baker, William E. ; Grinstein, Amir ; Perin, Marcelo G.",2020,Journal of International Entrepreneurship,Springer,Journal of International Entrepreneurship,10.1007/s10843-019-00257-0,142248928,,Y,M0553,in_pool,,missing,not_read,,,384,ebsco_record_range=401-450
P0385,The impact of social and temporal job demands and resources on emotional exhaustion and turnover intention among flight attendants.,"Schiffinger, Michael ; Braun, Sandra Martina",2020,Journal of Human Resources in Hospitality & Tourism,Taylor & Francis,Journal of Human Resources in Hospitality & Tourism,10.1080/15332845.2020.1702867,141876488,,Y,M0566,in_pool,,missing,not_read,,,385,ebsco_record_range=401-450
P0386,The influence of subjective characteristics of social network sites on consumers' word-of-mouth sharing.,"Li, Yan ; Wu, Ruijuan ; Li, Dongjin",2020,Online Information Review,Emerald,Online Information Review,10.1108/oir-09-2018-0263,150019021,,Y,M0545,in_pool,,missing,not_read,,,386,ebsco_record_range=401-450
P0387,The interplay between business and personal trust on relationship performance in conditions of market turbulence.,"Mangus, Stephanie M. ; Jones, Eli ; Folse, Judith Anne Garretson ; Sridhar, Shrihari",2020,Journal of the Academy of Marketing Science,Springer,Journal of the Academy of Marketing Science,10.1007/s11747-020-00722-6,145997590,,Y,M0521,in_pool,,missing,not_read,,,387,ebsco_record_range=351-400
P0388,The trickle-down effect of trust in business-to-business relationships: How can a supplier ensure cooperation from multiple customers?,"Yuki, Sho ; Takashima, Katsuyoshi",2020,Journal of Marketing Channels,Taylor & Francis,Journal of Marketing Channels,10.1080/1046669x.2020.1782800,144952995,,Y,M0531,in_pool,,missing,not_read,,,388,ebsco_record_range=401-450
P0389,Why do Emerging Market Firms Engage in Voluntary Environmental Management Practices? A Strategic Choice Perspective.,"Tatoglu, Ekrem ; Frynas, Jedrzej George ; Bayraktar, Erkan ; Demirbag, Mehmet ; Sahadev, Sunil ; Doh, Jonathan ; Koh, S. C. Lenny",2020,British Journal of Management,Wiley,British Journal of Management,10.1111/1467-8551.12351,141356219,,Y,M0556,in_pool,,missing,not_read,,,389,ebsco_record_range=401-450
P0390,Why Do High-Performance Human Resource Practices Matter for Employee Outcomes in Public Sector Universities? The Mediating Role of Person–Organization Fit Mechanism.,"Siyal, Saeed ; Xin, Chunlin ; Peng, Xiaobao ; Siyal, Abdul Waheed ; Ahmed, Waqas",2020,SAGE Open,SAGE,SAGE Open,10.1177/2158244020947424,146828092,,Y,M0544,in_pool,,missing,not_read,,,390,ebsco_record_range=401-450
P0391,A rolling stone gathers no moss: the effect of customers' perceived business model innovativeness on customer value co‐creation behavior and customer satisfaction in the service sector.,"Clauss, Thomas ; Kesting, Tobias ; Naskrent, Julia",2019,R&D Management,Wiley,R&D Management,10.1111/radm.12318,134966804,,Y,M0575,in_pool,,missing,not_read,,,391,ebsco_record_range=451-500
P0392,A Social Exchange Perspective of Employee–Organization Relationships and Employee Unethical Pro-organizational Behavior: The Moderating Role of Individual Moral Identity.,"Wang, Taolin ; Long, Lirong ; Zhang, Yong ; He, Wei",2019,Journal of Business Ethics,Springer,Journal of Business Ethics,10.1007/s10551-018-3782-9,138911053,,Y,M0560,in_pool,,missing,not_read,,,392,ebsco_record_range=401-450
P0393,A Structural Equation Model Estimation of the Role of Social Vulnerability as a Predictor of People's Feelings of Unsafety.,"Valente, Riccardo; Valera Pertegas, Sergi; Guàrdia Olmos, Joan;",2019,Social Indicators Research,Springer,Social Indicators Research,10.1007/s11205-018-2004-2,136787912,,Y,M0680,in_pool,,missing,not_read,,,393,
P0394,Audit Senior Modeling Fallibility: The Effects of Reduced Error Strain and Enhanced Error-Related Self-Efficacy on Audit Juniors' Responses to Self-Discovered Errors.,"Emby, Craig ; Zhao, Bin ; Sieweke, Jost",2019,Behavioral Research in Accounting,NA,Behavioral Research in Accounting,10.2308/bria-52471,141963934,,Y,M0347,in_pool,,missing,not_read,,,394,ebsco_record_range=151-200
P0395,Bifactor and Item Response Theory Analyses of Health Care Workers' Attitudes Toward HIV-Infected People.,"Prati, Gabriele ; Pietrantoni, Luca",2019,European Journal of Psychological Assessment,NA,European Journal of Psychological Assessment,10.1027/1015-5759/a000379,136833204,,Y,M0591,in_pool,,missing,not_read,,,395,ebsco_record_range=451-500
P0396,Building Customer Loyalty in Intercultural Service Encounters: The Role of Service Employees' Cultural Intelligence.,"Paparoidamis, Nicholas G. ; Tran, Huong Thi Thanh ; Leonidou, Constantinos N.",2019,Journal of International Marketing,SAGE,Journal of International Marketing,10.1177/1069031x19837950,136587017,,Y,M0384,in_pool,,missing,not_read,,,396,ebsco_record_range=201-250
P0397,Building self-efficacy for entrepreneurial careers: New resource skill.,"Smith, Ronda M. ; Sardeshmukh, Shruti R. ; Syed, Imran",2019,Journal of Small Business Strategy,NA,Journal of Small Business Strategy,,140387697,,Y,M0564,in_pool,,missing,not_read,,,397,ebsco_record_range=401-450
P0398,Corporate social responsibility and employee performance: Mediation role of job satisfaction and affective commitment.,"Story, Joana S. P. ; Castanheira, Filipa",2019,Corporate Social Responsibility & Environmental Management,Wiley,Corporate Social Responsibility & Environmental Management,10.1002/csr.1752,139687964,,Y,M0376,in_pool,,missing,not_read,,,398,ebsco_record_range=151-200
P0399,Crowdsourcing Service Innovation Creativity: Environmental Influences and Contingencies.,"Johnson, Jeff S. ; Fisher, Gregory J. ; Friend, Scott B.",2019,Journal of Marketing Theory & Practice,Taylor & Francis,Journal of Marketing Theory & Practice,10.1080/10696679.2019.1615842,137584284,,Y,M0589,in_pool,,missing,not_read,,,399,ebsco_record_range=451-500
P0400,CSR by Any Other Name? The Differential Impact of Substantive and Symbolic CSR Attributions on Employee Outcomes.,"Donia, Magda B. L. ; Ronen, Sigalit ; Tetrault Sirsly, Carol-Ann ; Bonaccio, Silvia",2019,Journal of Business Ethics,Springer,Journal of Business Ethics,10.1007/s10551-017-3673-5,136914934,,Y,M0584,in_pool,,missing,not_read,,,400,ebsco_record_range=451-500
P0401,Deeds Not Words: A Cosmopolitan Perspective on the Influences of Corporate Sustainability and NGO Engagement on the Adoption of Sustainable Products in China.,"Moosmayer, Dirk C. ; Chen, Yanyan ; Davis, Susannah M.",2019,Journal of Business Ethics,Springer,Journal of Business Ethics,10.1007/s10551-017-3702-4,137506830,,Y,M0562,in_pool,,missing,not_read,,,401,ebsco_record_range=401-450
P0402,Disconnecting to Detach: The Role of Impaired Recovery in Negative Consequences of Workplace Telepressure.,"Hu, Xinyu ; Santuzzi, Alecia M. ; Barber, Larissa K.",2019,Revista de Psicologia del Trabajo y de Las Organizaciones,NA,Revista de Psicologia del Trabajo y de Las Organizaciones,10.5093/jwop2019a2,135432297,,Y,M0400,in_pool,,downloaded,fully_coded,,review/EBSCO/pdfs/EBSCO_M0073_Hu_2019_Disconnecting_to_detach_The_role_of_impaired_rec.pdf,402,ebsco_record_range=201-250
P0403,"Effective customer journey design: consumers' conception, measurement, and consequences.","Kuehnl, Christina ; Jozic, Danijel ; Homburg, Christian",2019,Journal of the Academy of Marketing Science,Springer,Journal of the Academy of Marketing Science,10.1007/s11747-018-00625-7,136098814,,Y,M0578,in_pool,,missing,not_read,,,403,ebsco_record_range=451-500
P0404,Engage Them through Emotions: Exploring the Role of Emotional Intelligence in Public Sector Engagement.,"Levitats, Zehavit; Vigoda‐Gadot, Eran; Vashdi, Dana R.;",2019,Public Administration Review,Wiley,Public Administration Review,10.1111/puar.13113,139413235,,Y,M0682,in_pool,,missing,not_read,,,404,
P0405,Everyday-Life Business Deviance Among Chinese SME Owners.,"Ji, Junzhe ; Dimitratos, Pavlos ; Huang, Qingan ; Su, Taoyong",2019,Journal of Business Ethics,Springer,Journal of Business Ethics,10.1007/s10551-017-3542-2,135796800,,Y,M0586,in_pool,,missing,not_read,,,405,ebsco_record_range=451-500
P0406,Favoritism Toward Foreign and Domestic Brands: A Comparison of Different Theoretical Explanations.,"Balabanis, George ; Stathopoulou, Anastasia ; Qiao, Jiayu",2019,Journal of International Marketing,SAGE,Journal of International Marketing,10.1177/1069031x19837945,136587016,,Y,M0385,in_pool,,missing,not_read,,,406,ebsco_record_range=201-250
P0407,Fostering Employee Cooperation Behavior in the Federal Workplace: Exploring the Effects of Performance Management Strategies.,"Fu, Kai-Jo ; Hsieh, Jun-Yi ; Wang, Tae Kyu",2019,Public Personnel Management,SAGE,Public Personnel Management,10.1177/0091026018801038,136579807,,Y,M0516,in_pool,,missing,not_read,,,407,ebsco_record_range=351-400
P0408,Hardworking coworkers: A multilevel cross‐national look at group work hours and work–family conflict.,"Vaziri, Hoda ; Benson, George S. ; Salazar Campo, Maritza",2019,"Journal of Organizational Behavior (John Wiley & Sons, Inc.)",Wiley,"Journal of Organizational Behavior (John Wiley & Sons, Inc.)",10.1002/job.2361,137287310,,Y,M0574,in_pool,,missing,not_read,,,408,ebsco_record_range=451-500
P0409,"How to build your team for innovation? A cross‐level mediation model of team personality, team climate for innovation, creativity, and job crafting.","Xu, Xiaohong ; Jiang, Lixin ; Wang, Hai‐Jiang",2019,Journal of Occupational & Organizational Psychology,Wiley,Journal of Occupational & Organizational Psychology,10.1111/joop.12277,139521583,,Y,M0375,in_pool,,missing,not_read,,,409,ebsco_record_range=151-200
P0410,Impact of privacy concerns on resistance to smart services: does the 'Big Brother effect' matter?,"Mani, Zied ; Chouk, Inès",2019,Journal of Marketing Management,Taylor & Francis,Journal of Marketing Management,10.1080/0267257x.2019.1667856,139763869,,Y,M0552,in_pool,,missing,not_read,,,410,ebsco_record_range=401-450
P0411,Integrating Cognition with an Affective Lens to Better Understand Information Security Policy Compliance.,"Ormond, Dustin ; Warkentin, Merrill ; Crossler, Robert E.",2019,Journal of the Association for Information Systems,NA,Journal of the Association for Information Systems,10.17705/1jais.00586,140969712,,Y,M0555,in_pool,,missing,not_read,,,411,ebsco_record_range=401-450
P0412,Linking Empowering Leadership and Organizational Citizenship Behavior Toward Environment: The Role of Psychological Ownership and Future Time Perspective.,"Jiang, Meiqin ; Wang, Huaying ; Li, Mingze",2019,Frontiers in Psychology,Frontiers,Frontiers in Psychology,10.3389/fpsyg.2019.02612,140083424,,Y,M0571,in_pool,,missing,not_read,,,412,ebsco_record_range=401-450
P0413,Moving Beyond the Link Between HRM and Economic Performance: A Study on the Individual Reactions of HR Managers and Professionals to Sustainable HRM.,"Guerci, Marco ; Decramer, Adelien ; Van Waeyenberg, Thomas ; Aust, Ina",2019,Journal of Business Ethics,Springer,Journal of Business Ethics,10.1007/s10551-018-3879-1,140033563,,Y,M0559,in_pool,,missing,not_read,,,413,ebsco_record_range=401-450
P0414,Servant Leadership and Goal Attainment Through Meaningful Life and Vitality: A Diary Study.,"Rodríguez-Carvajal, Raquel ; Herrero, Marta ; van Dierendonck, Dirk ; de Rivas, Sara ; Moreno-Jiménez, Bernardo",2019,Journal of Happiness Studies,Springer,Journal of Happiness Studies,10.1007/s10902-017-9954-y,135265884,,Y,M0401,in_pool,,missing,not_read,,,414,ebsco_record_range=201-250
P0415,"Servant Leadership, Leader–Member Exchange and Proactive Behavior in the Public Health Sector.","Mostafa, Ahmed Mohammed Sayed ; El-Motalib, Eman Aly Abed",2019,Public Personnel Management,SAGE,Public Personnel Management,10.1177/0091026018816340,137928360,,Y,M0478,in_pool,,missing,not_read,,,415,ebsco_record_range=301-350
P0416,Social Media and Purchasing Behavior: A Study of the Mediating Effect of Customer Relationships.,"Shah, Ali M. ; Zahoor, Syed Zeeshan ; Qureshi, Ishtiaq Hussain",2019,Journal of Global Marketing,Taylor & Francis,Journal of Global Marketing,10.1080/08911762.2018.1497243,136414590,,Y,M0579,in_pool,,missing,not_read,,,416,ebsco_record_range=451-500
P0417,State-Owned Enterprises as Bribe Payers: The Role of Institutional Environment.,"Shaheer, Noman ; Yi, Jingtao ; Li, Sali ; Chen, Liang",2019,Journal of Business Ethics,Springer,Journal of Business Ethics,10.1007/s10551-017-3768-z,138455728,,Y,M0561,in_pool,,missing,not_read,,,417,ebsco_record_range=401-450
P0418,The dark side of socialization: How and when divestiture socialization undermines newcomer outcomes.,"Montani, Francesco ; Maoret, Massimo ; Dufour, Lucas",2019,"Journal of Organizational Behavior (John Wiley & Sons, Inc.)",Wiley,"Journal of Organizational Behavior (John Wiley & Sons, Inc.)",10.1002/job.2351,136257176,,Y,M0590,in_pool,,missing,not_read,,,418,ebsco_record_range=451-500
P0419,The Predictors of Consumer Behavior in Relation to Organic Food in the Context of Food Safety Incidents: Advancing Hyper Attention Theory Within an Stimulus-Organism-Response Model.,"Liu, Chunnian ; Zheng, Yan",2019,Frontiers in Psychology,Frontiers,Frontiers in Psychology,10.3389/fpsyg.2019.02512,139649307,,Y,M0573,in_pool,,missing,not_read,,,419,ebsco_record_range=451-500
P0420,Three Levels of Ethical Influences on Selling Behavior and Performance: Synergies and Tensions.,"Kadic-Maglajlic, Selma ; Micevski, Milena ; Lee, Nick ; Boso, Nathaniel ; Vida, Irena",2019,Journal of Business Ethics,Springer,Journal of Business Ethics,10.1007/s10551-017-3588-1,136098538,,Y,M0585,in_pool,,missing,not_read,,,420,ebsco_record_range=451-500
P0421,"Thriving of employees with disabilities: The roles of job self‐efficacy, inclusion, and team‐learning climate.","Zhu, Xiji; Law, Kenneth S.; Sun, Cong (Timothy); Yang, Dan;",2019,Human Resource Management,Wiley,Human Resource Management,10.1002/hrm.21920,134117077,,Y,M0681,in_pool,,missing,not_read,,,421,
P0422,Wang and Li (2019) - Moral Leadership and Unethical Pro-organizational Behavior: A Moderated Mediation Model,"Wang, Yujuan ; Li, Hai",2019,Frontiers in Psychology,Frontiers,Frontiers in Psychology,10.3389/fpsyg.2019.02640,139905924,,Y,M0572,in_pool,,missing,fully_coded,,,422,ebsco_record_range=401-450
P0423,What Fosters Individual-Level Absorptive Capacity in MNCs? An Extended Motivation-Ability-Opportunity Framework.,"Yildiz, H. Emre ; Murtic, Adis ; Zander, Udo ; Richtnér, Anders",2019,Management International Review (MIR),Springer,Management International Review (MIR),10.1007/s11575-018-0367-x,134855444,,Y,M0580,in_pool,,missing,not_read,,,423,ebsco_record_range=451-500
P0424,Will Self‐Love Take a Fall? Effects of Top Executives' Positive Self‐Regard on Firm Innovativeness.,"Stock, Ruth ; Groß, Matthias ; Xin, Katherine R.",2019,Journal of Product Innovation Management,Wiley,Journal of Product Innovation Management,10.1111/jpim.12443,133318796,,Y,M0577,in_pool,,missing,not_read,,,424,ebsco_record_range=451-500
P0425,A Conservation of Resources Perspective on Negative Affect and Innovative Work Behaviour: the Role of Affect Activation and Mindfulness.,"Montani, Francesco ; Dagenais-Desmarais, Véronique ; Giorgi, Gabriele ; Grégoire, Simon",2018,Journal of Business & Psychology,Springer,Journal of Business & Psychology,10.1007/s10869-016-9480-7,127330666,,Y,M0603,in_pool,,missing,not_read,,,425,ebsco_record_range=451-500
P0426,An Ideal Student Factor and the validity of noncognitive measures of student potential.,"Schmitt, Neal; Bradburn, Jacob C.;",2018,International Journal of Selection & Assessment,Wiley,International Journal of Selection & Assessment,10.1111/ijsa.12221,134297501,,Y,M0679,in_pool,,downloaded,fully_coded,,review/EBSCO/pdfs/EBSCO_M0679_Pfrombeck_2020_A_study_of_organizational_cynicism_and_how_it_is.pdf,426,
P0427,Balancing modularity and solution space freedom: effects on organisational learning and sustainable innovation.,"Vos, Maren A. ; Raassens, Néomie ; van der Borgh, Michel ; Nijssen, Edwin J.",2018,International Journal of Production Research,Taylor & Francis,International Journal of Production Research,10.1080/00207543.2018.1458165,132616591,,Y,M0582,in_pool,,missing,not_read,,,427,ebsco_record_range=451-500
P0428,Capturing Value from Innovation in Knowledge‐Intensive Business Service Firms: The Role of Competitive Strategy.,"Desyllas, Panos ; Miozzo, Marcela ; Lee, Hsing‐fen ; Miles, Ian",2018,British Journal of Management,Wiley,British Journal of Management,10.1111/1467-8551.12273,132342580,,Y,M0583,in_pool,,missing,not_read,,,428,ebsco_record_range=451-500
P0429,Crossover of Work-Life Balance Perceptions: Does Authentic Leadership Matter?,"Braun, Susanne ; Peus, Claudia",2018,Journal of Business Ethics,Springer,Journal of Business Ethics,10.1007/s10551-016-3078-x,129833774,,Y,M0604,in_pool,,missing,not_read,,,429,ebsco_record_range=451-500
P0430,Cross‐level effects of support climate: Main and moderating roles.,"Takeuchi, Riki ; Way, Sean A. ; Tian, Amy Wei",2018,Human Resource Management,Wiley,Human Resource Management,10.1002/hrm.21891,131862326,,Y,M0518,in_pool,,missing,not_read,,,430,ebsco_record_range=351-400
P0431,Cultural intelligence and voice behavior among migrant workers: the mediating role of leader-member exchange.,"Jiang, Zhou ; Le, Huong ; Gollan, Paul J.",2018,International Journal of Human Resource Management,Taylor & Francis,International Journal of Human Resource Management,10.1080/09585192.2017.1322119,130867915,,Y,M0601,in_pool,,missing,not_read,,,431,ebsco_record_range=451-500
P0432,Developing Managerial Dynamic Capabilities: A Quasi-Experimental Field Study of the Effects of Design Thinking Training.,"Kurtmollaiev, Seidali ; Pedersen, Per egil ; Fjuk, Annita ; Kvale, Knut",2018,Academy of Management Learning & Education,NA,Academy of Management Learning & Education,10.5465/amle.2016.0187,130354378,,Y,M0411,in_pool,,missing,not_read,,,432,ebsco_record_range=201-250
P0433,Do Past Perceptions Shape Future Behaviors? Subjective Value and Behavior Styles in a Multi‐Round Negotiation.,"Lu, Wenxue ; Ren, Wenhui ; Guo, Wenqian",2018,Negotiation & Conflict Management Research,Wiley,Negotiation & Conflict Management Research,10.1111/ncmr.12113,127525247,,Y,M0421,in_pool,,missing,not_read,,,433,ebsco_record_range=201-250
P0434,How do consumers react to price reduction of innovative products? An empirical investigation of price fairness perceptions of past purchase.,"Kareem Abdul, Waheed",2018,Journal of Revenue & Pricing Management,NA,Journal of Revenue & Pricing Management,10.1057/s41272-017-0116-y,131372951,,Y,M0592,in_pool,,missing,not_read,,,434,ebsco_record_range=451-500
P0435,Impact of the Information Technology Unit on Information Technology-Embedded Product Innovation.,"Tarafdar, Monideepa ; Tanriverdi, Hüseyin",2018,Journal of the Association for Information Systems,NA,Journal of the Association for Information Systems,10.17705/1jais.00507,132335162,,Y,M0581,in_pool,,missing,not_read,,,435,ebsco_record_range=451-500
P0436,Improving CSR performance by hard and soft means: The role of organizational citizenship behaviours and the internalization of CSR standards.,"Testa, Francesco ; Boiral, Olivier ; Heras‐Saizarbitoria, Iñaki",2018,Corporate Social Responsibility & Environmental Management,Wiley,Corporate Social Responsibility & Environmental Management,10.1002/csr.1502,131778367,,Y,M0403,in_pool,,missing,not_read,,,436,ebsco_record_range=201-250
P0437,"Income Groups, Social Capital, and Collective Action on Small‐Scale Irrigation Facilities: A Multigroup Analysis Based on a Structural Equation Model.","Miao, Shanshan ; Heijman, Wim ; Zhu, Xueqin ; Qiao, Dan ; Lu, Qian",2018,Rural Sociology,Wiley,Rural Sociology,10.1111/ruso.12214,133444324,,Y,M0402,in_pool,,missing,not_read,,,437,ebsco_record_range=201-250
P0438,Marketing survey research best practices: evidence and recommendations from a review of JAMS articles.,"Hulland, John ; Baumgartner, Hans ; Smith, Keith Marion",2018,Journal of the Academy of Marketing Science,Springer,Journal of the Academy of Marketing Science,10.1007/s11747-017-0532-y,127089220,,Y,M0599,in_pool,,missing,not_read,,,438,ebsco_record_range=451-500
P0439,"Motivating employee referrals: The interactive effects of the referral bonus, perceived risk in referring, and affective commitment.","Pieper, Jenna R. ; Schlachter, Steven D. ; Greenwald, Jessica M.",2018,Human Resource Management,Wiley,Human Resource Management,10.1002/hrm.21895,131862330,,Y,M0517,in_pool,,missing,not_read,,,439,ebsco_record_range=351-400
P0440,Reducing intentions to resist future change: Combined effects of commitment‐based HR practices and ethical leadership.,"Neves, Pedro ; Almeida, Patrícia ; Velez, Maria João",2018,Human Resource Management,Wiley,Human Resource Management,10.1002/hrm.21830,128148467,,Y,M0546,in_pool,,missing,not_read,,,440,ebsco_record_range=401-450
P0441,Relative deprivation of temporary agency workers in the public sector: The role of public service motivation and the possibility of standard employment.,"Jung, Heung‐Jun ; Noh, Sung‐Chul ; Kim, Ilju",2018,Human Resource Management Journal,Wiley,Human Resource Management Journal,10.1111/1748-8583.12186,130646291,,Y,M0576,in_pool,,missing,not_read,,,441,ebsco_record_range=451-500
P0442,The meaning and relevance of internal market orientation in nonprofit organisations.,"Modi, Pratik ; Sahi, Gurjeet Kaur",2018,Service Industries Journal,Taylor & Francis,Service Industries Journal,10.1080/02642069.2017.1376660,128314362,,Y,M0597,in_pool,,missing,not_read,,,442,ebsco_record_range=451-500
P0443,"WE ARE HAPPY HERE AND WE WILL STAY, WHAT ABOUT YOU? THE CROSS-LEVEL IMPACT OF EMPLOYEE LOYALTY AND PERFORMANCE ON STUDENT LOYALTY.","Ganic, Emir ; Babic-Hodovic, Vesna ; Arslanagic-Kalajdzic, Maja",2018,South East European Journal of Economics & Business (1840118X),NA,South East European Journal of Economics & Business (1840118X),10.2478/jeb-2018-0009,133748913,,Y,M0587,in_pool,,missing,not_read,,,443,ebsco_record_range=451-500
P0444,"'Going out' of the box: Close intercultural friendships and romantic relationships spark creativity, workplace innovation, and entrepreneurship.","Lu, Jackson G. ; Hafenbrack, Andrew C. ; Eastwick, Paul W. ; Wang, Dan J. ; Maddux, William W. ; Galinsky, Adam D.",2017,Journal of Applied Psychology,APA/PSYC,Journal of Applied Psychology,10.1037/apl0000212,2017-14072-001,,Y,M0674,in_pool,,missing,not_read,,,444,ebsco_record_range=551-570
P0445,A Hierarchical Approach for Predicting Sport Consumption Behavior: A Personality and Needs Perspective.,"Yong Jae Ko ; Yonghwan Chang ; Wonseok Jang ; Sagas, Michael ; Otto Spengler, John",2017,Journal of Sport Management,NA,Journal of Sport Management,10.1123/jsm.2015-0142,123742499,,Y,M0439,in_pool,,missing,not_read,,,445,ebsco_record_range=301-350
P0446,"Big Data Facilitation, Utilization, and Monetization: Exploring the 3Vs in a New Product Development Process.","Johnson, Jeff S. ; Friend, Scott B. ; Lee, Hannah S.",2017,Journal of Product Innovation Management,Wiley,Journal of Product Innovation Management,10.1111/jpim.12397,124433748,,Y,M0598,in_pool,,missing,not_read,,,446,ebsco_record_range=451-500
P0447,Common Method Variance in Advertising Research: When to Be Concerned and How to Control for It.,"Malhotra, Naresh K. ; Schaller, Tracey King ; Patil, Ashutosh",2017,Journal of Advertising,Taylor & Francis,Journal of Advertising,10.1080/00913367.2016.1252287,121839551,,Y,M0618,in_pool,,missing,not_read,,,447,ebsco_record_range=451-500
P0448,Consumer Revenge Using the Internet and Social Media: An Examination of the Role of Service Failure Types and Cognitive Appraisal Processes.,"Obeidat, Zaid Mohammad Ibrahim ; Xiao, Sarah Hong ; Iyer, Gopalkrishnan R. ; Nicholson, Michael",2017,Psychology & Marketing,Wiley,Psychology & Marketing,10.1002/mar.21002,121699131,,Y,M0614,in_pool,,missing,not_read,,,448,ebsco_record_range=451-500
P0449,CSR and the workplace attitudes of irregular employees: The case of subcontracted workers in Korea.,"Ali, Mohammad A. ; Jung, Heung‐Jun",2017,Business Ethics: A European Review,Wiley,Business Ethics: A European Review,10.1111/beer.12146,121624739,,Y,M0617,in_pool,,missing,not_read,,,449,ebsco_record_range=451-500
P0450,Cultural and Intellectual Openness Differentially Relate to Social Judgments of Potential Work Partners.,"Porter, Caitlin M. ; Parrigon, Scott E. ; Woo, Sang Eun ; Saef, Rachel M. ; Tay, Louis",2017,Journal of Personality,Wiley,Journal of Personality,10.1111/jopy.12266,125012534,,Y,M0422,in_pool,,missing,not_read,,,450,ebsco_record_range=201-250
P0451,Development and validation of two scales to measure elaboration and behaviors associated with stewardship in children.,"Vezeau, Susan Lynn ; Powell, Robert B. ; Stern, Marc J. ; Moore, D. DeWayne ; Wright, Brett A.",2017,Environmental Education Research,Taylor & Francis,Environmental Education Research,10.1080/13504622.2015.1121377,120599677,,Y,M0621,in_pool,,missing,not_read,,,451,ebsco_record_range=451-500
P0452,Employee Attributions of Corporate Social Responsibility as Substantive or Symbolic: Validation of a Measure.,"Donia, Magda B.L. ; Tetrault Sirsly, Carol‐Ann ; Ronen, Sigalit",2017,Applied Psychology: An International Review,Wiley,Applied Psychology: An International Review,10.1111/apps.12081,120329522,,Y,M0441,in_pool,,missing,not_read,,,452,ebsco_record_range=301-350
P0453,How to support the endurance of long-term networks: The pivotal role of the network manager.,"Macciò, Laura ; Cristofoli, Daniela",2017,Public Administration,Wiley,Public Administration,10.1111/padm.12349,126849253,,Y,M0602,in_pool,,missing,not_read,,,453,ebsco_record_range=451-500
P0454,Inferring Corporate Motives: How Deal Characteristics Shape Sponsorship Perceptions.,"Woisetschläger, David M. ; Backhaus, Christof ; Bettina Cornwell, T.",2017,Journal of Marketing,NA,Journal of Marketing,,125210210,,Y,M0410,in_pool,,missing,not_read,,,454,ebsco_record_range=201-250
P0455,Leader-member exchange and safety citizenship behavior: The mediating role of coworker trust.,Li Jiang ; Feng Li ; YongJuan Li ; Rui Li,2017,Work,NA,Work,10.3233/wor-172504,122521115,,Y,M0440,in_pool,,missing,not_read,,,455,ebsco_record_range=301-350
P0456,"Perceptions of High-Involvement Work Practices, Person-Organization Fit, and Burnout: A Time-Lagged Study of Health Care Employees.","Kilroy, Steven ; Flood, Patrick C. ; Bosak, Janine ; Chênevert, Denis",2017,Human Resource Management,Wiley,Human Resource Management,10.1002/hrm.21803,125189107,,Y,M0547,in_pool,,missing,not_read,,,456,ebsco_record_range=401-450
P0457,Salesperson Solution Involvement and Sales Performance: The Contingent Role of Supplier Firm and Customer–Supplier Relationship Characteristics.,"Panagopoulos, Nikolaos G. ; Rapp, Adam A. ; Ogilvie, Jessica L.",2017,Journal of Marketing,NA,Journal of Marketing,10.1509/jm.15.0342,125210190,,Y,M0409,in_pool,,missing,not_read,,,457,ebsco_record_range=201-250
P0458,The effects of managerial and employee attributions for corporate social responsibility initiatives.,"Vlachos, Pavlos A. ; Panagopoulos, Nikolaos G. ; Bachrach, Daniel G. ; Morgeson, Frederick P.",2017,"Journal of Organizational Behavior (John Wiley & Sons, Inc.)",Wiley,"Journal of Organizational Behavior (John Wiley & Sons, Inc.)",10.1002/job.2189,125012647,,Y,M0610,in_pool,,missing,not_read,,,458,ebsco_record_range=451-500
P0459,The roles of mood and conscientiousness in reporting of self-committed errors on IT projects.,"Lee, Hyung Koo ; Keil, Mark ; Smith, H. Jeff ; Sarkar, Sumantra",2017,Information Systems Journal,Wiley,Information Systems Journal,10.1111/isj.12111,124624131,,Y,M0600,in_pool,,missing,not_read,,,459,ebsco_record_range=451-500
P0460,"Who Wants to Be an Intrapreneur? Relations between Employees' Entrepreneurial, Professional, and Leadership Career Motivations and Intrapreneurial Motivation in Organizations.","Kim-Yin Chan ; Ho, Moon-Ho R. ; Kennedy, Jeffrey C. ; Uy, Marilyn A. ; Kang, Bianca N. Y. ; Chernyshenko, Olexander S. ; Yu, Kang Yang T.",2017,Frontiers in Psychology,Frontiers,Frontiers in Psychology,10.3389/fpsyg.2017.02041,126360010,,Y,M0609,in_pool,,missing,not_read,,,460,ebsco_record_range=451-500
P0461,A mutual gains perspective on workplace partnership: Employee outcomes and the mediating role of the employment relations climate.,"Valizade, Danat ; Ogbonnaya, Chidiebere ; Tregaskis, Olga ; Forde, Chris",2016,Human Resource Management Journal,Wiley,Human Resource Management Journal,10.1111/1748-8583.12113,116833074,,Y,M0613,in_pool,,downloaded,not_read,,review/EBSCO/pdfs/EBSCO_M0613_Human_Resource_Managemen_2016_A_mutual_gains_perspective_on_workplace_partners.pdf,461,ebsco_record_range=451-500
P0462,A new look at the psychological contract during organizational socialization: The role of newcomers' obligations at entry.,"Delobbe, Nathalie ; Cooper‐Thomas, Helena D. ; De Hoe, Roxane",2016,"Journal of Organizational Behavior (John Wiley & Sons, Inc.)",Wiley,"Journal of Organizational Behavior (John Wiley & Sons, Inc.)",10.1002/job.2078,117331609,,Y,M0622,in_pool,,missing,not_read,,,462,ebsco_record_range=501-550
P0463,An Attitude Strength and Self-Perception Framework Regarding the Bi-directional Relationship of Job Satisfaction with Extra-Role and In-Role Behavior: The Doubly Moderating Role of Work Centrality.,"Ziegler, Rene ; Schlett, Christian",2016,Frontiers in Psychology,Frontiers,Frontiers in Psychology,10.3389/fpsyg.2016.00235,113493598,,Y,M0636,in_pool,,missing,not_read,,,463,ebsco_record_range=501-550
P0464,Brand attachment and customer citizenship behaviors.,"Cheng, Jui-Chang ; Luo, She-Juang ; Yen, Chang-Hua ; Yang, Ya-Fang",2016,Service Industries Journal,Taylor & Francis,Service Industries Journal,10.1080/02642069.2016.1186658,117602985,,Y,M0626,in_pool,,missing,not_read,,,464,ebsco_record_range=501-550
P0465,CEO transformational and transactional leadership and organizational innovation.,"Prasad, Bhaskar ; Junni, Paulina",2016,Management Decision,Emerald,Management Decision,10.1108/md-11-2014-0651,118208608,,Y,M0623,in_pool,,missing,not_read,,,465,ebsco_record_range=501-550
P0466,Corporate Socially Responsible Initiatives and Their Effects on Consumption of Green Products.,"Romani, Simona ; Grappi, Silvia ; Bagozzi, Richard",2016,Journal of Business Ethics,Springer,Journal of Business Ethics,10.1007/s10551-014-2485-0,115610057,,Y,M0631,in_pool,,missing,not_read,,,466,ebsco_record_range=501-550
P0467,Detrimental Effects of Workplace Bullying: Impediment of Self-Management Competence via Psychological Distress.,"Giorgi, Gabriele ; Perminienė, Milda ; Montani, Francesco ; Fiz-Perez, Javier ; Mucci, Nicola ; Arcangeli, Giulio ; Roland-Levy, Christine ; Pignata, Silvia",2016,Frontiers in Psychology,Frontiers,Frontiers in Psychology,10.3389/fpsyg.2016.00060,113075365,,Y,M0637,in_pool,,missing,not_read,,,467,ebsco_record_range=501-550
P0468,Enhancing Volunteer Engagement to Achieve Desirable Outcomes: What Can Non-profit Employers Do?,"Alfes, Kerstin ; Shantz, Amanda ; Bailey, Catherine",2016,Voluntas: International Journal of Voluntary & Nonprofit Organizations,Springer,Voluntas: International Journal of Voluntary & Nonprofit Organizations,10.1007/s11266-015-9601-3,113610870,,Y,M0469,in_pool,,missing,not_read,,,468,ebsco_record_range=301-350
P0469,EO-Performance relationships in Reverse Internationalization by Chinese Global Startup OEMs: Social Networks and Strategic Flexibility.,"Chin, Tachia ; Tsai, Sang-Bing ; Fang, Kai ; Zhu, Wenzhong ; Yang, Dongjin ; Liu, Ren-huai ; Tsuei, Richard Ting Chang",2016,PLoS ONE,NA,PLoS ONE,10.1371/journal.pone.0162175,118113395,,Y,M0443,in_pool,,missing,not_read,,,469,ebsco_record_range=301-350
P0470,Examining the Influence of the Social Cognitive Factors and Relative Autonomous Motivations on Employees' Knowledge Sharing Behaviors.,"Wang, Wei‐Tsong",2016,Decision Sciences,Wiley,Decision Sciences,10.1111/deci.12151,115832031,,Y,M0629,in_pool,,missing,not_read,,,470,ebsco_record_range=501-550
P0471,Four Research Designs and a Comprehensive Analysis Strategy for Investigating Common Method Variance with Self-Report Measures Using Latent Variables.,"Williams, Larry ; McGonagle, Alyssa",2016,Journal of Business & Psychology,Springer,Journal of Business & Psychology,10.1007/s10869-015-9422-9,117418783,,Y,M0479,in_pool,,downloaded,not_read,,review/EBSCO/pdfs/EBSCO_M0479_York_2003_CrossMark_Color_LM_Logopdf.pdf,471,ebsco_record_range=301-350; PDF DOI 10.1037/a0037974 differs from master DOI 10.1007/s10869-015-9422-9 (PLOS ONE vs Scientific Reports — may be wrong version or preprint)
P0472,From Diversity to Inclusion.,"Fredette, Christopher ; Bradshaw, Patricia ; Krause, Heather",2016,Nonprofit & Voluntary Sector Quarterly,SAGE,Nonprofit & Voluntary Sector Quarterly,10.1177/0899764015599456,112802954,,Y,M0670,in_pool,,missing,not_read,,,472,ebsco_record_range=551-570
P0473,"High-Performance HR Practices, Work Stress and Quit Intentions in the Public Health Sector: Does person–organization fit matter?","Mostafa, Ahmed Mohammed Sayed",2016,Public Management Review,Taylor & Francis,Public Management Review,10.1080/14719037.2015.1100319,116237903,,Y,M0619,in_pool,,missing,not_read,,,473,ebsco_record_range=451-500
P0474,"How training and promotion opportunities, career expectations, and two dimensions of organizational justice explain discretionary work effort.","Frenkel, Stephen J. ; Bednall, Tim",2016,Human Performance,Taylor & Francis,Human Performance,10.1080/08959285.2015.1120306,112534989,,Y,M0471,in_pool,,missing,not_read,,,474,ebsco_record_range=301-350
P0475,Influence of SNS User Innovativeness and Public Individuation on SNS Usage Patterns and Social Capital Development: The Case of Facebook.,"Choi, Jieun ; Kim, Hyun Jung",2016,International Journal of Human-Computer Interaction,Taylor & Francis,International Journal of Human-Computer Interaction,10.1080/10447318.2016.1220067,119092758,,Y,M0442,in_pool,,missing,not_read,,,475,ebsco_record_range=301-350
P0476,Internal and External Networking Differentially Predict Turnover Through Job Embeddedness and Job Offers.,"Porter, Caitlin M. ; Woo, Sang Eun ; Campion, Michael A.",2016,Personnel Psychology,Wiley,Personnel Psychology,10.1111/peps.12121,117125407,,Y,M0444,in_pool,,missing,not_read,,,476,ebsco_record_range=301-350
P0477,Linking Corporate Policy and Supervisory Support with Environmental Citizenship Behaviors: The Role of Employee Environmental Beliefs and Commitment.,"Raineri, Nicolas ; Paillé, Pascal",2016,Journal of Business Ethics,Springer,Journal of Business Ethics,10.1007/s10551-015-2548-x,117151442,,Y,M0620,in_pool,,missing,not_read,,,477,ebsco_record_range=451-500
P0478,Network Effects on Radical Innovation and Financial Performance: An Open-mindedness Approach.,"Perin, Marcelo Gattermann ; Sampaio, Cláudio Hoffmann ; Jiménez-Jiménez, Daniel ; Cegarra-Navarro, Juan Garcia",2016,BAR: Brazilian Administration Review,NA,BAR: Brazilian Administration Review,10.1590/1807-7692bar2016160057,120454654,,Y,M0616,in_pool,,missing,not_read,,,478,ebsco_record_range=451-500
P0479,Organizational identification and 'currencies of exchange': integrating social identity and social exchange perspectives.,"Tavares, Susana M. ; van Knippenberg, Daan ; van Dick, Rolf",2016,Journal of Applied Social Psychology,Wiley,Journal of Applied Social Psychology,10.1111/jasp.12329,112213337,,Y,M0472,in_pool,,missing,not_read,,,479,ebsco_record_range=301-350
P0480,Perceptions of high-involvement work practices and burnout: the mediating role of job demands.,"Kilroy, Steven ; Flood, Patrick C. ; Bosak, Janine ; Chênevert, Denis",2016,Human Resource Management Journal,Wiley,Human Resource Management Journal,10.1111/1748-8583.12112,119575164,,Y,M0611,in_pool,,missing,not_read,,,480,ebsco_record_range=451-500
P0481,Relational energy at work: Implications for job engagement and job performance.,"Owens, Bradley P. ; Baker, Wayne E. ; Sumpter, Dana McDaniel ; Cameron, Kim S.",2016,Journal of Applied Psychology,APA/PSYC,Journal of Applied Psychology,10.1037/apl0000032,2015-27503-001,,Y,M0675,in_pool,,downloaded,not_read,,review/EBSCO/pdfs/EBSCO_M0003_construct_In_Study_2016_RELATIONAL_ENERGY_AT_WORK.pdf,481,ebsco_record_range=551-570
P0482,Subordinate perceptions of family-supportive supervision: the role of similar family-related demographics and its effect on affective commitment.,"Basuil, Dynah A. ; Manegold, Jennifer G. ; Casper, Wendy J.",2016,Human Resource Management Journal,Wiley,Human Resource Management Journal,10.1111/1748-8583.12120,119575158,,Y,M0612,in_pool,,missing,not_read,,,482,ebsco_record_range=451-500
P0483,Trusting Beliefs and Loyalty in B-to-B Self-Services.,"Skard, Siv ; Nysveen, Herbjørn",2016,Journal of Business-to-Business Marketing,Taylor & Francis,Journal of Business-to-Business Marketing,10.1080/1051712x.2016.1250591,120566238,,Y,M0615,in_pool,,missing,not_read,,,483,ebsco_record_range=451-500
P0484,Unpacking the Personal Initiative-Performance Relationship: A Multi-Group Analysis of Innovation by Ugandan Rural and Urban Entrepreneurs.,"Rooks, Gerrit ; Sserwanga, Arthur ; Frese, Michael",2016,Applied Psychology: An International Review,Wiley,Applied Psychology: An International Review,10.1111/apps.12033,112048546,,Y,M0470,in_pool,,missing,not_read,,,484,ebsco_record_range=301-350
P0485,Using Information Systems to Sense Opportunities for Innovation: Integrating Postadoptive Use Behaviors with the Dynamic Managerial Capability Perspective.,"Roberts, Nicholas ; Campbell, Damon E. ; Vijayasarathy, Leo R.",2016,Journal of Management Information Systems,Taylor & Francis,Journal of Management Information Systems,10.1080/07421222.2016.1172452,116238037,,Y,M0624,in_pool,,missing,not_read,,,485,ebsco_record_range=501-550
P0486,Validation of a German Version of the Ethical Leadership at Work Questionnaire by Kalshoven et al. (2011).,"Steinmann, Barbara ; Nüboid, Annika ; Maier, Günter W.",2016,Frontiers in Psychology,Frontiers,Frontiers in Psychology,10.3389/fpsyg.2016.00446,114180069,,Y,M0635,in_pool,,missing,not_read,,,486,ebsco_record_range=501-550
P0487,Activating Cross-border Brokerage: Interorganizational Knowledge Transfer through Skilled Return Migration.,"Wang, Dan",2015,Administrative Science Quarterly,SAGE,Administrative Science Quarterly,10.1177/0001839214551943,100948253,,Y,M0488,in_pool,,missing,not_read,,,487,ebsco_record_range=351-400
P0488,Adding fuel to the fire.,"Khan, Mohammad Saud ; Breitenecker, Robert J. ; Schwarz, Erich J.",2015,Management Decision,Emerald,Management Decision,10.1108/md-02-2014-0066,100840953,,Y,M0663,in_pool,,missing,not_read,,,488,ebsco_record_range=501-550
P0489,AN ENHANCED FEAR APPEAL RHETORICAL FRAMEWORK: LEVERAGING THREATS TO THE HUMAN ASSET THROUGH SANCTIONING RHETORIC.,"Johnston, Allen C. ; Warkentin, Merrill ; Siponen, Mikko",2015,MIS Quarterly,NA,MIS Quarterly,,100717561,,Y,M0475,in_pool,,missing,not_read,,,489,ebsco_record_range=301-350
P0490,"An Extended Model of Preference Formation Between Global and Local Brands: The Roles of Identity Expressiveness, Trust, and Affect.","Yi Xie ; Batra, Rajeev ; Siqing Peng",2015,Journal of International Marketing,NA,Journal of International Marketing,10.1509/jim.14.0009,101579951,,Y,M0474,in_pool,,downloaded,not_read,,review/EBSCO/pdfs/EBSCO_M0474_Williams_2016_Four_Research_Designs_and_a_Comprehensive_Analys.pdf,490,ebsco_record_range=301-350
P0491,Are You Feeling Lonely? The Impact of Relationship Characteristics and Online Social Network Features on Loneliness.,"Matook, Sabine ; Cummings, Jeff ; Bala, Hillol",2015,Journal of Management Information Systems,Taylor & Francis,Journal of Management Information Systems,10.1080/07421222.2014.1001282,102702513,,Y,M0638,in_pool,,missing,not_read,,,491,ebsco_record_range=501-550
P0492,Celebrity Attachment and Behavioral Intentions: The Mediating Role of Place Attachment.,"Wong, Jehn‐Yih ; Lai, Tzu‐Ching",2015,International Journal of Tourism Research,Wiley,International Journal of Tourism Research,10.1002/jtr.1974,101450127,,Y,M0645,in_pool,,missing,not_read,,,492,ebsco_record_range=501-550
P0493,Centralization and innovation performance in an emerging economy: testing the moderating effects.,"Yang, Zhi ; Zhou, Xuemin ; Zhang, Pengcheng",2015,Asia Pacific Journal of Management,Springer,Asia Pacific Journal of Management,10.1007/s10490-014-9394-8,102424185,,Y,M0644,in_pool,,missing,not_read,,,493,ebsco_record_range=501-550
P0494,Culture and medical decision making: Healthcare consumer perspectives in Japan and the United States.,"Alden, Dana L. ; Friend, John M. ; Lee, Angela Y. ; de Vries, Marieke ; Osawa, Ryosuke ; Chen, Qimei",2015,Health Psychology,APA/PSYC,Health Psychology,10.1037/hea0000229,2015-25962-001,,Y,M0676,in_pool,,missing,not_read,,,494,ebsco_record_range=551-570
P0495,Dispersion of marketing capabilities: impact on marketing's influence and business unit outcomes.,"Krush, Michael ; Sohi, Ravipreet ; Saini, Amit",2015,Journal of the Academy of Marketing Science,Springer,Journal of the Academy of Marketing Science,10.1007/s11747-014-0420-7,100420801,,Y,M0642,in_pool,,missing,not_read,,,495,ebsco_record_range=501-550
P0496,Distributing through multiple channels in industrial wholesaling: how many and how much?,"Käuferle, Monika ; Reinartz, Werner",2015,Journal of the Academy of Marketing Science,Springer,Journal of the Academy of Marketing Science,10.1007/s11747-014-0406-5,110653393,,Y,M0628,in_pool,,missing,not_read,,,496,ebsco_record_range=501-550
P0497,Employee participation and the influence on job satisfaction of the ‘new generation’ of Chinese employees.,"Zhu, Ying ; Xie, Yuhua ; Warner, Malcolm ; Guo, Yongxing",2015,International Journal of Human Resource Management,Taylor & Francis,International Journal of Human Resource Management,10.1080/09585192.2014.990397,109171466,,Y,M0625,in_pool,,missing,not_read,,,497,ebsco_record_range=501-550
P0498,Enhancing Dyadic Performance Through Boundary Spanners and Innovation: An Assessment of Service Provider-Customer Relationships.,"Grawe, Scott J. ; Daugherty, Patricia J. ; Ralston, Peter M.",2015,Journal of Business Logistics,Wiley,Journal of Business Logistics,10.1111/jbl.12077,101714347,,Y,M0646,in_pool,,missing,not_read,,,498,ebsco_record_range=501-550
P0499,Enhancing nurses' empowerment: the role of supervisors' empowering management practices.,"Montani, Francesco ; Courcy, François ; Giorgi, Gabriele ; Boilard, Amélie",2015,"Journal of Advanced Nursing (John Wiley & Sons, Inc.)",Wiley,"Journal of Advanced Nursing (John Wiley & Sons, Inc.)",10.1111/jan.12665,108754996,,Y,M0588,in_pool,,missing,not_read,,,499,ebsco_record_range=451-500
P0500,"Envisioning, Planning and Innovating: A Closer Investigation of Proactive Goal Generation, Innovative Work Behaviour and Boundary Conditions.","Montani, Francesco ; Odoardi, Carlo ; Battistelli, Adalgisa",2015,Journal of Business & Psychology,Springer,Journal of Business & Psychology,10.1007/s10869-014-9371-8,108840379,,Y,M0630,in_pool,,missing,not_read,,,500,ebsco_record_range=501-550
P0501,How Value Creation and Relationship Quality Coalignment Affects a Firm's Performance: An Empirical Analysis.,"Sánchez, José Ángel López ; Santos-Vijande, María Leticia",2015,Journal of Marketing Channels,Taylor & Francis,Journal of Marketing Channels,10.1080/1046669x.2015.1071592,109474423,,Y,M0633,in_pool,,missing,not_read,,,501,ebsco_record_range=501-550
P0502,Innovation Performance in New Product Development Teams in China's Technology Ventures: The Role of Behavioral Integration Dimensions and Collective Efficacy.,"Liu, Jingjiang ; Chen, Jiyao ; Tao, Yi",2015,Journal of Product Innovation Management,Wiley,Journal of Product Innovation Management,10.1111/jpim.12177,99710828,,Y,M0640,in_pool,,missing,not_read,,,502,ebsco_record_range=501-550
P0503,"Is My Boss Really Listening to Me? The Impact of Perceived Supervisor Listening on Emotional Exhaustion, Turnover Intention, and Organizational Citizenship Behavior.","Lloyd, Karina ; Boer, Diana ; Keller, Joshua ; Voelpel, Sven",2015,Journal of Business Ethics,Springer,Journal of Business Ethics,10.1007/s10551-014-2242-4,109016178,,Y,M0632,in_pool,,missing,not_read,,,503,ebsco_record_range=501-550
P0504,Opening the Black Box of Upper Echelons in China: TMT Attributes and Strategic Flexibility.,"Wang, Tang ; Libaers, Dirk ; Jiao, Hao",2015,Journal of Product Innovation Management,Wiley,Journal of Product Innovation Management,10.1111/jpim.12152,108541953,,Y,M0627,in_pool,,missing,not_read,,,504,ebsco_record_range=501-550
P0505,Organizational Inducements and Employee Citizenship Behavior: The Mediating Role of Perceived Insider Status and the Moderating Role of Collectivism.,"Hui, Chun ; Lee, Cynthia ; Wang, Hui",2015,Human Resource Management,Wiley,Human Resource Management,10.1002/hrm.21620,103801781,,Y,M0593,in_pool,,missing,not_read,,,505,ebsco_record_range=451-500
P0506,"Personal Motives, Moral Disengagement, and Unethical Decisions by Entrepreneurs: Cognitive Mechanisms on the 'Slippery Slope'.","Baron, Robert ; Zhao, Hao ; Miao, Qing",2015,Journal of Business Ethics,Springer,Journal of Business Ethics,10.1007/s10551-014-2078-y,102012560,,Y,M0648,in_pool,,missing,not_read,,,506,ebsco_record_range=501-550
P0507,Pro-Environmental Change and Short- to Mid-Term Economic Performance: The Mediating Effect of Organisational Design Change.,"Rivera-Torres, Pilar ; Garcés-Ayerbe, Concepción ; Scarpellini, Sabina ; Valero-Gil, Jesús",2015,Organization & Environment,SAGE,Organization & Environment,10.1177/1086026615603867,115449685,,Y,M0473,in_pool,,missing,not_read,,,507,ebsco_record_range=301-350
P0508,Salesperson–brand relationship: main dimensions and impact within the context of private brand retailing.,"Michel, Géraldine ; Merk, Michaela ; Eroglu, Sevgin",2015,Journal of Personal Selling & Sales Management,Taylor & Francis,Journal of Personal Selling & Sales Management,10.1080/08853134.2015.1110937,111729167,,Y,M0634,in_pool,,missing,not_read,,,508,ebsco_record_range=501-550
P0509,"Work–family conflict, emotional exhaustion, and displaced aggression toward others: The moderating roles of workplace interpersonal conflict and perceived managerial family support.","Liu, Yihao ; Wang, Mo ; Chang, Chu-Hsiang ; Shi, Junqi ; Zhou, Le ; Shao, Ruodan",2015,Journal of Applied Psychology,APA/PSYC,Journal of Applied Psychology,10.1037/a0038387,2014-56223-001,,Y,M0677,in_pool,,missing,not_read,,,509,ebsco_record_range=551-570
P0510,Antecedents of Business Opportunity Identification and Innovation: Investigating the Interplay of Information Processing and Information Acquisition.,"Gielnik, Michael M. ; Krämer, Anne‐Christin ; Kappel, Britta ; Frese, Michael",2014,Applied Psychology: An International Review,Wiley,Applied Psychology: An International Review,10.1111/j.1464-0597.2012.00528.x,94396605,,Y,M0512,in_pool,,missing,not_read,,,510,ebsco_record_range=351-400
P0511,Are emotional labour strategies by nurses associated with psychological costs? A cross-sectional survey.,"Schmidt, Klaus-Helmut ; Diestel, Stefan",2014,International Journal of Nursing Studies,Elsevier,International Journal of Nursing Studies,10.1016/j.ijnurstu.2014.03.003,103894947,,Y,M0594,in_pool,,missing,not_read,,,511,ebsco_record_range=451-500
P0512,BEYOND BEING THERE: THE SYMBOLIC ROLE OF COMMUNICATION AND IDENTIFICATION IN PERCEPTIONS OF PROXIMITY TO GEOGRAPHICALLY DISPERSED COLLEAGUES1.,"Boyer O’Leary, Michael ; Wilson, Jeanne M. ; Metiu, Anca",2014,MIS Quarterly,NA,MIS Quarterly,,99315404,,Y,M0476,in_pool,,missing,not_read,,,512,ebsco_record_range=301-350
P0513,Can small firms gain relational advantage? Exploring strategic choice and trustworthiness signals in supply chain relationships.,"Jones, Stephen L. ; Fawcett, Stanley E. ; Wallin, Cynthia ; Fawcett, Amydee M. ; Brewer, Barry L.",2014,International Journal of Production Research,Taylor & Francis,International Journal of Production Research,10.1080/00207543.2014.915068,97508529,,Y,M0647,in_pool,,missing,not_read,,,513,ebsco_record_range=501-550
P0514,Conceptual and empirical confounds in the organizational sciences: An explication and discussion.,"Martinko, Mark J. ; Harvey, Paul ; Mackey, Jeremy D.",2014,"Journal of Organizational Behavior (John Wiley & Sons, Inc.)",Wiley,"Journal of Organizational Behavior (John Wiley & Sons, Inc.)",10.1002/job.1961,99456497,,Y,M0664,in_pool,,missing,not_read,,,514,ebsco_record_range=501-550
P0515,"CONTRIBUTION BEHAVIOR IN VIRTUAL COMMUNITIES: COGNITIVE, EMOTIONAL, AND SOCIAL INFLUENCES.","Hsien-Tung Tsai ; Bagozzi, Richard P.",2014,MIS Quarterly,NA,MIS Quarterly,,94003353,,Y,M0486,in_pool,,missing,not_read,,,515,ebsco_record_range=351-400
P0516,Decision Aid Influences on Factors Associated with Patient Empowerment prior to Cancer Treatment Decision Making.,"Alden, Dana L.",2014,Medical Decision Making,SAGE,Medical Decision Making,10.1177/0272989x14536780,103898334,,Y,M0595,in_pool,,missing,not_read,,,516,ebsco_record_range=451-500
P0517,Entrepreneurial team locus of control: diversity and trust.,"Khan, Mohammad Saud ; Breitenecker, Robert J. ; Schwarz, Erich J.",2014,Management Decision,Emerald,Management Decision,10.1108/md-06-2013-0349,99128195,,Y,M0665,in_pool,,missing,not_read,,,517,ebsco_record_range=501-550
P0518,Footprints in the Sands of Time: A Comparative Analysis of the Effectiveness of Customer Satisfaction and Customer-Company Identification over Time.,"Haumann, Till ; Quaiser, Benjamin ; Wieseke, Jan ; Rese, Mario",2014,Journal of Marketing,NA,Journal of Marketing,10.1509/jm.13.0509,99329192,,Y,M0477,in_pool,,missing,not_read,,,518,ebsco_record_range=301-350
P0519,Individual and contextual determinants of innovative work behaviour: Proactive goal generation matters.,"Montani, Francesco ; Odoardi, Carlo ; Battistelli, Adalgisa",2014,Journal of Occupational & Organizational Psychology,Wiley,Journal of Occupational & Organizational Psychology,10.1111/joop.12066,98922886,,Y,M0489,in_pool,,missing,not_read,,,519,ebsco_record_range=351-400
P0520,Job design under lean manufacturing and the quality of working life: a job demands and resources perspective.,"Cullinane, Sarah-Jane ; Bosak, Janine ; Flood, Patrick C. ; Demerouti, Evangelia",2014,International Journal of Human Resource Management,Taylor & Francis,International Journal of Human Resource Management,10.1080/09585192.2014.948899,99282767,,Y,M0639,in_pool,,missing,not_read,,,520,ebsco_record_range=501-550
P0521,Never Forget Where You're Coming from: The Role of Existing Products in Adoptions of Substituting Technologies.,"Gerlach, Jin ; Stock, Ruth M. ; Buxmann, Peter",2014,Journal of Product Innovation Management,Wiley,Journal of Product Innovation Management,10.1111/jpim.12197,98899593,,Y,M0641,in_pool,,missing,not_read,,,521,ebsco_record_range=501-550
P0522,Presenteeism and health over time among Chinese employees: The moderating role of self-efficacy.,"Lu, Luo ; Peng, Si-Qing ; Lin, Hui Yen ; Cooper, Cary L.",2014,Work & Stress,Taylor & Francis,Work & Stress,10.1080/02678373.2014.909904,95807369,,Y,M0511,in_pool,,missing,not_read,,,522,ebsco_record_range=351-400
P0523,ROLE CONFLICT AND THE BUFFERING EFFECT OF PROACTIVE PERSONALITY AMONG MIDDLE MANAGERS.,YULAN HAN ; MIN WANG ; LINPING DONG,2014,Social Behavior & Personality: an international journal,NA,Social Behavior & Personality: an international journal,10.2224/sbp.2014.42.3.473,95542370,,Y,M0510,in_pool,,missing,not_read,,,523,ebsco_record_range=351-400
P0524,Security services as coping mechanisms: an investigation into user intention to adopt an email authentication service.,"Herath, Tejaswini ; Chen, Rui ; Wang, Jingguo ; Banjara, Ketan ; Wilbur, Jeff ; Rao, H. Raghav",2014,Information Systems Journal,Wiley,Information Systems Journal,10.1111/j.1365-2575.2012.00420.x,92765061,,Y,M0655,in_pool,,missing,not_read,,,524,ebsco_record_range=501-550
P0525,The Effectiveness of Recruitment Advertisements and Recruitment Websites: Indirect and Interactive Effects on Applicant Attraction.,"Baum, Matthias ; Kabst, Rüdiger",2014,Human Resource Management,Wiley,Human Resource Management,10.1002/hrm.21571,103948868,,Y,M0596,in_pool,,missing,not_read,,,525,ebsco_record_range=451-500
P0526,TRANSFORMATIONAL LEADERSHIP AND AGENCY WORKERS' ORGANIZATIONAL COMMITMENT: THE MEDIATING EFFECT OF ORGANIZATIONAL JUSTICE AND JOB CHARACTERISTICS.,XUELI WANG ; LIN MA ; MIAN ZHANG,2014,Social Behavior & Personality: an international journal,NA,Social Behavior & Personality: an international journal,10.2224/sbp.2014.42.1.25,94509313,,Y,M0513,in_pool,,missing,not_read,,,526,ebsco_record_range=351-400
P0527,What Have I Done to Deserve This? Effects of Employee Personality and Emotion on Abusive Supervision.,"Henle, Christine ; Gross, Michael",2014,Journal of Business Ethics,Springer,Journal of Business Ethics,10.1007/s10551-013-1771-6,96797280,,Y,M0643,in_pool,,missing,not_read,,,527,ebsco_record_range=501-550
P0528,Work values and work engagement within teams: The mediating role of need satisfaction.,"Schreurs, Bert ; van Emmerik, IJ. Hetty ; Van den Broeck, Anja ; Guenter, Hannes",2014,"Group Dynamics: Theory, Research, and Practice",APA/PSYC,"Group Dynamics: Theory, Research, and Practice",10.1037/gdn0000009,2014-33190-001,,Y,M0678,in_pool,,missing,not_read,,,528,ebsco_record_range=551-570
P0529,Acculturation and Individualism as Predictors of Work-Family Conflict in a Diverse Workforce.,"Olson, Kristine J. ; Huffman, Ann H. ; Leiva, Pedro I. ; Culbertson, Satoris S.",2013,Human Resource Management,Wiley,Human Resource Management,10.1002/hrm.21559,104235642,,Y,M0605,in_pool,,missing,not_read,,,529,ebsco_record_range=451-500
P0530,An Exploration of the Research/Teaching Trade-off in the Perception of Business Students An Exploration of the Research/Teaching Trade-off in the Perception of Business Students.,"Giangreco, Antonio ; Goethals, Frank ; Maes, Johan",2013,European Management Review,Wiley,European Management Review,10.1111/emre.12009,88799959,,Y,M0659,in_pool,,missing,not_read,,,530,ebsco_record_range=501-550
P0531,"Cross-level interactions of individual trait positive affect, group trait positive affect, and group positive affect diversity.","Kim, Sun Young ; Shin, Yuhyung ; Kim, Min Soo",2013,Asian Journal of Social Psychology,Wiley,Asian Journal of Social Psychology,10.1111/ajsp.12008,88979756,,Y,M0514,in_pool,,missing,not_read,,,531,ebsco_record_range=351-400
P0532,Determinants of job satisfaction for salaried and self-employed professionals in Finland.,"Hytti, Ulla ; Kautonen, Teemu ; Akola, Elisa",2013,International Journal of Human Resource Management,Taylor & Francis,International Journal of Human Resource Management,10.1080/09585192.2012.723023,87350894,,Y,M0651,in_pool,,missing,not_read,,,532,ebsco_record_range=501-550
P0533,Distinguishing between the Roles of Customer-Oriented Selling and Adaptive Selling in Managing Dysfunctional Conflict in Buyer-Seller Relationships.,"Chakrabarty, Subhra ; Brown, Gene ; Widing, Robert E.",2013,Journal of Personal Selling & Sales Management,NA,Journal of Personal Selling & Sales Management,10.2753/pss0885-3134330301,88834636,,Y,M0661,in_pool,,missing,not_read,,,533,ebsco_record_range=501-550
P0534,Explaining Emotional Labor's Relationships with Emotional Exhaustion and Life Satisfaction: Moderating Role of Perceived Autonomy.,"GOPALAN, NEENA ; CULBERTSON, SATORIS S. ; LEIVA, PEDRO IGNACIO",2013,Universitas Psychologica,NA,Universitas Psychologica,10.11144/javeriana.upsy12-2.eelr,92658131,,Y,M0515,in_pool,,missing,not_read,,,534,ebsco_record_range=351-400
P0535,How and when organizational integration efforts matter in South Korea: a psychological process perspective on the post-merger integration.,"Lee, Dongseop ; Kim, Kwanghyun ; Kim, TaiGyu ; Kwon, Seungwoo ; Cho, Bongsoon",2013,International Journal of Human Resource Management,Taylor & Francis,International Journal of Human Resource Management,10.1080/09585192.2012.743474,85318527,,Y,M0652,in_pool,,missing,not_read,,,535,ebsco_record_range=501-550
P0536,Measuring CSR Image: Three Studies to Develop and to Validate a Reliable Measurement Tool.,"Pérez, Andrea ; Rodríguez del Bosque, Ignacio",2013,Journal of Business Ethics,Springer,Journal of Business Ethics,10.1007/s10551-012-1588-8,92506998,,Y,M0656,in_pool,,missing,not_read,,,536,ebsco_record_range=501-550
P0537,Organizational Support for Action Learning in South Korean Organizations.,"Cho, Yonjoo ; Egan, Toby",2013,Human Resource Development Quarterly,Wiley,Human Resource Development Quarterly,10.1002/hrdq.21154,88228957,,Y,M0658,in_pool,,missing,not_read,,,537,ebsco_record_range=501-550
P0538,The effects of family-friendly practices and gender discrimination on job attitudes: the moderating role of supervisor support.,"Kim, Hyondong ; Lee, Jong-Keon ; Sung, Sanghyeon",2013,International Journal of Human Resource Management,Taylor & Francis,International Journal of Human Resource Management,10.1080/09585192.2013.789442,90492969,,Y,M0650,in_pool,,missing,not_read,,,538,ebsco_record_range=501-550
P0539,A Manager's Perspective on Virtual Customer Integration for New Product Development.,"Bartl, Michael ; Füller, Johann ; Mühlbacher, Hans ; Ernst, Holger",2012,Journal of Product Innovation Management,Wiley,Journal of Product Innovation Management,10.1111/j.1540-5885.2012.00946.x,82504169,,Y,M0653,in_pool,,missing,not_read,,,539,ebsco_record_range=501-550
P0540,An Analysis of Three SERVQUAL Variations in Measuring Information System Service Quality.,"Jiang, James J. ; Klein, Gary ; Parolia, Neeraj ; Yuzhu Li",2012,Electronic Journal of Information Systems Evaluation,NA,Electronic Journal of Information Systems Evaluation,,87403882,,Y,M0660,in_pool,,missing,not_read,,,540,ebsco_record_range=501-550
P0541,ASSESSING COMMON METHOD BIAS: PROBLEMS WITH THE ULMC TECHNIQUE.,"Chin, Wynne W.; Thatcher, Jason Bennett; Wright, Ryan T.;",2012,MIS Quarterly,NA,MIS Quarterly,10.2307/41703491,78164866,,Y,M0693,in_pool,,missing,not_read,,,541,
P0542,High-involvement work practices and environmental capabilities: How HIWPS create environmentally based sustainable competitive advantages.,"Martínez-del-Río, Javier ; Céspedes-Lorente, José ; Carmona-Moreno, Eva",2012,Human Resource Management,Wiley,Human Resource Management,10.1002/hrm.21505,104406652,,Y,M0606,in_pool,,missing,not_read,,,542,ebsco_record_range=451-500
P0543,Leveraging Information Technology Infrastructure to Facilitate a Firm's Customer Agility and Competitive Activity: An Empirical Investigation.,"Roberts, Nicholas ; Grover, Varun",2012,Journal of Management Information Systems,NA,Journal of Management Information Systems,10.2753/mis0742-1222280409,74981421,,Y,M0649,in_pool,,missing,not_read,,,543,ebsco_record_range=501-550
P0544,Perceived marketing-sales relationship effectiveness: a matter of justice.,"Hulland, John ; Nenkov, Gergana ; Barclay, Donald",2012,Journal of the Academy of Marketing Science,Springer,Journal of the Academy of Marketing Science,10.1007/s11747-011-0257-2,73521856,,Y,M0654,in_pool,,missing,not_read,,,544,ebsco_record_range=501-550
P0545,Separate or Integrate? Assessing the Impact of Separation Between Product and Service Business on Service Performance in Product Manufacturing Firms.,"Oliva, Rogelio ; Gebauer, Heiko ; Brann, JeremyM.",2012,Journal of Business-to-Business Marketing,Taylor & Francis,Journal of Business-to-Business Marketing,10.1080/1051712x.2012.647797,84139794,,Y,M0657,in_pool,,missing,not_read,,,545,ebsco_record_range=501-550
P0546,Social Media's Influence on Business-To-Business Sales Performance.,"Rodriguez, Michael ; Peterson, Robert M. ; Krishnan, Vijaykumar",2012,Journal of Personal Selling & Sales Management,NA,Journal of Personal Selling & Sales Management,10.2753/pss0885-3134320306,78110794,,Y,M0662,in_pool,,missing,not_read,,,546,ebsco_record_range=501-550
P0547,THE EFFECTIVENESS OF ONLINE SHOPPING CHARACTERISTICS AND WELL-DESIGNED WEBSITES ON SATISFACTION.,Jifeng Luo ; Sulin Ba ; Han Zhang,2012,MIS Quarterly,NA,MIS Quarterly,10.2307/41703501,83465931,,Y,M0487,in_pool,,missing,not_read,,,547,ebsco_record_range=351-400
P0548,"The Love of Money, Pay Satisfaction and Academic Tenure: Professors in a Public Institution of Higher Education.","Tang, Thomas Li-Ping ; Tang, Theresa Li-Na",2012,Public Personnel Management,SAGE,Public Personnel Management,10.1177/009102601204100106,108180010,,Y,M0607,in_pool,,missing,not_read,,,548,ebsco_record_range=451-500
P0549,,,,,NA,,,,,N,,pool_gap,export_gap_251_300,missing,not_in_master,,,549,EBSCO export positions 251-300 not yet downloaded; merge after import
P0550,,,,,NA,,,,,N,,pool_gap,export_gap_251_300,missing,not_in_master,,,550,EBSCO export positions 251-300 not yet downloaded; merge after import
P0551,,,,,NA,,,,,N,,pool_gap,export_gap_251_300,missing,not_in_master,,,551,EBSCO export positions 251-300 not yet downloaded; merge after import
P0552,,,,,NA,,,,,N,,pool_gap,export_gap_251_300,missing,not_in_master,,,552,EBSCO export positions 251-300 not yet downloaded; merge after import
P0553,,,,,NA,,,,,N,,pool_gap,export_gap_251_300,missing,not_in_master,,,553,EBSCO export positions 251-300 not yet downloaded; merge after import
P0554,,,,,NA,,,,,N,,pool_gap,export_gap_251_300,missing,not_in_master,,,554,EBSCO export positions 251-300 not yet downloaded; merge after import
P0555,,,,,NA,,,,,N,,pool_gap,export_gap_251_300,missing,not_in_master,,,555,EBSCO export positions 251-300 not yet downloaded; merge after import
P0556,,,,,NA,,,,,N,,pool_gap,export_gap_251_300,missing,not_in_master,,,556,EBSCO export positions 251-300 not yet downloaded; merge after import
P0557,,,,,NA,,,,,N,,pool_gap,export_gap_251_300,missing,not_in_master,,,557,EBSCO export positions 251-300 not yet downloaded; merge after import
P0558,,,,,NA,,,,,N,,pool_gap,export_gap_251_300,missing,not_in_master,,,558,EBSCO export positions 251-300 not yet downloaded; merge after import
P0559,,,,,NA,,,,,N,,pool_gap,export_gap_251_300,missing,not_in_master,,,559,EBSCO export positions 251-300 not yet downloaded; merge after import
P0560,,,,,NA,,,,,N,,pool_gap,export_gap_251_300,missing,not_in_master,,,560,EBSCO export positions 251-300 not yet downloaded; merge after import
P0561,,,,,NA,,,,,N,,pool_gap,export_gap_251_300,missing,not_in_master,,,561,EBSCO export positions 251-300 not yet downloaded; merge after import
P0562,,,,,NA,,,,,N,,pool_gap,export_gap_251_300,missing,not_in_master,,,562,EBSCO export positions 251-300 not yet downloaded; merge after import
P0563,,,,,NA,,,,,N,,pool_gap,export_gap_251_300,missing,not_in_master,,,563,EBSCO export positions 251-300 not yet downloaded; merge after import
P0564,,,,,NA,,,,,N,,pool_gap,export_gap_251_300,missing,not_in_master,,,564,EBSCO export positions 251-300 not yet downloaded; merge after import
P0565,,,,,NA,,,,,N,,pool_gap,export_gap_251_300,missing,not_in_master,,,565,EBSCO export positions 251-300 not yet downloaded; merge after import
P0566,,,,,NA,,,,,N,,pool_gap,export_gap_251_300,missing,not_in_master,,,566,EBSCO export positions 251-300 not yet downloaded; merge after import
P0567,,,,,NA,,,,,N,,pool_gap,export_gap_251_300,missing,not_in_master,,,567,EBSCO export positions 251-300 not yet downloaded; merge after import
P0568,,,,,NA,,,,,N,,pool_gap,export_gap_251_300,missing,not_in_master,,,568,EBSCO export positions 251-300 not yet downloaded; merge after import
P0569,,,,,NA,,,,,N,,pool_gap,export_gap_251_300,missing,not_in_master,,,569,EBSCO export positions 251-300 not yet downloaded; merge after import
P0570,,,,,NA,,,,,N,,pool_gap,export_gap_251_300,missing,not_in_master,,,570,EBSCO export positions 251-300 not yet downloaded; merge after import
